season,fantasy_player_id,fantasy_player_name,team,targets,receptions,rec_yards,rec_td,air_yards,yac,adot,ypr,ypt,yac_per_rec,team_targets,target_share,wr_rush_att,wr_rush_yards,wr_rush_td,position,fp,games
1999,00-0000145,D.Alexander,KC,97,53,814,2,0,0,0,15.35849057,8.391752577,0,439,0.22095672,2,82,1,WR,160.6000012,14
1999,00-0000387,R.Anthony,TB,60,30,296,1,0,0,0,9.866666667,4.933333333,0,413,0.14527845,1,2,0,WR,65.80000074,11
1999,00-0000422,J.Armour,BAL,73,31,440,4,0,0,0,14.19354839,6.02739726,0,450,0.162222222,0,0,0,WR,99,11
1999,00-0001317,W.Blackwell,PIT,36,20,186,0,0,0,0,9.3,5.166666667,0,488,0.073770492,0,0,0,WR,38.60000038,9
1999,00-0001532,D.Boston,ARI,72,36,421,2,0,0,0,11.69444444,5.847222222,0,484,0.148760331,5,0,0,WR,90.10000143,13
1999,00-0001627,C.Bradford,GB,85,34,596,5,0,0,0,17.52941176,7.011764706,0,551,0.154264973,0,0,0,WR,125.6000018,13
1999,00-0001783,V.Brisby,NE,30,17,256,0,0,0,0,15.05882353,8.533333333,0,494,0.060728745,0,0,0,WR,42.60000074,9
1999,00-0002005,N.Brown,PHI,31,15,162,1,0,3,0,10.8,5.225806452,0.2,427,0.072599532,0,0,0,WR,37.20000017,6
1999,00-0002058,T.Brown,OAK,132,84,1222,6,0,13,0,14.54761905,9.257575758,0.154761905,0,0,1,4,0,WR,242.6000032,15
1999,00-0002068,T.Brown,NE,51,31,452,1,0,0,0,14.58064516,8.862745098,0,494,0.103238866,0,0,0,WR,82.20000082,11
1999,00-0002099,I.Bruce,STL,107,69,1073,11,0,31,0,15.55072464,10.02803738,0.449275362,0,0,5,32,0,WR,247.5000048,14
1999,00-0002544,C.Calloway,ATL,43,22,314,1,0,11,0,14.27272727,7.302325581,0.5,448,0.095982143,0,0,0,WR,59.40000105,10
1999,00-0002721,C.Carter,MIN,132,87,1187,13,0,78,0,13.64367816,8.992424242,0.896551724,490,0.269387755,0,0,0,WR,283.7000011,14
1999,00-0002942,D.Chiaverini,CLE,76,44,487,4,0,7,0,11.06818182,6.407894737,0.159090909,475,0.16,0,0,0,WR,116.7000005,10
1999,00-0002962,W.Chrebet,NYJ,73,43,543,3,0,0,0,12.62790698,7.438356164,0,439,0.166287016,0,0,0,WR,115.3000013,10
1999,00-0003378,A.Connell,WAS,121,62,1132,7,0,0,0,18.25806452,9.355371901,0,501,0.241516966,1,8,0,WR,218.000001,15
1999,00-0003396,C.Conway,CHI,79,44,426,4,0,3,0,9.681818182,5.392405063,0.068181818,634,0.124605678,1,-2,0,WR,110.4000007,9
1999,00-0003700,G.Crowell,DET,136,73,1213,7,0,7,0,16.61643836,8.919117647,0.095890411,499,0.27254509,5,38,0,WR,242.1000036,15
1999,00-0004077,S.Dawkins,SEA,104,54,926,7,0,0,0,17.14814815,8.903846154,0,461,0.225596529,0,0,0,WR,188.6000038,15
1999,00-0004673,T.Dwight,ATL,41,25,507,5,0,0,0,20.28,12.36585366,0,448,0.091517857,5,28,1,WR,114.5000007,9
1999,00-0004694,K.Dyson,TEN,99,52,624,4,0,0,0,12,6.303030303,0,496,0.199596774,1,3,0,WR,138.7000019,15
1999,00-0004780,T.Edwards,PIT,113,58,687,5,0,6,0,11.84482759,6.079646018,0.103448276,488,0.231557377,0,0,0,WR,156.6999993,14
1999,00-0004888,B.Emanuel,TB,50,21,216,1,0,0,0,10.28571429,4.32,0,413,0.121065375,0,0,0,WR,48.5999999,9
1999,00-0004915,B.Engram,CHI,140,85,915,4,0,84,0,10.76470588,6.535714286,0.988235294,634,0.220820189,2,11,0,WR,201.6000016,15
1999,00-0005562,A.Freeman,GB,131,73,1028,6,0,-1,0,14.08219178,7.847328244,-0.01369863,551,0.237749546,1,-2,0,WR,211.6000015,14
1999,00-0005616,I.Fryar,WAS,44,25,224,1,0,0,0,8.96,5.090909091,0,501,0.087824351,0,0,0,WR,53.39999998,11
1999,00-0005668,O.Gadsden,MIA,77,39,689,5,0,0,0,17.66666667,8.948051948,0,520,0.148076923,0,0,0,WR,137.9000021,13
1999,00-0005720,J.Galloway,SEA,46,21,318,1,0,0,0,15.14285714,6.913043478,0,461,0.09978308,1,-1,0,WR,58.70000162,7
1999,00-0006043,T.Glenn,NE,115,69,1147,4,0,0,0,16.62318841,9.973913043,0,494,0.232793522,0,0,0,WR,207.7000021,13
1999,00-0006210,J.Graham,SD,105,51,866,2,0,0,0,16.98039216,8.247619048,0,0,0,0,0,0,WR,149.6000017,13
1999,00-0006322,E.Green,IND,41,20,283,0,0,0,0,14.15,6.902439024,0,505,0.081188119,0,0,0,WR,48.30000007,7
1999,00-0006331,J.Green,TB,86,46,678,3,0,0,0,14.73913043,7.88372093,0,413,0.208232446,3,8,0,WR,132.6000033,15
1999,00-0006359,Y.Green,MIA,30,17,221,0,0,0,0,13,7.366666667,0,520,0.057692308,0,0,0,WR,39.10000038,7
1999,00-0006627,A.Hakim,STL,47,29,598,8,0,22,0,20.62068966,12.72340426,0.75862069,0,0,3,13,0,WR,138.1000012,12
1999,00-0007024,M.Harrison,IND,190,111,1612,12,0,0,0,14.52252252,8.484210526,0,505,0.376237624,1,4,0,WR,346.6000052,15
1999,00-0007093,A.Hastings,NO,57,37,514,1,0,14,0,13.89189189,9.01754386,0.378378378,493,0.115618661,1,4,0,WR,94.80000171,14
1999,00-0007120,C.Hawkins,PIT,55,30,285,0,0,1,0,9.5,5.181818182,0.033333333,488,0.112704918,0,0,0,WR,58.50000083,10
1999,00-0007468,I.Hilliard,NYG,115,67,959,3,0,0,0,14.31343284,8.339130435,0,545,0.211009174,3,16,0,WR,182.5000016,15
1999,00-0007681,T.Holt,STL,84,44,630,3,0,35,0,14.31818182,7.5,0.795454545,0,0,3,25,0,WR,127.5000014,13
1999,00-0007744,J.Horn,KC,52,31,524,5,0,0,0,16.90322581,10.07692308,0,439,0.118451025,2,15,0,WR,114.9000005,14
1999,00-0008059,Q.Ismail,BAL,124,59,1009,6,0,0,0,17.10169492,8.137096774,0,450,0.275555556,1,4,0,WR,196.3000018,14
1999,00-0008060,R.Ismail,DAL,121,73,1035,5,0,0,0,14.17808219,8.553719008,0,465,0.260215054,13,110,1,WR,223.5000018,15
1999,00-0008210,W.Jackson,CIN,61,30,362,2,0,0,0,12.06666667,5.93442623,0,510,0.119607843,0,0,0,WR,80.200001,13
1999,00-0008300,P.Jeffers,CAR,86,56,917,10,0,19,0,16.375,10.6627907,0.339285714,524,0.164122137,1,-7,0,WR,207.0000022,12
1999,00-0008313,S.Jefferson,NE,72,39,688,6,0,0,0,17.64102564,9.555555556,0,494,0.145748988,0,0,0,WR,143.8000014,14
1999,00-0008400,J.Jett,OAK,79,39,552,2,0,11,0,14.15384615,6.987341772,0.282051282,0,0,0,0,0,WR,108.200001,15
1999,00-0008454,C.Johnson,PHI,72,34,414,1,0,8,0,12.17647059,5.75,0.235294118,427,0.168618267,0,0,0,WR,81.40000141,9
1999,00-0008560,K.Johnson,CLE,137,66,986,8,0,9,0,14.93939394,7.197080292,0.136363636,475,0.288421053,1,-6,0,WR,212.0000018,16
1999,00-0008561,K.Johnson,NYJ,142,86,1150,8,0,0,0,13.37209302,8.098591549,0,439,0.323462415,5,6,0,WR,249.6000017,15
1999,00-0008598,P.Johnson,BAL,47,20,412,3,0,0,0,20.6,8.765957447,0,450,0.104444444,1,12,0,WR,80.40000212,8
1999,00-0008962,J.Jurevicius,NYG,37,15,232,1,0,0,0,15.46666667,6.27027027,0,545,0.067889908,0,0,0,WR,44.20000112,10
1999,00-0009163,E.Kennison,NO,120,55,791,3,0,5,0,14.38181818,6.591666667,0.090909091,493,0.243407708,3,20,0,WR,156.1000015,15
1999,00-0009869,J.Lewis,BAL,54,25,281,2,0,0,0,11.24,5.203703704,0,450,0.12,5,11,0,WR,66.20000005,11
1999,00-0010007,K.Lockett,KC,54,31,357,1,0,0,0,11.51612903,6.611111111,0,439,0.123006834,0,0,0,WR,72.70000052,13
1999,00-0010477,T.Martin,MIA,117,67,1037,5,0,0,0,15.47761194,8.863247863,0,520,0.225,1,-6,0,WR,200.1000018,15
1999,00-0010539,T.Mathis,ATL,142,76,947,5,0,0,0,12.46052632,6.669014085,0,448,0.316964286,1,0,0,WR,200.7000039,15
1999,00-0010599,D.Mayes,SEA,96,57,765,10,0,0,0,13.42105263,7.96875,0,461,0.20824295,0,0,0,WR,193.5000018,14
1999,00-0010650,E.McCaffrey,DEN,110,65,964,7,0,0,0,14.83076923,8.763636364,0,488,0.225409836,0,0,0,WR,203.4000033,14
1999,00-0010668,K.McCardell,JAX,135,69,783,4,0,0,0,11.34782609,5.8,0,490,0.275510204,0,0,0,WR,173.3000015,15
1999,00-0010824,O.McDuffie,MIA,80,43,516,2,0,0,0,12,6.45,0,520,0.153846154,0,0,0,WR,106.6000011,12
1999,00-0011187,T.Mickens,OAK,37,18,235,0,0,2,0,13.05555556,6.351351351,0.111111111,0,0,0,0,0,WR,41.50000072,11
1999,00-0011328,E.Mills,DAL,53,30,325,0,0,0,0,10.83333333,6.132075472,0,465,0.113978495,1,-1,0,WR,62.40000119,11
1999,00-0011601,R.Moore,ARI,87,31,501,5,0,0,0,16.16129032,5.75862069,0,484,0.179752066,0,0,0,WR,111.1000021,11
1999,00-0011727,J.Morton,DET,118,70,1001,3,0,42,0,14.3,8.483050847,0.6,499,0.236472946,0,0,0,WR,188.1000018,14
1999,00-0011754,R.Moss,MIN,129,75,1258,10,0,50,0,16.77333333,9.751937984,0.666666667,490,0.263265306,4,43,0,WR,270.1800038,15
1999,00-0011770,E.Moulds,BUF,104,57,884,7,0,42,0,15.50877193,8.5,0.736842105,474,0.219409283,1,1,0,WR,187.5000011,13
1999,00-0011795,M.Muhammad,CAR,145,90,1208,7,0,29,0,13.42222222,8.331034483,0.322222222,524,0.276717557,0,0,0,WR,252.8000019,14
1999,00-0012478,T.Owens,SF,92,55,723,3,0,0,0,13.14545455,7.858695652,0,513,0.179337232,0,0,0,WR,145.3000017,13
1999,00-0012637,J.Pathon,IND,32,14,163,0,0,0,0,11.64285714,5.09375,0,505,0.063366337,0,0,0,WR,30.30000055,6
1999,00-0012764,C.Penn,SD,38,17,257,1,0,0,0,15.11764706,6.763157895,0,0,0,0,0,0,WR,48.70000052,9
1999,00-0012953,C.Pickens,CIN,102,54,706,6,0,0,0,13.07407407,6.921568627,0,510,0.2,0,0,0,WR,160.8400014,15
1999,00-0013097,K.Poole,NO,73,36,692,6,0,36,0,19.22222222,9.479452055,1,493,0.148073022,0,0,0,WR,141.2000018,14
1999,00-0013232,P.Price,BUF,67,29,362,2,0,8,0,12.48275862,5.402985075,0.275862069,474,0.141350211,1,-7,0,WR,76.50000054,11
1999,00-0013258,M.Pritchard,SEA,47,25,363,2,0,0,0,14.52,7.723404255,0,461,0.101952278,0,0,0,WR,73.30000138,11
1999,00-0013268,R.Proehl,STL,38,26,264,0,0,1,0,10.15384615,6.947368421,0.038461538,0,0,0,0,0,WR,52.40000015,10
1999,00-0013499,A.Reed,BUF,87,47,513,1,0,12,0,10.91489362,5.896551724,0.255319149,474,0.183544304,0,0,0,WR,104.3000008,13
1999,00-0013512,J.Reed,MIN,76,43,630,2,0,0,0,14.65116279,8.289473684,0,490,0.155102041,0,0,0,WR,118.0000023,12
1999,00-0013639,J.Rice,SF,115,61,687,5,0,22,0,11.26229508,5.973913043,0.360655738,513,0.22417154,2,13,0,WR,161.0000016,15
1999,00-0013712,M.Ricks,SD,71,38,409,0,0,0,0,10.76315789,5.76056338,0,0,0,2,11,0,WR,82.0000008,14
1999,00-0013770,A.Rison,KC,42,19,198,0,0,0,0,10.42105263,4.714285714,0,439,0.095671982,0,0,0,WR,38.79999983,11
1999,00-0013888,M.Robinson,CHI,136,77,1316,9,0,185,0,17.09090909,9.676470588,2.402597403,634,0.214511041,0,0,0,WR,262.6000054,15
1999,00-0014319,C.Sanders,TEN,45,19,333,1,0,4,0,17.52631579,7.4,0.210526316,496,0.090725806,0,0,0,WR,58.30000007,9
1999,00-0014328,F.Sanders,ARI,134,66,836,0,0,0,0,12.66666667,6.23880597,0,484,0.276859504,0,0,0,WR,149.6000022,14
1999,00-0014489,B.Schroeder,GB,115,68,958,3,0,0,0,14.08823529,8.330434783,0,551,0.208711434,0,0,0,WR,181.800001,15
1999,00-0014544,D.Scott,CIN,119,66,1001,7,0,0,0,15.16666667,8.411764706,0,510,0.233333333,0,0,0,WR,208.1000026,14
1999,00-0014729,B.Shaw,PIT,34,21,256,2,0,0,0,12.19047619,7.529411765,0,488,0.069672131,0,0,0,WR,58.6000011,7
1999,00-0014790,L.Shepherd,CLE,58,23,274,0,0,0,0,11.91304348,4.724137931,0,475,0.122105263,1,5,0,WR,50.90000141,9
1999,00-0014918,T.Simmons,NE,33,19,276,2,0,0,0,14.52631579,8.363636364,0,494,0.066801619,0,0,0,WR,58.60000074,7
1999,00-0015063,T.Small,PHI,87,43,557,3,0,2,0,12.95348837,6.402298851,0.046511628,427,0.203747073,0,0,0,WR,116.700002,13
1999,00-0015218,J.Smith,JAX,159,102,1471,6,0,0,0,14.42156863,9.251572327,0,490,0.324489796,0,0,0,WR,287.1000041,15
1999,00-0015290,R.Smith,DEN,123,70,914,4,0,0,0,13.05714286,7.430894309,0,488,0.25204918,0,0,0,WR,185.4000025,13
1999,00-0015751,J.Stokes,SF,70,29,299,2,0,30,0,10.31034483,4.271428571,1.034482759,513,0.136452242,0,0,0,WR,70.90000093,14
1999,00-0016214,Y.Thigpen,TEN,63,34,598,4,0,0,0,17.58823529,9.492063492,0,496,0.127016129,0,0,0,WR,117.8000009,9
1999,00-0016550,A.Toomer,NYG,131,77,1148,6,0,0,0,14.90909091,8.763358779,0,545,0.240366972,1,4,0,WR,228.2000019,15
1999,00-0016654,J.Tucker,DAL,38,19,317,1,0,0,0,16.68421053,8.342105263,0,465,0.08172043,1,8,0,WR,57.50000113,10
1999,00-0017160,D.Ward,NYJ,53,21,310,3,0,0,0,14.76190476,5.849056604,0,439,0.120728929,1,-1,0,WR,69.90000071,10
1999,00-0017162,H.Ward,PIT,88,55,570,6,0,32,0,10.36363636,6.477272727,0.581818182,488,0.180327869,2,-2,0,WR,147.8000021,15
1999,00-0017470,M.Westbrook,WAS,110,62,1166,9,0,0,0,18.80645161,10.6,0,501,0.219560878,7,35,0,WR,238.1000036,15
1999,00-0017697,T.Wilkins,IND,60,39,540,4,0,0,0,13.84615385,9,0,505,0.118811881,1,2,0,WR,117.2000019,13
1999,00-0017847,K.Williams,TB,33,21,176,0,0,0,0,8.380952381,5.333333333,0,413,0.079903148,0,0,0,WR,38.60000074,10
1999,00-0017860,K.Williams,BUF,48,29,328,0,0,25,0,11.31034483,6.833333333,0.862068966,474,0.101265823,1,13,0,WR,63.10000157,11
2000,00-0000145,D.Alexander,KC,130,70,1300,10,0,0,0,18.57142857,10,0,511,0.254403131,3,45,0,WR,264.5000032,14
2000,00-0001477,M.Booker,CHI,62,40,411,1,0,0,0,10.275,6.629032258,0,496,0.125,2,-1,0,WR,87.00000089,13
2000,00-0001532,D.Boston,ARI,129,70,1144,7,0,0,0,16.34285714,8.868217054,0,512,0.251953125,2,7,0,WR,227.1000025,15
2000,00-0001842,M.Brooks,CHI,49,26,216,0,0,0,0,8.307692308,4.408163265,0,496,0.098790323,0,0,0,WR,47.60000104,11
2000,00-0002058,T.Brown,OAK,128,73,1110,10,0,0,0,15.20547945,8.671875,0,0,0,3,12,0,WR,245.2000033,15
2000,00-0002068,T.Brown,NE,107,75,842,4,0,0,0,11.22666667,7.869158879,0,517,0.20696325,6,46,0,WR,187.8000014,15
2000,00-0002099,I.Bruce,STL,130,85,1428,9,0,0,0,16.8,10.98461538,0,0,0,1,11,0,WR,282.9000027,15
2000,00-0002469,I.Byrd,CAR,43,22,241,2,0,0,0,10.95454545,5.604651163,0,518,0.083011583,0,0,0,WR,58.10000002,8
2000,00-0002721,C.Carter,MIN,152,92,1186,9,0,0,0,12.89130435,7.802631579,0,458,0.331877729,0,0,0,WR,264.6000017,15
2000,00-0002962,W.Chrebet,NYJ,134,64,840,8,0,0,0,13.125,6.268656716,0,556,0.241007194,3,-3,0,WR,195.7000003,15
2000,00-0003378,A.Connell,WAS,96,38,756,3,0,0,0,19.89473684,7.875,0,514,0.186770428,0,0,0,WR,131.6000025,12
2000,00-0003396,C.Conway,SD,89,47,666,5,0,0,0,14.17021277,7.483146067,0,0,0,3,31,0,WR,146.7000021,12
2000,00-0003700,G.Crowell,DET,65,32,411,3,0,0,0,12.84375,6.323076923,0,456,0.14254386,1,12,0,WR,92.30000192,8
2000,00-0004077,S.Dawkins,SEA,99,61,708,5,0,0,0,11.60655738,7.151515152,0,470,0.210638298,0,0,0,WR,161.8000021,14
2000,00-0004541,D.Driver,GB,40,19,299,1,0,0,0,15.73684211,7.475,0,557,0.071813285,0,0,0,WR,56.90000069,11
2000,00-0004673,T.Dwight,ATL,53,26,406,3,0,0,0,15.61538462,7.660377358,0,471,0.112526539,5,8,0,WR,85.40000098,11
2000,00-0004780,T.Edwards,PIT,43,18,215,0,0,0,0,11.94444444,5,0,397,0.108312343,3,4,0,WR,39.90000044,10
2000,00-0005562,A.Freeman,GB,121,62,912,9,0,0,0,14.70967742,7.537190083,0,557,0.217235189,2,5,0,WR,207.7000022,15
2000,00-0005616,I.Fryar,WAS,71,38,523,4,0,0,0,13.76315789,7.366197183,0,514,0.138132296,0,0,0,WR,114.3000007,13
2000,00-0005668,O.Gadsden,MIA,75,46,710,6,0,0,0,15.43478261,9.466666667,0,348,0.215517241,0,0,0,WR,153.0000021,14
2000,00-0006043,T.Glenn,NE,157,77,922,5,0,0,0,11.97402597,5.872611465,0,517,0.303675048,3,35,0,WR,202.7000012,15
2000,00-0006210,J.Graham,SD,105,50,794,3,0,0,0,15.88,7.561904762,0,0,0,0,0,0,WR,147.4000026,12
2000,00-0006331,J.Green,TB,95,47,723,1,0,0,0,15.38297872,7.610526316,0,381,0.249343832,5,13,0,WR,126.6000018,14
2000,00-0006627,A.Hakim,STL,82,53,731,4,0,0,0,13.79245283,8.914634146,0,0,0,5,19,0,WR,152.000001,15
2000,00-0007024,M.Harrison,IND,153,90,1304,11,0,0,0,14.48888889,8.522875817,0,525,0.291428571,0,0,0,WR,286.4000038,15
2000,00-0007103,M.Hatchette,MIN,33,16,190,2,0,0,0,11.875,5.757575758,0,458,0.072052402,0,0,0,WR,46.99999964,11
2000,00-0007120,C.Hawkins,PIT,32,14,167,0,0,0,0,11.92857143,5.21875,0,397,0.080604534,0,0,0,WR,30.70000052,7
2000,00-0007144,D.Hayes,CAR,103,60,860,3,0,0,0,14.33333333,8.349514563,0,518,0.198841699,0,0,0,WR,164.0000027,14
2000,00-0007468,I.Hilliard,NYG,93,51,736,7,0,0,0,14.43137255,7.913978495,0,474,0.196202532,3,19,0,WR,168.5000018,13
2000,00-0007681,T.Holt,STL,131,77,1514,6,0,0,0,19.66233766,11.55725191,0,0,0,1,7,0,WR,265.1000039,15
2000,00-0007744,J.Horn,NO,142,89,1280,7,0,0,0,14.38202247,9.014084507,0,456,0.311403509,6,10,0,WR,260.0000043,15
2000,00-0008059,Q.Ismail,BAL,91,48,648,4,0,0,0,13.5,7.120879121,0,465,0.195698925,0,0,0,WR,136.8000023,12
2000,00-0008060,R.Ismail,DAL,44,25,350,1,0,0,0,14,7.954545455,0,415,0.106024096,8,73,0,WR,75.3000003,8
2000,00-0008210,W.Jackson,NO,72,33,452,5,0,0,0,13.6969697,6.277777778,0,456,0.157894737,0,0,0,WR,108.2000019,13
2000,00-0008313,S.Jefferson,ATL,99,57,785,1,0,0,0,13.77192982,7.929292929,0,471,0.210191083,1,1,0,WR,141.6000013,13
2000,00-0008357,M.Jenkins,ARI,37,15,197,0,0,0,0,13.13333333,5.324324324,0,512,0.072265625,1,-4,0,WR,34.30000076,12
2000,00-0008400,J.Jett,OAK,34,16,299,2,0,0,0,18.6875,8.794117647,0,0,0,0,0,0,WR,57.90000105,10
2000,00-0008454,C.Johnson,PHI,93,52,573,6,0,0,0,11.01923077,6.161290323,0,531,0.175141243,4,18,0,WR,147.100002,14
2000,00-0008560,K.Johnson,CLE,98,57,669,0,0,0,0,11.73684211,6.826530612,0,469,0.208955224,0,0,0,WR,122.8200008,16
2000,00-0008561,K.Johnson,TB,114,65,805,7,0,0,0,12.38461538,7.061403509,0,381,0.299212598,2,5,0,WR,188.0000007,15
2000,00-0008598,P.Johnson,BAL,31,12,156,2,0,0,0,13,5.032258065,0,465,0.066666667,2,21,0,WR,41.70000072,6
2000,00-0008841,R.Jones,SD,37,22,253,0,0,0,0,11.5,6.837837838,0,0,0,0,0,0,WR,47.30000019,7
2000,00-0008962,J.Jurevicius,NYG,48,24,272,1,0,0,0,11.33333333,5.666666667,0,474,0.101265823,0,0,0,WR,57.20000088,10
2000,00-0009163,E.Kennison,CHI,90,52,519,2,0,0,0,9.980769231,5.766666667,0,496,0.181451613,3,72,0,WR,123.1000021,15
2000,00-0009869,J.Lewis,BAL,35,19,161,1,0,0,0,8.473684211,4.6,0,465,0.075268817,3,38,0,WR,45.02000012,7
2000,00-0010007,K.Lockett,KC,49,29,371,2,0,0,0,12.79310345,7.571428571,0,511,0.095890411,0,0,0,WR,78.1000005,12
2000,00-0010477,T.Martin,MIA,49,21,338,0,0,0,0,16.0952381,6.897959184,0,348,0.140804598,0,0,0,WR,54.80000126,7
2000,00-0010500,D.Mason,TEN,80,57,800,4,0,0,0,14.03508772,10,0,422,0.18957346,1,1,0,WR,161.1000016,13
2000,00-0010539,T.Mathis,ATL,119,53,645,5,0,0,0,12.16981132,5.420168067,0,471,0.252653928,1,-5,0,WR,147.0000013,14
2000,00-0010599,D.Mayes,SEA,43,26,241,1,0,0,0,9.269230769,5.604651163,0,470,0.091489362,0,0,0,WR,56.1000011,10
2000,00-0010650,E.McCaffrey,DEN,143,96,1246,8,0,0,0,12.97916667,8.713286713,0,521,0.274472169,0,0,0,WR,270.600004,15
2000,00-0010668,K.McCardell,JAX,123,83,1076,5,0,0,0,12.96385542,8.74796748,0,492,0.25,0,0,0,WR,220.6000038,15
2000,00-0010786,J.McDaniel,BUF,62,38,594,2,0,0,0,15.63157895,9.580645161,0,473,0.131078224,0,0,0,WR,109.4000007,14
2000,00-0010843,W.McGarity,DAL,48,25,250,0,0,0,0,10,5.208333333,0,415,0.115662651,5,46,1,WR,60.60000001,8
2000,00-0010974,J.McKnight,DAL,97,50,896,2,0,0,0,17.92,9.237113402,0,415,0.23373494,0,0,0,WR,151.6000034,14
2000,00-0011568,H.Moore,DET,74,36,410,3,0,0,0,11.38888889,5.540540541,0,456,0.162280702,0,0,0,WR,95.00000083,13
2000,00-0011727,J.Morton,DET,106,55,728,3,0,0,0,13.23636364,6.867924528,0,456,0.23245614,4,25,0,WR,150.3000021,15
2000,00-0011754,R.Moss,MIN,127,76,1395,14,0,0,0,18.35526316,10.98425197,0,458,0.277292576,3,5,0,WR,302.0000031,15
2000,00-0011770,E.Moulds,BUF,151,86,1174,5,0,0,0,13.65116279,7.774834437,0,473,0.319238901,2,24,0,WR,235.8000034,14
2000,00-0011795,M.Muhammad,CAR,143,92,1069,6,0,0,0,11.61956522,7.475524476,0,518,0.276061776,2,12,0,WR,236.1000029,15
2000,00-0012478,T.Owens,SF,139,94,1416,13,0,0,0,15.06382979,10.18705036,0,533,0.260787992,3,11,0,WR,316.7000021,13
2000,00-0012637,J.Pathon,IND,82,46,599,3,0,0,0,13.02173913,7.304878049,0,525,0.156190476,1,3,0,WR,124.2000031,14
2000,00-0012642,D.Patten,CLE,72,38,546,1,0,0,0,14.36842105,7.583333333,0,469,0.153518124,0,0,0,WR,98.60000169,11
2000,00-0013097,K.Poole,NO,35,21,293,1,0,0,0,13.95238095,8.371428571,0,456,0.076754386,0,0,0,WR,56.30000079,10
2000,00-0013232,P.Price,BUF,90,42,569,2,0,0,0,13.54761905,6.322222222,0,473,0.190274841,1,27,0,WR,113.6000016,14
2000,00-0013268,R.Proehl,STL,36,29,409,4,0,0,0,14.10344828,11.36111111,0,0,0,0,0,0,WR,93.90000033,11
2000,00-0013639,J.Rice,SF,109,69,744,7,0,0,0,10.7826087,6.825688073,0,533,0.204502814,1,-2,0,WR,185.2000011,15
2000,00-0013770,A.Rison,OAK,68,39,574,6,0,0,0,14.71794872,8.441176471,0,0,0,0,0,0,WR,132.4000006,13
2000,00-0013888,M.Robinson,CHI,102,55,738,5,0,0,0,13.41818182,7.235294118,0,496,0.205645161,1,9,0,WR,159.7000008,11
2000,00-0014319,C.Sanders,TEN,59,32,526,0,0,0,0,16.4375,8.915254237,0,422,0.139810427,0,0,0,WR,84.60000122,14
2000,00-0014328,F.Sanders,ARI,105,50,702,6,0,0,0,14.04,6.685714286,0,512,0.205078125,0,0,0,WR,156.2000023,15
2000,00-0014489,B.Schroeder,GB,112,62,948,4,0,0,0,15.29032258,8.464285714,0,557,0.201077199,1,12,0,WR,182.0000024,14
2000,00-0014729,B.Shaw,PIT,67,40,672,4,0,0,0,16.8,10.02985075,0,397,0.168765743,0,0,0,WR,131.200002,14
2000,00-0014790,L.Shepherd,MIA,55,33,425,3,0,0,0,12.87878788,7.727272727,0,348,0.158045977,4,3,0,WR,93.80000124,11
2000,00-0014918,T.Simmons,NE,30,14,231,1,0,0,0,16.5,7.7,0,517,0.058027079,0,0,0,WR,43.09999967,10
2000,00-0015063,T.Small,PHI,87,38,551,3,0,0,0,14.5,6.333333333,0,531,0.163841808,1,1,0,WR,111.2000016,13
2000,00-0015218,J.Smith,JAX,144,91,1213,8,0,0,0,13.32967033,8.423611111,0,492,0.292682927,0,0,0,WR,260.3000039,14
2000,00-0015290,R.Smith,DEN,160,92,1522,8,0,0,0,16.54347826,9.5125,0,521,0.307101727,6,99,1,WR,308.1000032,15
2000,00-0015751,J.Stokes,SF,51,27,481,2,0,0,0,17.81481481,9.431372549,0,533,0.095684803,1,6,0,WR,89.70000148,13
2000,00-0015811,T.Streets,SF,41,19,287,0,0,0,0,15.10526316,7,0,533,0.076923077,1,0,0,WR,47.70000064,11
2000,00-0016440,J.Thrash,WAS,74,50,653,2,0,0,0,13.06,8.824324324,0,514,0.143968872,10,82,0,WR,135.4999999,14
2000,00-0016550,A.Toomer,NYG,116,70,901,6,0,0,0,12.87142857,7.767241379,0,474,0.244725738,5,91,1,WR,211.2000022,15
2000,00-0017160,D.Ward,NYJ,98,46,654,2,0,0,0,14.2173913,6.673469388,0,556,0.176258993,4,23,0,WR,125.700002,15
2000,00-0017162,H.Ward,PIT,76,44,636,4,0,0,0,14.45454545,8.368421053,0,397,0.191435768,4,53,0,WR,136.9000016,15
2000,00-0017697,T.Wilkins,IND,66,41,548,3,0,0,0,13.36585366,8.303030303,0,525,0.125714286,3,8,0,WR,114.600002,11
2000,00-0018382,C.Yeast,CIN,49,22,285,0,0,0,0,12.95454545,5.816326531,0,401,0.122194514,1,15,0,WR,52.00000083,11
2000,00-0018958,L.Coles,NYJ,42,22,370,1,0,0,0,16.81818182,8.80952381,0,556,0.075539568,2,15,0,WR,68.50000119,8
2000,00-0019455,P.Warrick,CIN,118,48,554,3,0,0,0,11.54166667,4.694915254,0,401,0.294264339,15,142,2,WR,147.6000022,15
2000,00-0019604,R.Soward,JAX,34,14,154,1,0,0,0,11,4.529411765,0,492,0.069105691,3,28,0,WR,38.20000023,9
2000,00-0019606,T.Pinkston,PHI,32,10,181,0,0,0,0,18.1,5.65625,0,531,0.060263653,0,0,0,WR,28.10000002,7
2000,00-0019642,P.Burress,PIT,65,22,273,0,0,0,0,12.40909091,4.2,0,397,0.16372796,0,0,0,WR,49.30000079,10
2000,00-0019650,D.Northcutt,CLE,81,39,411,0,0,0,0,10.53846154,5.074074074,0,469,0.172707889,9,33,0,WR,83.40000092,14
2000,00-0019663,D.Jackson,SEA,89,50,673,6,0,0,0,13.46,7.561797753,0,470,0.189361702,1,-1,0,WR,153.2000016,15
2000,00-0019708,R.Dugans,CIN,36,12,110,1,0,0,0,9.166666667,3.055555556,0,401,0.089775561,0,0,0,WR,29.00000036,6
2000,00-0019721,T.Taylor,BAL,55,28,276,3,0,0,0,9.857142857,5.018181818,0,465,0.11827957,2,11,0,WR,74.70000055,9
2000,00-0019726,S.Morris,KC,93,41,548,0,0,0,0,13.36585366,5.892473118,0,511,0.181996086,0,0,0,WR,97.04000103,13
2001,00-0000145,D. Alexander,KC,64,26,465,3,0,0,0,17.88461538,7.265625,0,485,0.131958763,2,16,0,WR,92.10000012,10
2001,00-0000387,R.Anthony,TB,34,13,162,0,0,0,0,12.46153846,4.764705882,0,553,0.061482821,3,22,0,WR,31.40000057,9
2001,00-0001477,M. Booker,CHI,147,94,1034,8,0,0,0,11,7.034013605,0,494,0.29757085,4,8,0,WR,251.5600024,15
2001,00-0001532,D.Boston,ARI,168,96,1540,8,0,0,0,16.04166667,9.166666667,0,491,0.342158859,5,35,0,WR,301.5000054,15
2001,00-0001627,C.Bradford,GB,53,28,415,1,0,0,0,14.82142857,7.830188679,0,476,0.111344538,0,0,0,WR,75.50000107,13
2001,00-0002058,T. Brown,OAK,133,85,1108,9,0,0,0,13.03529412,8.330827068,0,0,0,4,39,0,WR,253.7000026,15
2001,00-0002068,T.Brown,NE,130,95,1154,5,0,0,0,12.14736842,8.876923077,0,447,0.29082774,10,87,0,WR,249.1000032,15
2001,00-0002099,I.Bruce,STL,102,63,1101,6,0,0,0,17.47619048,10.79411765,0,0,0,4,23,0,WR,211.4000037,15
2001,00-0002469,I.Byrd,CAR,72,37,492,1,0,0,0,13.2972973,6.833333333,0,535,0.134579439,1,-2,0,WR,92.00000171,13
2001,00-0002721,C.Carter,MIN,123,68,811,6,0,0,0,11.92647059,6.593495935,0,514,0.239299611,1,4,0,WR,185.500003,15
2001,00-0002942,D.Chiaverini,DAL,30,10,107,2,0,0,0,10.7,3.566666667,0,374,0.080213904,1,3,0,WR,33.00000054,7
2001,00-0002962,W.Chrebet,NYJ,86,51,667,1,0,0,0,13.07843137,7.755813953,0,426,0.201877934,0,0,0,WR,123.700002,13
2001,00-0003396,C.Conway,SD,127,71,1125,6,0,0,0,15.84507042,8.858267717,0,0,0,7,116,1,WR,237.1000047,16
2001,00-0003700,G.Crowell,DET,39,22,289,2,0,0,0,13.13636364,7.41025641,0,551,0.070780399,1,6,0,WR,63.50000107,4
2001,00-0004077,S.Dawkins,JAX,49,20,234,0,0,0,0,11.7,4.775510204,0,492,0.099593496,0,0,0,WR,43.40000057,12
2001,00-0004673,T.Dwight,SD,50,25,406,0,0,0,0,16.24,8.12,0,0,0,2,24,1,WR,74.00000077,10
2001,00-0004694,K.Dyson,TEN,104,50,770,7,0,0,0,15.4,7.403846154,0,478,0.217573222,0,0,0,WR,171.0000024,15
2001,00-0004780,T.Edwards,PIT,31,18,262,0,0,0,0,14.55555556,8.451612903,0,422,0.073459716,5,28,1,WR,53.00000057,13
2001,00-0004888,B.Emanuel,DET,42,19,213,0,0,0,0,11.21052632,5.071428571,0,551,0.076225045,0,0,0,WR,40.30000055,6
2001,00-0004915,B.Engram,SEA,46,27,380,0,0,0,0,14.07407407,8.260869565,0,413,0.111380145,0,0,0,WR,65.00000107,13
2001,00-0005231,B.Finneran,ATL,37,22,446,3,0,0,0,20.27272727,12.05405405,0,451,0.082039911,0,0,0,WR,84.60000205,10
2001,00-0005562,A.Freeman,GB,103,51,791,6,0,0,0,15.50980392,7.67961165,0,476,0.216386555,1,-5,0,WR,167.6000028,15
2001,00-0005668,O.Gadsden,MIA,93,55,674,3,0,0,0,12.25454545,7.247311828,0,434,0.214285714,0,0,0,WR,140.4000011,14
2001,00-0005720,J.Galloway,DAL,104,49,641,3,0,0,0,13.08163265,6.163461538,0,374,0.278074866,3,32,0,WR,134.2600019,14
2001,00-0006210,J.Graham,SD,110,52,811,5,0,0,0,15.59615385,7.372727273,0,0,0,0,0,0,WR,163.1000006,12
2001,00-0006331,J.Green,TB,56,35,395,1,0,0,0,11.28571429,7.053571429,0,553,0.101265823,0,0,0,WR,80.50000119,10
2001,00-0006627,A.Hakim,STL,52,37,360,3,0,0,0,9.72972973,6.923076923,0,0,0,9,45,1,WR,107.5400007,14
2001,00-0007024,M.Harrison,IND,150,100,1396,13,0,0,0,13.96,9.306666667,0,516,0.290697674,1,3,0,WR,317.9000029,15
2001,00-0007144,D.Hayes,CAR,98,51,583,2,0,0,0,11.43137255,5.948979592,0,535,0.18317757,0,0,0,WR,121.3000021,14
2001,00-0007468,I. Hilliard,NYG,78,46,609,5,0,0,0,13.23913043,7.807692308,0,498,0.156626506,1,21,0,WR,139.0000019,12
2001,00-0007681,T.Holt,STL,123,73,1266,7,0,0,0,17.34246575,10.29268293,0,0,0,1,-2,0,WR,241.4000042,15
2001,00-0007744,J.Horn,NO,149,80,1221,9,0,0,0,15.2625,8.194630872,0,510,0.292156863,1,4,0,WR,256.5000029,15
2001,00-0008059,Q.Ismail,BAL,128,72,1030,7,0,0,0,14.30555556,8.046875,0,518,0.247104247,0,0,0,WR,219.0000025,15
2001,00-0008060,R.Ismail,DAL,84,49,763,2,0,0,0,15.57142857,9.083333333,0,374,0.22459893,8,31,0,WR,140.4000021,13
2001,00-0008210,W.Jackson,NO,124,71,985,5,0,0,0,13.87323944,7.943548387,0,510,0.243137255,0,0,0,WR,201.5000012,15
2001,00-0008313,S.Jefferson,ATL,58,34,495,2,0,0,0,14.55882353,8.534482759,0,451,0.128603104,0,0,0,WR,97.5000006,13
2001,00-0008357,M.Jenkins,ARI,54,32,518,3,0,0,0,16.1875,9.592592593,0,491,0.109979633,3,4,0,WR,102.2000004,13
2001,00-0008560,K.Johnson,CLE,120,78,1017,9,0,0,0,13.03846154,8.475,0,433,0.277136259,0,0,0,WR,233.7000022,15
2001,00-0008561,K.Johnson,TB,180,106,1266,1,0,0,0,11.94339623,7.033333333,0,553,0.325497288,0,0,0,WR,238.6000026,15
2001,00-0008962,J. Jurevicius,NYG,68,37,530,3,0,0,0,14.32432432,7.794117647,0,498,0.136546185,0,0,0,WR,108.0000017,11
2001,00-0009163,E.Kennison,DEN,44,28,417,1,0,0,0,14.89285714,9.477272727,0,468,0.094017094,5,22,0,WR,77.90000167,11
2001,00-0010007,K.Lockett,WAS,41,22,293,0,0,0,0,13.31818182,7.146341463,0,396,0.103535354,0,0,0,WR,56.54000139,10
2001,00-0010477,T.Martin,ATL,77,37,548,3,0,0,0,14.81081081,7.116883117,0,451,0.170731707,0,0,0,WR,109.800001,11
2001,00-0010500,D.Mason,TEN,103,64,942,7,0,0,0,14.71875,9.145631068,0,478,0.215481172,0,0,0,WR,202.2000011,13
2001,00-0010539,T.Mathis,ATL,98,49,544,2,0,0,0,11.10204082,5.551020408,0,451,0.2172949,0,0,0,WR,115.4000003,15
2001,00-0010668,K.McCardell,JAX,131,84,1017,5,0,0,0,12.10714286,7.763358779,0,492,0.266260163,0,0,0,WR,217.7000039,15
2001,00-0010974,J.McKnight,MIA,87,54,668,2,0,0,0,12.37037037,7.67816092,0,434,0.200460829,7,39,0,WR,138.7000013,15
2001,00-0011727,J.Morton,DET,130,69,1068,3,0,0,0,15.47826087,8.215384615,0,551,0.235934664,0,0,0,WR,193.8000023,15
2001,00-0011754,R.Moss,MIN,146,80,1220,10,0,0,0,15.25,8.356164384,0,514,0.284046693,3,38,0,WR,265.8000038,15
2001,00-0011770,E.Moulds,BUF,124,61,822,5,0,0,0,13.47540984,6.629032258,0,501,0.24750499,3,3,0,WR,175.5000021,15
2001,00-0011795,M.Muhammad,CAR,93,50,585,1,0,0,0,11.7,6.290322581,0,535,0.173831776,0,0,0,WR,114.5000021,11
2001,00-0012478,T.Owens,SF,152,91,1296,14,0,0,0,14.24175824,8.526315789,0,477,0.318658281,4,21,0,WR,306.7000005,15
2001,00-0012569,L. Parker,KC,39,15,199,2,0,0,0,13.26666667,5.102564103,0,485,0.080412371,3,6,0,WR,47.50000032,8
2001,00-0012637,J.Pathon,IND,32,24,330,2,0,0,0,13.75,10.3125,0,516,0.062015504,1,-8,0,WR,68.2000013,4
2001,00-0012642,D.Patten,NE,87,47,695,4,0,0,0,14.78723404,7.988505747,0,447,0.194630872,5,67,1,WR,157.6000004,14
2001,00-0013232,P.Price,BUF,107,52,844,7,0,0,0,16.23076923,7.887850467,0,501,0.213572854,6,97,0,WR,188.1000011,15
2001,00-0013268,R.Proehl,STL,51,36,532,3,0,0,0,14.77777778,10.43137255,0,0,0,0,0,0,WR,109.2000014,13
2001,00-0013512,J.Reed,MIN,51,26,300,1,0,0,0,11.53846154,5.882352941,0,514,0.09922179,0,0,0,WR,64.00000095,13
2001,00-0013639,J. Rice,OAK,117,80,1081,9,0,0,0,13.5125,9.239316239,0,0,0,0,0,0,WR,242.1000022,15
2001,00-0013888,M. Robinson,CHI,42,23,269,2,0,0,0,11.69565217,6.404761905,0,494,0.085020243,0,0,0,WR,61.89999938,4
2001,00-0014328,F.Sanders,ARI,72,39,579,2,0,0,0,14.84615385,8.041666667,0,491,0.146639511,0,0,0,WR,108.9000015,12
2001,00-0014489,B.Schroeder,GB,87,48,816,8,0,0,0,17,9.379310345,0,476,0.182773109,1,6,0,WR,178.2000039,13
2001,00-0014544,D.Scott,CIN,92,48,667,2,0,0,0,13.89583333,7.25,0,542,0.169741697,0,0,0,WR,126.700001,14
2001,00-0014729,B.Shaw,PIT,42,22,361,1,0,0,0,16.40909091,8.595238095,0,422,0.099526066,0,0,0,WR,64.10000062,11
2001,00-0015218,J.Smith,JAX,60,42,557,4,0,0,0,13.26190476,9.283333333,0,492,0.12195122,0,0,0,WR,156.0000018,9
2001,00-0015218,Ji.Smith,JAX,104,63,753,3,0,0,0,11.95238095,7.240384615,0,492,0.211382114,1,-3,0,WR,156.0000018,9
2001,00-0015290,R.Smith,DEN,164,106,1251,11,0,0,0,11.80188679,7.62804878,0,468,0.35042735,3,27,0,WR,301.8000025,14
2001,00-0015751,J.Stokes,SF,84,48,506,6,0,0,0,10.54166667,6.023809524,0,477,0.176100629,0,0,0,WR,134.6000022,14
2001,00-0015754,B.Stokley,BAL,46,22,294,2,0,0,0,13.36363636,6.391304348,0,518,0.088803089,1,1,0,WR,63.50000093,12
2001,00-0015811,T.Streets,SF,49,26,333,1,0,0,0,12.80769231,6.795918367,0,477,0.102725367,0,0,0,WR,65.30000055,14
2001,00-0015959,K.Swayne,NYJ,34,12,188,0,0,0,0,15.66666667,5.529411765,0,426,0.079812207,0,0,0,WR,30.80000067,5
2001,00-0016232,C. Thomas,KC,38,19,247,1,0,0,0,13,6.5,0,485,0.078350515,0,0,0,WR,49.70000136,8
2001,00-0016440,J.Thrash,PHI,108,63,833,8,0,0,0,13.22222222,7.712962963,0,483,0.223602484,6,57,0,WR,200.0000013,15
2001,00-0016550,A. Toomer,NYG,119,59,828,2,0,0,0,14.03389831,6.957983193,0,498,0.238955823,3,8,0,WR,154.6000032,13
2001,00-0017160,D.Ward,MIA,35,17,175,0,0,0,0,10.29411765,5,0,434,0.080645161,1,5,0,WR,35.00000048,10
2001,00-0017162,H.Ward,PIT,137,90,971,4,0,0,0,10.78888889,7.087591241,0,422,0.32464455,10,83,0,WR,219.4000027,15
2001,00-0017470,M.Westbrook,WAS,83,52,602,4,0,0,0,11.57692308,7.253012048,0,396,0.20959596,2,8,0,WR,137.000002,14
2001,00-0017697,T.Wilkins,IND,56,34,332,0,0,0,0,9.764705882,5.928571429,0,516,0.108527132,0,0,0,WR,67.20000118,9
2001,00-0017847,K.Williams,TB,37,22,296,1,0,0,0,13.45454545,8,0,553,0.066907776,0,0,0,WR,57.60000074,10
2001,00-0018056,R.Wilson,NO,34,19,267,0,0,0,0,14.05263158,7.852941176,0,510,0.066666667,0,0,0,WR,45.70000064,9
2001,00-0018958,L.Coles,NYJ,96,54,757,6,0,0,0,14.01851852,7.885416667,0,426,0.225352113,10,108,0,WR,176.500002,15
2001,00-0019231,L.Foster,DET,48,22,283,0,0,0,0,12.86363636,5.895833333,0,551,0.087114338,2,6,0,WR,50.90000129,11
2001,00-0019455,P.Warrick,CIN,128,65,634,1,0,0,0,9.753846154,4.953125,0,542,0.236162362,8,14,0,WR,135.8000014,15
2001,00-0019461,J.Dawson,CLE,33,21,262,1,0,0,0,12.47619048,7.939393939,0,433,0.076212471,0,0,0,WR,53.20000041,10
2001,00-0019606,T.Pinkston,PHI,84,42,586,4,0,0,0,13.95238095,6.976190476,0,483,0.173913043,1,5,0,WR,125.1000019,14
2001,00-0019642,P.Burress,PIT,115,63,960,6,0,0,0,15.23809524,8.347826087,0,422,0.272511848,0,0,0,WR,195.0000018,15
2001,00-0019650,D.Northcutt,CLE,35,18,211,0,0,0,0,11.72222222,6.028571429,0,433,0.080831409,3,26,0,WR,41.70000082,7
2001,00-0019660,D. White,CHI,82,45,428,0,0,0,0,9.511111111,5.219512195,0,494,0.165991903,0,0,0,WR,87.80000103,14
2001,00-0019663,D.Jackson,SEA,121,64,1010,6,0,0,0,15.78125,8.347107438,0,413,0.292978208,1,9,0,WR,201.9000021,15
2001,00-0019670,T.Gaylor,SD,34,14,217,0,0,0,0,15.5,6.382352941,0,0,0,0,0,0,WR,35.70000124,4
2001,00-0019703,J. Porter,OAK,35,18,202,0,0,0,0,11.22222222,5.771428571,0,0,0,2,13,0,WR,39.50000077,9
2001,00-0019708,R.Dugans,CIN,44,27,245,2,0,0,0,9.074074074,5.568181818,0,542,0.081180812,0,0,0,WR,65.50000107,14
2001,00-0019721,T.Taylor,BAL,85,41,549,3,0,0,0,13.3902439,6.458823529,0,518,0.164092664,4,47,0,WR,118.6000016,13
2001,00-0019976,D.Bennett,TEN,44,22,304,1,0,0,0,13.81818182,6.909090909,0,478,0.092050209,0,0,0,WR,60.40000093,11
2001,00-0020272,M. Minnis,KC,54,31,460,0,0,0,0,14.83870968,8.518518519,0,485,0.111340206,0,0,0,WR,77.00000119,10
2001,00-0020370,S.Anderson,DET,34,12,211,1,0,0,0,17.58333333,6.205882353,0,551,0.061705989,0,0,0,WR,39.10000026,8
2001,00-0020397,C.Johnson,CIN,53,26,295,1,0,0,0,11.34615385,5.566037736,0,542,0.097785978,0,0,0,WR,61.50000036,9
2001,00-0020427,Q.Morgan,CLE,67,30,432,2,0,0,0,14.4,6.447761194,0,433,0.154734411,1,4,0,WR,85.60000095,14
2001,00-0020438,T.Houshmandzadeh,CIN,42,21,228,0,0,0,0,10.85714286,5.428571429,0,542,0.077490775,0,0,0,WR,43.80000067,4
2001,00-0020446,C.Chambers,MIA,85,45,835,7,0,0,0,18.55555556,9.823529412,0,434,0.195852535,1,-11,0,WR,169.400001,14
2001,00-0020490,K.Robinson,SEA,74,37,475,1,0,0,0,12.83783784,6.418918919,0,413,0.179176755,4,13,0,WR,91.80000183,14
2001,00-0020497,F.Mitchell,PHI,41,21,283,1,0,0,0,13.47619048,6.902439024,0,483,0.084886128,2,-4,0,WR,54.90000057,10
2001,00-0020498,R.Wayne,IND,45,25,328,0,0,0,0,13.12,7.288888889,0,516,0.087209302,0,0,0,WR,57.80000079,10
2001,00-0020513,D. Terrell,CHI,60,32,398,3,0,0,0,12.4375,6.633333333,0,494,0.12145749,0,0,0,WR,89.80000067,15
2001,00-0020525,R.Gardner,WAS,97,45,731,4,0,0,0,16.24444444,7.536082474,0,396,0.244949495,1,16,0,WR,143.7000024,15
2002,00-0000145,D.Alexander,MIN,39,14,134,1,0,0,0,9.571428571,3.435897436,0,516,0.075581395,0,0,0,WR,33.40000069,7
2002,00-0000869,D.Bates,MIN,74,45,614,4,0,0,0,13.64444444,8.297297297,0,516,0.143410853,0,0,0,WR,130.4000014,13
2002,00-0001477,M.Booker,CHI,159,93,1150,6,0,0,0,12.3655914,7.232704403,0,506,0.314229249,0,0,0,WR,249.7600034,15
2002,00-0001532,D.Boston,ARI,75,32,512,1,0,0,0,16,6.826666667,0,500,0.15,2,29,0,WR,92.10000116,8
2002,00-0001627,C.Bradford,HOU,102,43,679,6,0,0,0,15.79069767,6.656862745,0,384,0.265625,2,-11,0,WR,145.8000016,13
2002,00-0002058,T. Brown,OAK,73,49,521,0,0,0,0,10.63265306,7.136986301,0,0,0,5,21,0,WR,103.2000021,9
2002,00-0002058,T.Brown,OAK,50,30,378,2,0,0,0,12.6,7.56,0,0,0,1,-2,0,WR,103.2000021,9
2002,00-0002068,T.Brown,NE,125,86,785,2,0,0,0,9.127906977,6.28,0,548,0.22810219,3,14,0,WR,179.9000023,12
2002,00-0002099,I. Bruce,STL,122,75,1022,6,0,0,0,13.62666667,8.37704918,0,0,0,3,18,0,WR,215.0000022,15
2002,00-0002962,W.Chrebet,NYJ,77,48,654,7,0,0,0,13.625,8.493506494,0,457,0.168490153,0,0,0,WR,155.400002,14
2002,00-0003396,C.Conway,SD,94,57,852,5,0,0,0,14.94736842,9.063829787,0,0,0,7,53,2,WR,189.5000044,11
2002,00-0003700,G.Crowell,DET,47,22,201,1,0,0,0,9.136363636,4.276595745,0,520,0.090384615,0,0,0,WR,48.10000038,8
2002,00-0004386,C.Doering,WAS,44,18,192,2,0,0,0,10.66666667,4.363636364,0,517,0.085106383,0,0,0,WR,51.20000064,11
2002,00-0004541,D.Driver,GB,111,69,1054,9,0,0,0,15.27536232,9.495495495,0,532,0.208646617,7,71,0,WR,235.5000043,15
2002,00-0004673,T.Dwight,SD,75,40,516,1,0,0,0,12.9,6.88,0,0,0,11,100,1,WR,113.6000022,14
2002,00-0004694,K.Dyson,TEN,69,41,460,4,0,0,0,11.2195122,6.666666667,0,475,0.145263158,2,-4,0,WR,110.6000003,11
2002,00-0004915,B.Engram,SEA,64,44,535,0,0,0,0,12.15909091,8.359375,0,527,0.121442125,0,0,0,WR,97.50000167,13
2002,00-0005231,B.Finneran,ATL,91,53,761,5,0,0,0,14.35849057,8.362637363,0,415,0.219277108,0,0,0,WR,159.1000001,13
2002,00-0005562,A.Freeman,PHI,77,45,596,4,0,0,0,13.24444444,7.74025974,0,516,0.149224806,0,0,0,WR,128.6000015,14
2002,00-0005720,J.Galloway,DAL,119,61,908,6,0,0,0,14.8852459,7.630252101,0,427,0.278688525,4,31,0,WR,190.9000036,14
2002,00-0006043,T.Glenn,GB,97,51,741,1,0,0,0,14.52941176,7.639175258,0,532,0.182330827,0,0,0,WR,131.100001,14
2002,00-0006627,A.Hakim,DET,82,37,541,3,0,0,0,14.62162162,6.597560976,0,520,0.157692308,4,3,0,WR,109.4000008,10
2002,00-0007024,M.Harrison,IND,198,137,1694,11,0,0,0,12.3649635,8.555555556,0,563,0.351687389,1,8,0,WR,375.2000039,15
2002,00-0007144,D.Hayes,NE,31,12,133,2,0,0,0,11.08333333,4.290322581,0,548,0.056569343,0,0,0,WR,37.30000043,7
2002,00-0007468,I.Hilliard,NYG,47,27,386,2,0,0,0,14.2962963,8.212765957,0,508,0.092519685,1,7,0,WR,78.30000085,6
2002,00-0007681,T. Holt,STL,149,85,1225,4,0,0,0,14.41176471,8.22147651,0,0,0,2,18,0,WR,233.3000033,15
2002,00-0007744,J.Horn,NO,141,84,1269,7,0,0,0,15.10714286,9,0,493,0.286004057,1,2,0,WR,255.1000035,15
2002,00-0008059,Q.Ismail,IND,85,44,462,3,0,0,0,10.5,5.435294118,0,563,0.150976909,0,0,0,WR,108.2000019,14
2002,00-0008210,W.Jackson,ATL,53,25,257,1,0,0,0,10.28,4.849056604,0,415,0.127710843,0,0,0,WR,56.70000041,10
2002,00-0008313,S.Jefferson,ATL,49,27,394,1,0,0,0,14.59259259,8.040816327,0,415,0.118072289,0,0,0,WR,72.40000129,11
2002,00-0008357,M.Jenkins,ARI,43,21,250,1,0,0,0,11.9047619,5.813953488,0,500,0.086,3,6,0,WR,52.6000002,7
2002,00-0008560,K.Johnson,CLE,115,64,671,3,0,0,0,10.484375,5.834782609,0,519,0.221579961,0,0,0,WR,154.4200008,15
2002,00-0008561,K.Johnson,TB,137,71,1047,5,0,0,0,14.74647887,7.642335766,0,530,0.258490566,0,0,0,WR,209.700003,15
2002,00-0008962,J.Jurevicius,TB,49,35,411,4,0,0,0,11.74285714,8.387755102,0,530,0.09245283,0,0,0,WR,100.1000023,11
2002,00-0009163,E. Kennison,KC,87,51,886,2,0,0,0,17.37254902,10.18390805,0,435,0.2,7,58,0,WR,157.4000018,15
2002,00-0010007,K.Lockett,WAS,41,16,205,4,0,0,0,12.8125,5,0,517,0.079303675,0,0,0,WR,65.06000102,8
2002,00-0010500,D.Mason,TEN,120,79,1012,5,0,0,0,12.81012658,8.433333333,0,475,0.252631579,0,0,0,WR,210.2000017,13
2002,00-0010539,T.Mathis,PIT,39,22,208,2,0,0,0,9.454545455,5.333333333,0,520,0.075,0,0,0,WR,54.80000049,9
2002,00-0010650,E. McCaffrey,DEN,49,33,408,0,0,0,0,12.36363636,8.326530612,0,518,0.094594595,0,0,0,WR,81.50000107,8
2002,00-0010650,E.McCaffrey,DEN,45,29,383,2,0,0,0,13.20689655,8.511111111,0,518,0.086872587,2,22,0,WR,81.50000107,8
2002,00-0010668,K.McCardell,TB,98,59,659,6,0,0,0,11.16949153,6.724489796,0,530,0.18490566,1,3,0,WR,161.2000003,13
2002,00-0010974,J. McKnight,MIA,43,28,496,1,0,0,0,17.71428571,11.53488372,0,420,0.102380952,5,46,0,WR,88.20000193,11
2002,00-0011727,J. Morton,KC,62,28,384,1,0,0,0,13.71428571,6.193548387,0,435,0.142528736,10,124,0,WR,84.80000231,12
2002,00-0011754,R.Moss,MIN,174,100,1238,7,0,0,0,12.38,7.114942529,0,516,0.337209302,6,51,0,WR,275.4200012,15
2002,00-0011770,E. Moulds,BUF,32,19,253,4,0,0,0,13.31578947,7.90625,0,571,0.056042032,0,0,0,WR,199.1000022,11
2002,00-0011770,E.Moulds,BUF,137,72,964,5,0,0,0,13.38888889,7.03649635,0,571,0.239929947,1,7,0,WR,199.1000022,11
2002,00-0011795,M.Muhammad,CAR,100,56,728,3,0,0,0,13,7.28,0,417,0.239808153,3,40,0,WR,150.8000031,12
2002,00-0012478,T.Owens,SF,159,100,1300,13,0,0,0,13,8.176100629,0,534,0.297752809,7,79,1,WR,321.9000042,14
2002,00-0012637,J.Pathon,NO,81,43,523,4,0,0,0,12.1627907,6.456790123,0,493,0.164300203,0,0,0,WR,119.3000017,13
2002,00-0012642,D.Patten,NE,111,56,768,5,0,0,0,13.71428571,6.918918919,0,548,0.202554745,2,6,0,WR,163.4000014,14
2002,00-0013232,P. Price,BUF,37,21,287,2,0,0,0,13.66666667,7.756756757,0,571,0.064798599,1,1,0,WR,199.4000024,11
2002,00-0013232,P.Price,BUF,103,68,908,7,0,0,0,13.35294118,8.815533981,0,571,0.180385289,2,-14,0,WR,199.4000024,11
2002,00-0013268,R. Proehl,STL,67,41,438,4,0,0,0,10.68292683,6.537313433,0,0,0,0,0,0,WR,108.8000016,14
2002,00-0013512,Ja.Reed,NO,38,19,328,3,0,0,0,17.26315789,8.631578947,0,493,0.077079108,0,0,0,WR,69.80000103,10
2002,00-0013639,J. Rice,OAK,80,50,631,4,0,0,0,12.62,7.8875,0,0,0,2,13,0,WR,138.4000008,9
2002,00-0013639,J.Rice,OAK,64,40,559,3,0,0,0,13.975,8.734375,0,0,0,1,7,0,WR,138.4000008,9
2002,00-0013888,M.Robinson,CHI,50,21,244,3,0,0,0,11.61904762,4.88,0,506,0.098814229,0,0,0,WR,63.40000033,12
2002,00-0014328,F.Sanders,ARI,59,34,400,2,0,0,0,11.76470588,6.779661017,0,500,0.118,3,2,0,WR,88.2000007,10
2002,00-0014489,B.Schroeder,DET,69,30,463,4,0,0,0,15.43333333,6.710144928,0,520,0.132692308,0,0,0,WR,100.3000008,10
2002,00-0014544,D.Scott,DAL,35,22,218,1,0,0,0,9.909090909,6.228571429,0,427,0.081967213,0,0,0,WR,49.79999948,10
2002,00-0014729,B. Shaw,JAX,67,38,469,1,0,0,0,12.34210526,7,0,414,0.161835749,0,0,0,WR,90.90000045,13
2002,00-0015218,J. Smith,JAX,115,69,888,7,0,0,0,12.86956522,7.72173913,0,414,0.277777778,0,0,0,WR,199.8000025,14
2002,00-0015290,R. Smith,DEN,74,44,506,2,0,0,0,11.5,6.837837838,0,518,0.142857143,3,12,0,WR,107.8000008,8
2002,00-0015290,R.Smith,DEN,67,40,459,2,0,0,0,11.475,6.850746269,0,518,0.129343629,3,-3,0,WR,107.8000008,8
2002,00-0015751,J.Stokes,SF,52,30,303,1,0,0,0,10.1,5.826923077,0,534,0.097378277,0,0,0,WR,66.30000061,10
2002,00-0015754,B.Stokley,BAL,52,24,357,2,0,0,0,14.875,6.865384615,0,447,0.116331096,6,31,0,WR,74.80000046,8
2002,00-0015811,T.Streets,SF,101,67,703,3,0,0,0,10.49253731,6.96039604,0,534,0.189138577,0,0,0,WR,155.3000019,14
2002,00-0016373,D.Thompson,WAS,84,49,695,4,0,0,0,14.18367347,8.273809524,0,517,0.162475822,10,77,0,WR,150.2000039,13
2002,00-0016440,J.Thrash,PHI,101,51,627,6,0,0,0,12.29411765,6.207920792,0,516,0.195736434,17,106,1,WR,166.3000006,14
2002,00-0016550,A.Toomer,NYG,131,80,1286,8,0,0,0,16.075,9.816793893,0,508,0.257874016,1,2,0,WR,256.8000019,15
2002,00-0017162,H.Ward,PIT,157,107,1283,11,0,0,0,11.99065421,8.171974522,0,520,0.301923077,12,142,0,WR,321.5000019,15
2002,00-0018958,L.Coles,NYJ,126,83,1171,5,0,0,0,14.10843373,9.293650794,0,457,0.27571116,5,18,0,WR,233.9000029,14
2002,00-0019455,P.Warrick,CIN,77,50,579,6,0,0,0,11.58,7.519480519,0,538,0.143122677,7,22,0,WR,146.1000012,14
2002,00-0019461,J.Dawson,HOU,34,19,273,0,0,0,0,14.36842105,8.029411765,0,384,0.088541667,0,0,0,WR,46.30000055,9
2002,00-0019539,D. Hall,KC,35,19,318,3,0,0,0,16.73684211,9.085714286,0,435,0.08045977,10,59,0,WR,74.70000021,13
2002,00-0019606,T.Pinkston,PHI,113,60,798,7,0,0,0,13.3,7.061946903,0,516,0.218992248,1,-15,0,WR,180.3000005,15
2002,00-0019642,P.Burress,PIT,137,75,1273,7,0,0,0,16.97333333,9.291970803,0,520,0.263461538,0,0,0,WR,244.3000045,15
2002,00-0019650,D.Northcutt,CLE,47,37,569,5,0,0,0,15.37837838,12.10638298,0,519,0.090558767,6,94,1,WR,141.3000022,11
2002,00-0019660,D.White,CHI,90,49,635,4,0,0,0,12.95918367,7.055555556,0,506,0.177865613,3,11,0,WR,137.6000016,15
2002,00-0019662,R.Dixon,NYG,36,22,372,2,0,0,0,16.90909091,10.33333333,0,508,0.070866142,0,0,0,WR,71.20000088,8
2002,00-0019663,D.Jackson,SEA,103,57,787,3,0,0,0,13.80701754,7.640776699,0,527,0.19544592,3,3,0,WR,154.0000029,11
2002,00-0019670,T.Gaylor,ATL,44,22,355,3,0,0,0,16.13636364,8.068181818,0,415,0.106024096,0,0,0,WR,75.50000036,10
2002,00-0019703,J. Porter,OAK,38,25,329,5,0,0,0,13.16,8.657894737,0,0,0,3,2,0,WR,92.09999962,8
2002,00-0019703,J.Porter,OAK,32,24,347,4,0,0,0,14.45833333,10.84375,0,0,0,1,4,0,WR,92.09999962,8
2002,00-0019708,R.Dugans,CIN,72,46,409,0,0,0,0,8.891304348,5.680555556,0,538,0.133828996,0,0,0,WR,86.90000093,12
2002,00-0019721,T.Taylor,BAL,112,56,807,6,0,0,0,14.41071429,7.205357143,0,447,0.250559284,11,105,0,WR,183.2000028,15
2002,00-0019976,D.Bennett,TEN,60,31,420,2,0,0,0,13.5483871,7,0,475,0.126315789,0,0,0,WR,85.00000131,12
2002,00-0020337,S.Smith,CAR,92,51,830,3,0,0,0,16.2745098,9.02173913,0,417,0.220623501,1,-4,0,WR,151.6000017,13
2002,00-0020370,S.Anderson,DET,48,21,266,0,0,0,0,12.66666667,5.541666667,0,520,0.092307692,0,0,0,WR,47.60000062,11
2002,00-0020381,J.McCareins,TEN,43,17,255,2,0,0,0,15,5.930232558,0,475,0.090526316,2,18,0,WR,56.29999979,10
2002,00-0020397,C.Johnson,CIN,125,63,1043,5,0,0,0,16.55555556,8.344,0,538,0.232342007,0,0,0,WR,197.3000027,13
2002,00-0020425,K.Rambo,DAL,31,14,211,0,0,0,0,15.07142857,6.806451613,0,427,0.072599532,0,0,0,WR,35.10000062,8
2002,00-0020427,Q.Morgan,CLE,93,54,932,7,0,0,0,17.25925926,10.02150538,0,519,0.179190751,4,7,0,WR,191.9000015,13
2002,00-0020428,R.Ferguson,GB,43,18,254,3,0,0,0,14.11111111,5.906976744,0,532,0.080827068,0,0,0,WR,61.40000045,8
2002,00-0020438,T.Houshmandzadeh,CIN,62,38,466,1,0,0,0,12.26315789,7.516129032,0,538,0.115241636,0,0,0,WR,90.60000086,14
2002,00-0020446,C. Chambers,MIA,79,41,608,2,0,0,0,14.82926829,7.696202532,0,420,0.188095238,2,13,0,WR,115.1000019,10
2002,00-0020464,D.McCants,WAS,33,15,196,2,0,0,0,13.06666667,5.939393939,0,517,0.063829787,1,9,0,WR,47.50000077,6
2002,00-0020490,K.Robinson,SEA,129,69,1137,4,0,0,0,16.47826087,8.813953488,0,527,0.244781784,8,56,0,WR,212.3000023,15
2002,00-0020494,S.Moss,NYJ,49,28,413,3,0,0,0,14.75,8.428571429,0,457,0.107221007,6,34,0,WR,90.70000151,13
2002,00-0020498,R.Wayne,IND,69,46,687,4,0,0,0,14.93478261,9.956521739,0,563,0.122557726,0,0,0,WR,138.7000022,13
2002,00-0020525,R.Gardner,WAS,132,66,947,8,0,0,0,14.34848485,7.174242424,0,517,0.255319149,1,1,0,WR,208.800002,15
2002,00-0020583,M. Boerigter,KC,30,18,402,8,0,0,0,22.33333333,13.4,0,435,0.068965517,0,0,0,WR,106.200001,9
2002,00-0021094,J. McAddley,ARI,35,12,149,0,0,0,0,12.41666667,4.257142857,0,500,0.07,0,0,0,WR,33.50000024,4
2002,00-0021147,D.Stallworth,NO,63,38,534,8,0,0,0,14.05263158,8.476190476,0,493,0.127789047,2,2,0,WR,139.6000015,12
2002,00-0021153,J.Walker,GB,45,20,282,1,0,0,0,14.1,6.266666667,0,532,0.084586466,1,11,0,WR,55.30000055,13
2002,00-0021163,J.Gaffney,HOU,73,35,410,1,0,0,0,11.71428571,5.616438356,0,384,0.190104167,0,0,0,WR,89.5600006,14
2002,00-0021166,J.Reed,BUF,41,25,326,2,0,0,0,13.04,7.951219512,0,571,0.071803853,0,0,0,WR,69.60000062,10
2002,00-0021175,A.Davis,CLE,49,27,326,5,0,0,0,12.07407407,6.653061224,0,519,0.094412331,0,0,0,WR,89.60000026,9
2002,00-0021176,R.Caldwell,SD,30,14,120,3,0,0,0,8.571428571,4,0,0,0,1,6,0,WR,44.60000026,8
2002,00-0021190,A.Randle El,PIT,62,44,455,1,0,0,0,10.34090909,7.338709677,0,520,0.119230769,18,132,0,WR,110.5000022,15
2002,00-0021191,A.Bryant,DAL,84,37,563,5,0,0,0,15.21621622,6.702380952,0,427,0.196721311,6,40,0,WR,127.3000005,15
2002,00-0021192,D.Branch,NE,68,43,489,2,0,0,0,11.37209302,7.191176471,0,548,0.124087591,2,0,0,WR,103.9000005,11
2003,00-0001477,M.Booker,CHI,46,46,623,4,0,0,0,13.54347826,13.54347826,0,254,0.181102362,3,-7,0,WR,131.5999999,12
2003,00-0001532,D.Boston,SD,59,58,726,6,0,0,0,12.51724138,12.30508475,0,0,0,2,13,0,WR,169.9000028,11
2003,00-0002058,T.Brown,OAK,31,31,394,2,0,0,0,12.70967742,12.70967742,0,0,0,1,4,0,WR,82.80000153,10
2003,00-0002068,T.Brown,NE,35,35,420,3,0,0,0,12,12,0,299,0.117056856,6,27,0,WR,97.70000038,11
2003,00-0002099,I.Bruce,STL,69,69,981,5,0,0,0,14.2173913,14.2173913,0,0,0,2,17,0,WR,201.4400015,14
2003,00-0003396,C.Conway,NYJ,44,44,593,2,0,0,0,13.47727273,13.47727273,0,294,0.149659864,0,0,0,WR,115.3000014,15
2003,00-0004541,D.Driver,GB,51,51,601,2,0,0,0,11.78431373,11.78431373,0,299,0.170568562,5,51,0,WR,128.2000009,14
2003,00-0004780,T.Edwards,JAX,34,33,460,2,0,0,0,13.93939394,13.52941176,0,286,0.118881119,3,-9,0,WR,90.10000136,11
2003,00-0004915,B.Engram,SEA,48,48,604,6,0,0,0,12.58333333,12.58333333,0,293,0.163822526,0,0,0,WR,144.4000021,14
2003,00-0005720,J.Galloway,DAL,31,31,601,2,0,0,0,19.38709677,19.38709677,0,267,0.116104869,3,12,0,WR,104.3000006,12
2003,00-0006043,T.Glenn,DAL,50,50,712,5,0,0,0,14.24,14.24,0,267,0.187265918,3,55,0,WR,156.7000012,12
2003,00-0006627,A.Hakim,DET,37,36,310,2,0,0,0,8.611111111,8.378378378,0,295,0.125423729,1,8,0,WR,82.64000034,10
2003,00-0007024,M.Harrison,IND,92,92,1238,10,0,0,0,13.45652174,13.45652174,0,356,0.258426966,1,3,0,WR,276.1000013,14
2003,00-0007468,I.Hilliard,NYG,61,60,608,6,0,0,0,10.13333333,9.967213115,0,327,0.186544343,2,19,0,WR,158.7000011,13
2003,00-0007681,T.Holt,STL,112,112,1642,12,0,0,0,14.66071429,14.66071429,0,0,0,1,5,0,WR,348.700004,15
2003,00-0007744,J.Horn,NO,78,78,973,10,0,0,0,12.47435897,12.47435897,0,301,0.259136213,2,15,0,WR,237.3600006,15
2003,00-0008560,K.Johnson,CLE,55,55,618,3,0,0,0,11.23636364,11.23636364,0,305,0.180327869,0,0,0,WR,134.8000009,13
2003,00-0008561,K.Johnson,TB,45,45,601,3,0,0,0,13.35555556,13.35555556,0,347,0.129682997,0,0,0,WR,123.1000007,10
2003,00-0009163,E. Kennison,KC,54,53,824,4,0,0,0,15.54716981,15.25925926,0,319,0.169278997,2,9,0,WR,160.3000024,15
2003,00-0010500,D.Mason,TEN,90,89,1213,6,0,0,0,13.62921348,13.47777778,0,299,0.301003344,3,11,0,WR,247.4000022,15
2003,00-0010668,K.McCardell,TB,83,83,1177,8,0,0,0,14.18072289,14.18072289,0,347,0.239193084,0,0,0,WR,248.7000034,15
2003,00-0011727,J. Morton,KC,44,44,659,4,0,0,0,14.97727273,14.97727273,0,319,0.137931034,7,100,0,WR,143.900003,14
2003,00-0011754,R. Moss,MIN,106,106,1576,17,0,0,0,14.86792453,14.86792453,0,317,0.334384858,5,18,0,WR,367.4000041,15
2003,00-0011770,E.Moulds,BUF,47,46,640,1,0,0,0,13.91304348,13.61702128,0,272,0.172794118,0,0,0,WR,116.0000013,10
2003,00-0011795,M.Muhammad,CAR,49,49,757,2,0,0,0,15.44897959,15.44897959,0,256,0.19140625,2,-2,0,WR,136.4999998,14
2003,00-0012478,T.Owens,SF,80,80,1102,9,0,0,0,13.775,13.775,0,279,0.286738351,3,-2,0,WR,244.0000026,15
2003,00-0012637,J.Pathon,NO,40,40,520,3,0,0,0,13,13,0,301,0.132890365,0,0,0,WR,110.0000014,15
2003,00-0013232,P.Price,ATL,60,60,764,2,0,0,0,12.73333333,12.73333333,0,218,0.275229358,2,3,0,WR,148.7000013,15
2003,00-0013639,J.Rice,OAK,42,42,535,0,0,0,0,12.73809524,12.73809524,0,0,0,0,0,0,WR,95.50000119,10
2003,00-0014489,B.Schroeder,DET,30,30,343,1,0,0,0,11.43333333,11.43333333,0,295,0.101694915,0,0,0,WR,70.30000067,11
2003,00-0014729,B.Shaw,BUF,53,52,710,4,0,0,0,13.65384615,13.39622642,0,272,0.194852941,0,0,0,WR,147.0000029,13
2003,00-0015218,J.Smith,JAX,51,50,772,4,0,0,0,15.44,15.1372549,0,286,0.178321678,0,0,0,WR,151.2000017,11
2003,00-0015290,R.Smith,DEN,59,59,621,2,0,0,0,10.52542373,10.52542373,0,267,0.220973783,9,72,0,WR,140.3000019,12
2003,00-0015811,T.Streets,SF,45,45,584,7,0,0,0,12.97777778,12.97777778,0,279,0.161290323,0,0,0,WR,145.4000016,13
2003,00-0016440,J.Thrash,PHI,47,47,550,1,0,0,0,11.70212766,11.70212766,0,257,0.182879377,5,53,0,WR,113.3000017,15
2003,00-0016550,A.Toomer,NYG,59,59,1010,4,0,0,0,17.11864407,17.11864407,0,327,0.180428135,1,5,0,WR,184.5000024,15
2003,00-0017162,H. Ward,PIT,73,73,899,7,0,0,0,12.31506849,12.31506849,0,291,0.250859107,8,29,0,WR,207.8000019,12
2003,00-0018958,L.Coles,WAS,77,76,1117,6,0,0,0,14.69736842,14.50649351,0,265,0.290566038,10,39,0,WR,227.6000012,15
2003,00-0019242,D.Looker,STL,44,44,460,3,0,0,0,10.45454545,10.45454545,0,0,0,0,0,0,WR,108.4400007,15
2003,00-0019455,P.Warrick,CIN,76,76,808,7,0,0,0,10.63157895,10.63157895,0,302,0.251655629,16,141,0,WR,212.9000029,14
2003,00-0019505,C.Lee,TB,30,29,373,2,0,0,0,12.86206897,12.43333333,0,347,0.086455331,2,14,0,WR,79.7000019,5
2003,00-0019539,D. Hall,KC,39,38,420,1,0,0,0,11.05263158,10.76923077,0,319,0.122257053,17,66,0,WR,92.60000188,14
2003,00-0019552,T.Walters,IND,33,33,434,3,0,0,0,13.15151515,13.15151515,0,356,0.092696629,1,6,0,WR,95.00000238,11
2003,00-0019606,T.Pinkston,PHI,33,33,501,2,0,0,0,15.18181818,15.18181818,0,257,0.128404669,1,-11,0,WR,94.00000072,14
2003,00-0019642,P. Burress,PIT,48,48,659,2,0,0,0,13.72916667,13.72916667,0,291,0.164948454,1,-7,0,WR,125.2000013,12
2003,00-0019650,D. Northcutt,CLE,31,31,380,1,0,0,0,12.25806452,12.25806452,0,305,0.101639344,7,44,0,WR,79.40000081,7
2003,00-0019650,D.Northcutt,CLE,30,30,329,1,0,0,0,10.96666667,10.96666667,0,305,0.098360656,2,7,0,WR,79.40000081,7
2003,00-0019660,D.White,CHI,49,49,583,3,0,0,0,11.89795918,11.89795918,0,254,0.192913386,2,13,0,WR,126.600002,15
2003,00-0019663,D.Jackson,SEA,64,64,1083,9,0,0,0,16.921875,16.921875,0,293,0.218430034,0,0,0,WR,226.3000027,14
2003,00-0019721,T.Taylor,BAL,36,36,611,3,0,0,0,16.97222222,16.97222222,0,205,0.175609756,11,62,0,WR,121.3000012,15
2003,00-0019976,D.Bennett,TEN,31,31,488,4,0,0,0,15.74193548,15.74193548,0,299,0.10367893,0,0,0,WR,104.3600011,8
2003,00-0020337,S.Smith,CAR,86,86,1062,7,0,0,0,12.34883721,12.34883721,0,256,0.3359375,11,42,0,WR,238.4000033,15
2003,00-0020381,J.McCareins,TEN,46,46,789,7,0,0,0,17.15217391,17.15217391,0,299,0.153846154,1,13,0,WR,168.2000004,15
2003,00-0020397,C.Johnson,CIN,86,86,1326,10,0,0,0,15.41860465,15.41860465,0,302,0.284768212,0,0,0,WR,278.6000032,15
2003,00-0020428,R.Ferguson,GB,38,38,520,4,0,0,0,13.68421053,13.68421053,0,299,0.127090301,1,-8,0,WR,113.2000019,13
2003,00-0020446,C.Chambers,MIA,56,55,810,10,0,0,0,14.72727273,14.46428571,0,238,0.235294118,3,28,0,WR,198.8000025,15
2003,00-0020452,C.Wilson,SF,30,30,346,1,0,0,0,11.53333333,11.53333333,0,279,0.107526882,1,-4,0,WR,70.44000001,13
2003,00-0020490,K.Robinson,SEA,59,59,811,3,0,0,0,13.74576271,13.74576271,0,293,0.201365188,3,19,0,WR,160.0000017,14
2003,00-0020494,S.Moss,NYJ,68,67,1039,10,0,0,0,15.50746269,15.27941176,0,294,0.231292517,10,67,0,WR,237.6000024,15
2003,00-0020497,F.Mitchell,PHI,31,31,451,1,0,0,0,14.5483871,14.5483871,0,257,0.120622568,0,0,0,WR,87.1000011,14
2003,00-0020498,R.Wayne,IND,65,65,806,7,0,0,0,12.4,12.4,0,356,0.18258427,0,0,0,WR,187.6000025,14
2003,00-0020513,D.Terrell,CHI,41,41,320,1,0,0,0,7.804878049,7.804878049,0,254,0.161417323,0,0,0,WR,79.0000006,14
2003,00-0020525,R.Gardner,WAS,57,57,596,5,0,0,0,10.45614035,10.45614035,0,265,0.21509434,0,0,0,WR,156.440001,15
2003,00-0021153,J.Walker,GB,38,38,675,9,0,0,0,17.76315789,17.76315789,0,299,0.127090301,2,1,0,WR,159.6000011,15
2003,00-0021163,J.Gaffney,HOU,34,34,402,2,0,0,0,11.82352941,11.82352941,0,235,0.144680851,1,13,0,WR,87.50000167,13
2003,00-0021166,J.Reed,BUF,41,41,459,2,0,0,0,11.19512195,11.19512195,0,272,0.150735294,2,30,0,WR,101.9000007,11
2003,00-0021191,A.Bryant,DAL,37,37,530,2,0,0,0,14.32432432,14.32432432,0,267,0.138576779,2,0,0,WR,102.0000013,13
2003,00-0021192,D.Branch,NE,51,51,745,3,0,0,0,14.60784314,14.60784314,0,299,0.170568562,1,11,0,WR,144.6000022,14
2003,00-0022044,A.Johnson,HOU,61,61,925,4,0,0,0,15.16393443,15.16393443,0,235,0.259574468,5,-10,0,WR,176.5000018,15
2003,00-0022084,A.Boldin,ARI,96,96,1350,8,0,0,0,14.0625,14.0625,0,284,0.338028169,5,40,0,WR,281.0000048,15
2003,00-0022156,B.Johnson,ARI,34,33,416,1,0,0,0,12.60606061,12.23529412,0,284,0.11971831,0,0,0,WR,80.6000005,12
2004,00-0001477,M.Booker,MIA,51,50,638,1,0,0,0,12.76,12.50980392,0,297,0.171717172,1,-8,0,WR,120.9200018,15
2004,00-0002099,I.Bruce,STL,84,84,1206,5,0,0,0,14.35714286,14.35714286,0,0,0,0,0,0,WR,234.6000038,15
2004,00-0002962,W.Chrebet,NYJ,30,29,379,1,0,0,0,13.06896552,12.63333333,0,263,0.114068441,0,0,0,WR,72.90000069,11
2004,00-0003396,C.Conway,SF,36,34,359,3,0,0,0,10.55882353,9.972222222,0,312,0.115384615,0,0,0,WR,89.90000165,11
2004,00-0004541,D.Driver,GB,84,83,1160,9,0,0,0,13.97590361,13.80952381,0,368,0.22826087,2,13,0,WR,256.3000013,15
2004,00-0004780,T.Edwards,JAX,47,47,512,1,0,0,0,10.89361702,10.89361702,0,294,0.159863946,2,2,0,WR,104.4000015,14
2004,00-0004915,B.Engram,SEA,30,30,420,2,0,0,0,14,14,0,285,0.105263158,0,0,0,WR,84.00000107,12
2004,00-0005720,J.Galloway,TB,31,30,368,5,0,0,0,12.26666667,11.87096774,0,328,0.094512195,2,19,0,WR,98.70000124,9
2004,00-0006627,A.Hakim,DET,31,31,533,3,0,0,0,17.19354839,17.19354839,0,254,0.122047244,1,0,0,WR,102.3000013,10
2004,00-0007024,M.Harrison,IND,81,81,1080,14,0,0,0,13.33333333,13.33333333,0,336,0.241071429,0,0,0,WR,273.0000018,15
2004,00-0007468,I.Hilliard,NYG,46,46,415,0,0,0,0,9.02173913,9.02173913,0,251,0.183266932,3,34,0,WR,90.90000141,15
2004,00-0007681,T.Holt,STL,87,87,1256,8,0,0,0,14.43678161,14.43678161,0,0,0,0,0,0,WR,260.6000044,15
2004,00-0007744,J.Horn,NO,91,90,1324,10,0,0,0,14.71111111,14.54945055,0,297,0.306397306,0,0,0,WR,284.4000036,15
2004,00-0008560,K.Johnson,BAL,33,33,362,1,0,0,0,10.96969697,10.96969697,0,244,0.135245902,1,0,0,WR,75.20000136,13
2004,00-0008561,K.Johnson,DAL,69,69,958,6,0,0,0,13.88405797,13.88405797,0,285,0.242105263,2,13,0,WR,200.6600012,15
2004,00-0009163,E.Kennison,KC,60,58,1013,8,0,0,0,17.46551724,16.88333333,0,339,0.17699115,2,15,0,WR,210.8000029,13
2004,00-0010500,D.Mason,TEN,93,92,1120,7,0,0,0,12.17391304,12.04301075,0,339,0.274336283,1,-3,0,WR,245.7000014,15
2004,00-0010668,K.McCardell,SD,31,31,393,1,0,0,0,12.67741935,12.67741935,0,0,0,1,3,0,WR,76.60000163,7
2004,00-0011727,J.Morton,KC,55,55,795,3,0,0,0,14.45454545,14.45454545,0,339,0.162241888,7,43,0,WR,156.800003,13
2004,00-0011754,R.Moss,MIN,44,44,701,12,0,0,0,15.93181818,15.93181818,0,355,0.123943662,0,0,0,WR,185.5800014,10
2004,00-0011770,E.Moulds,BUF,84,84,1006,5,0,0,0,11.97619048,11.97619048,0,246,0.341463415,5,19,0,WR,216.5000022,15
2004,00-0011795,M.Muhammad,CAR,87,87,1310,14,0,0,0,15.05747126,15.05747126,0,288,0.302083333,3,15,0,WR,303.5000023,15
2004,00-0012478,T.Owens,PHI,77,77,1200,14,0,0,0,15.58441558,15.58441558,0,307,0.250814332,3,-5,0,WR,280.5000027,14
2004,00-0012637,J.Pathon,NO,30,30,503,1,0,0,0,16.76666667,16.76666667,0,297,0.101010101,0,0,0,WR,86.30000126,11
2004,00-0012642,D.Patten,NE,43,43,777,7,0,0,0,18.06976744,18.06976744,0,270,0.159259259,1,5,0,WR,163.2000004,14
2004,00-0013232,P.Price,ATL,38,38,529,2,0,0,0,13.92105263,13.92105263,0,197,0.192893401,3,34,0,WR,107.3000002,14
2004,00-0013268,R.Proehl,CAR,32,32,472,0,0,0,0,14.75,14.75,0,288,0.111111111,1,9,0,WR,80.10000187,13
2004,00-0013639,J.Rice,SEA,30,30,429,3,0,0,0,14.3,14.3,0,285,0.105263158,0,0,0,WR,90.90000141,12
2004,00-0013888,M.Robinson,MIN,44,44,606,7,0,0,0,13.77272727,13.77272727,0,355,0.123943662,0,0,0,WR,146.6000012,14
2004,00-0015218,J.Smith,JAX,71,71,1150,6,0,0,0,16.1971831,16.1971831,0,294,0.241496599,0,0,0,WR,222.0000045,15
2004,00-0015290,R.Smith,DEN,73,73,1068,7,0,0,0,14.63013699,14.63013699,0,286,0.255244755,5,33,0,WR,225.1000034,15
2004,00-0015754,B.Stokley,IND,68,68,1077,10,0,0,0,15.83823529,15.83823529,0,336,0.202380952,0,0,0,WR,235.700001,15
2004,00-0015811,T.Streets,DET,30,28,260,1,0,0,0,9.285714286,8.666666667,0,254,0.118110236,0,0,0,WR,61.99999988,13
2004,00-0016550,A.Toomer,NYG,51,51,747,0,0,0,0,14.64705882,14.64705882,0,251,0.203187251,0,0,0,WR,125.7000018,15
2004,00-0017162,H.Ward,PIT,78,78,993,4,0,0,0,12.73076923,12.73076923,0,217,0.359447005,7,25,1,WR,209.8000007,15
2004,00-0018958,L.Coles,WAS,87,87,913,1,0,0,0,10.49425287,10.49425287,0,272,0.319852941,2,-9,0,WR,183.4000018,15
2004,00-0019606,T.Pinkston,PHI,36,36,676,1,0,0,0,18.77777778,18.77777778,0,307,0.117263844,0,0,0,WR,109.6000005,13
2004,00-0019642,P.Burress,PIT,36,35,698,5,0,0,0,19.94285714,19.38888889,0,217,0.165898618,0,0,0,WR,134.8000026,11
2004,00-0019650,D.Northcutt,CLE,50,50,721,2,0,0,0,14.42,14.42,0,232,0.215517241,7,15,0,WR,135.6000019,15
2004,00-0019663,D.Jackson,SEA,85,84,1189,6,0,0,0,14.1547619,13.98823529,0,285,0.298245614,0,0,0,WR,240.900001,15
2004,00-0019703,J.Porter,OAK,62,61,963,9,0,0,0,15.78688525,15.53225806,0,0,0,1,-4,0,WR,210.9000027,15
2004,00-0019721,T.Taylor,BAL,34,34,421,0,0,0,0,12.38235294,12.38235294,0,244,0.139344262,0,0,0,WR,76.10000145,10
2004,00-0019976,D.Bennett,TEN,78,78,1197,10,0,0,0,15.34615385,15.34615385,0,339,0.230088496,1,12,0,WR,263.9400049,14
2004,00-0020381,J.McCareins,NYJ,50,50,708,4,0,0,0,14.16,14.16,0,263,0.190114068,2,-5,0,WR,144.3000024,15
2004,00-0020397,C.Johnson,CIN,90,90,1207,9,0,0,0,13.41111111,13.41111111,0,309,0.291262136,3,21,0,WR,266.8000026,15
2004,00-0020438,T.Houshmandzadeh,CIN,67,67,907,3,0,0,0,13.53731343,13.53731343,0,309,0.216828479,6,51,0,WR,180.8000029,14
2004,00-0020446,C.Chambers,MIA,67,65,746,6,0,0,0,11.47692308,11.13432836,0,297,0.225589226,9,76,0,WR,185.200003,14
2004,00-0020452,C.Wilson,SF,46,46,634,3,0,0,0,13.7826087,13.7826087,0,312,0.147435897,1,6,0,WR,128.0000016,13
2004,00-0020490,K.Robinson,SEA,31,31,495,2,0,0,0,15.96774194,15.96774194,0,285,0.10877193,1,3,0,WR,92.80000132,9
2004,00-0020494,S.Moss,NYJ,41,41,810,5,0,0,0,19.75609756,19.75609756,0,263,0.155893536,5,31,0,WR,155.100002,14
2004,00-0020498,R.Wayne,IND,74,74,1120,11,0,0,0,15.13513514,15.13513514,0,336,0.220238095,1,-4,0,WR,251.6000028,15
2004,00-0020513,D.Terrell,CHI,38,38,600,1,0,0,0,15.78947368,15.78947368,0,231,0.164502165,3,10,0,WR,105.0000012,14
2004,00-0020525,R.Gardner,WAS,50,50,641,5,0,0,0,12.82,12.82,0,272,0.183823529,3,7,0,WR,144.8000007,15
2004,00-0020904,E.Parker,SD,47,47,690,4,0,0,0,14.68085106,14.68085106,0,0,0,4,53,0,WR,145.2999998,13
2004,00-0021147,D.Stallworth,NO,55,55,736,5,0,0,0,13.38181818,13.38181818,0,297,0.185185185,5,37,0,WR,162.3000003,14
2004,00-0021152,A.Lelie,DEN,51,51,1014,6,0,0,0,19.88235294,19.88235294,0,286,0.178321678,3,5,0,WR,188.9000024,15
2004,00-0021153,J.Walker,GB,86,86,1298,11,0,0,0,15.09302326,15.09302326,0,368,0.233695652,0,0,0,WR,281.800004,15
2004,00-0021163,J.Gaffney,HOU,41,40,621,2,0,0,0,15.525,15.14634146,0,273,0.15018315,4,30,0,WR,117.1000016,13
2004,00-0021190,A.Randle El,PIT,36,36,520,2,0,0,0,14.44444444,14.44444444,0,217,0.165898618,8,34,0,WR,107.8000012,15
2004,00-0021191,A.Bryant,CLE,51,51,725,4,0,0,0,14.21568627,14.21568627,0,232,0.219827586,0,0,0,WR,147.5000021,14
2004,00-0021192,D.Branch,NE,32,32,432,3,0,0,0,13.5,13.5,0,270,0.118518519,0,0,0,WR,93.20000184,8
2004,00-0021337,R.Curry,OAK,50,50,679,6,0,0,0,13.58,13.58,0,0,0,1,-3,0,WR,153.6000006,11
2004,00-0021353,D.Givens,NE,54,54,842,3,0,0,0,15.59259259,15.59259259,0,270,0.2,0,0,0,WR,156.2000015,13
2004,00-0021981,S.McDonald,STL,35,35,459,3,0,0,0,13.11428571,13.11428571,0,0,0,3,3,0,WR,99.20000094,14
2004,00-0021999,N.Burleson,MIN,66,64,957,9,0,0,0,14.953125,14.5,0,355,0.185915493,6,49,0,WR,220.6000032,15
2004,00-0022044,A.Johnson,HOU,77,77,1129,6,0,0,0,14.66233766,14.66233766,0,273,0.282051282,4,12,0,WR,227.1000024,15
2004,00-0022084,A.Boldin,ARI,53,53,592,1,0,0,0,11.16981132,11.16981132,0,285,0.185964912,1,3,0,WR,118.5000029,9
2004,00-0022097,B.Lloyd,SF,45,43,565,6,0,0,0,13.13953488,12.55555556,0,312,0.144230769,0,0,0,WR,137.5000018,13
2004,00-0022102,D.Gabriel,OAK,31,31,521,2,0,0,0,16.80645161,16.80645161,0,0,0,2,7,0,WR,95.800001,14
2004,00-0022144,B.Wade,CHI,38,38,454,0,0,0,0,11.94736842,11.94736842,0,231,0.164502165,12,76,0,WR,91.00000144,15
2004,00-0022156,B.Johnson,ARI,47,47,528,1,0,0,0,11.23404255,11.23404255,0,285,0.164912281,2,-6,0,WR,105.2000013,13
2004,00-0022171,K.Washington,CIN,31,30,375,3,0,0,0,12.5,12.09677419,0,309,0.100323625,1,-1,0,WR,85.39999976,12
2004,00-0022725,M.Clayton,TB,78,78,1107,6,0,0,0,14.19230769,14.19230769,0,328,0.237804878,5,30,0,WR,227.7000032,15
2004,00-0022726,K.Colbert,CAR,46,45,715,5,0,0,0,15.88888889,15.54347826,0,288,0.159722222,0,0,0,WR,148.5000015,14
2004,00-0022751,D.Watts,DEN,31,31,385,1,0,0,0,12.41935484,12.41935484,0,286,0.108391608,5,33,0,WR,78.80000049,15
2004,00-0022909,R.Williams,DET,50,50,755,7,0,0,0,15.1,15.1,0,254,0.196850394,1,1,0,WR,167.6000001,13
2004,00-0022910,L.Evans,BUF,46,46,780,9,0,0,0,16.95652174,16.95652174,0,246,0.18699187,4,70,0,WR,185.000002,14
2004,00-0022921,L.Fitzgerald,ARI,56,55,744,8,0,0,0,13.52727273,13.28571429,0,285,0.196491228,6,13,0,WR,178.7000001,15
2005,00-0001477,M.Booker,MIA,32,32,600,2,0,0,0,18.75,18.75,0,270,0.118518519,0,0,0,WR,104.0000011,12
2005,00-0001627,C.Bradford,HOU,33,32,380,4,0,0,0,11.875,11.51515152,0,254,0.12992126,0,0,0,WR,96.00000143,11
2005,00-0002068,T.Brown,NE,40,39,466,2,0,0,0,11.94871795,11.65,0,340,0.117647059,0,0,0,WR,97.60000086,11
2005,00-0002099,I.Bruce,STL,35,35,517,3,0,0,0,14.77142857,14.77142857,0,0,0,0,0,0,WR,104.7000008,10
2005,00-0004541,D.Driver,GB,80,80,1103,5,0,0,0,13.7875,13.7875,0,366,0.218579235,2,13,0,WR,221.6000025,15
2005,00-0004915,B.Engram,SEA,64,64,744,3,0,0,0,11.625,11.625,0,292,0.219178082,0,0,0,WR,156.4000009,12
2005,00-0005231,B.Finneran,ATL,48,46,566,2,0,0,0,12.30434783,11.79166667,0,226,0.212389381,0,0,0,WR,118.6000024,12
2005,00-0005720,J.Galloway,TB,79,79,1249,8,0,0,0,15.81012658,15.81012658,0,291,0.271477663,2,4,0,WR,252.3000027,13
2005,00-0006043,T.Glenn,DAL,60,60,1085,7,0,0,0,18.08333333,18.08333333,0,284,0.211267606,2,-4,1,WR,216.1000023,15
2005,00-0007024,M.Harrison,IND,80,80,1117,12,0,0,0,13.9625,13.9625,0,327,0.244648318,0,0,0,WR,263.7000024,14
2005,00-0007468,I.Hilliard,TB,33,33,262,1,0,0,0,7.939393939,7.939393939,0,291,0.113402062,0,0,0,WR,65.20000017,12
2005,00-0007681,T.Holt,STL,98,98,1291,9,0,0,0,13.17346939,13.17346939,0,0,0,0,0,0,WR,281.1000007,13
2005,00-0007744,J.Horn,NO,48,48,643,1,0,0,0,13.39583333,13.39583333,0,284,0.169014085,0,0,0,WR,118.3000007,11
2005,00-0008561,K.Johnson,DAL,67,66,742,6,0,0,0,11.24242424,11.07462687,0,284,0.235915493,1,3,0,WR,178.500001,15
2005,00-0008962,J.Jurevicius,SEA,53,53,683,9,0,0,0,12.88679245,12.88679245,0,292,0.181506849,0,0,0,WR,175.3000022,14
2005,00-0009163,E.Kennison,KC,61,61,951,5,0,0,0,15.59016393,15.59016393,0,295,0.206779661,7,43,0,WR,190.4000033,14
2005,00-0010500,D.Mason,BAL,83,83,1000,3,0,0,0,12.04819277,12.04819277,0,321,0.258566978,0,0,0,WR,201.0000007,15
2005,00-0010668,K.McCardell,SD,64,64,866,9,0,0,0,13.53125,13.53125,0,0,0,3,2,0,WR,204.8000011,15
2005,00-0011754,R.Moss,OAK,54,53,889,6,0,0,0,16.77358491,16.46296296,0,0,0,0,0,0,WR,177.900002,14
2005,00-0011770,E.Moulds,BUF,73,73,720,3,0,0,0,9.863013699,9.863013699,0,247,0.295546559,0,0,0,WR,163.000001,13
2005,00-0011795,M.Muhammad,CHI,64,64,750,4,0,0,0,11.71875,11.71875,0,205,0.312195122,0,0,0,WR,163.0000018,14
2005,00-0012478,T.Owens,PHI,47,47,763,6,0,0,0,16.23404255,16.23404255,0,317,0.148264984,1,2,0,WR,159.5000021,7
2005,00-0013888,M.Robinson,MIN,32,31,515,5,0,0,0,16.61290323,16.09375,0,296,0.108108108,0,0,0,WR,114.5000011,14
2005,00-0015218,J.Smith,JAX,66,66,977,6,0,0,0,14.8030303,14.8030303,0,264,0.25,0,0,0,WR,199.7000029,15
2005,00-0015290,R.Smith,DEN,84,84,1094,6,0,0,0,13.02380952,13.02380952,0,270,0.311111111,1,7,0,WR,230.1000032,15
2005,00-0015754,B.Stokley,IND,41,41,543,1,0,0,0,13.24390244,13.24390244,0,327,0.125382263,0,0,0,WR,101.300001,12
2005,00-0016550,A.Toomer,NYG,60,60,684,7,0,0,0,11.4,11.4,0,283,0.212014134,0,0,0,WR,170.4000009,14
2005,00-0017162,H.Ward,PIT,68,68,935,11,0,0,0,13.75,13.75,0,221,0.307692308,3,10,0,WR,228.5000025,14
2005,00-0018958,L.Coles,NYJ,69,69,766,5,0,0,0,11.10144928,11.10144928,0,258,0.26744186,0,0,0,WR,175.6000029,15
2005,00-0019642,P.Burress,NYG,71,71,1086,6,0,0,0,15.29577465,15.29577465,0,283,0.250883392,0,0,0,WR,215.6000024,15
2005,00-0019650,D.Northcutt,CLE,36,36,400,2,0,0,0,11.11111111,11.11111111,0,275,0.130909091,2,33,0,WR,91.30000092,13
2005,00-0019663,D.Jackson,SEA,38,38,482,3,0,0,0,12.68421053,12.68421053,0,292,0.130136986,1,7,0,WR,104.9000005,6
2005,00-0019703,J.Porter,OAK,71,70,866,5,0,0,0,12.37142857,12.1971831,0,0,0,1,-8,0,WR,185.8000022,15
2005,00-0019721,T.Taylor,MIN,45,45,536,3,0,0,0,11.91111111,11.91111111,0,296,0.152027027,2,3,0,WR,116.9000019,15
2005,00-0019976,D.Bennett,TEN,57,57,729,4,0,0,0,12.78947368,12.78947368,0,338,0.168639053,1,3,0,WR,154.2000015,12
2005,00-0019997,A.Chatman,GB,46,45,516,3,0,0,0,11.46666667,11.2173913,0,366,0.12568306,7,41,0,WR,118.7000016,14
2005,00-0020337,S.Smith,CAR,95,94,1432,11,0,0,0,15.23404255,15.07368421,0,254,0.374015748,3,18,1,WR,311.0000047,15
2005,00-0020381,J.McCareins,NYJ,41,41,702,2,0,0,0,17.12195122,17.12195122,0,258,0.158914729,1,8,0,WR,124.0000008,14
2005,00-0020397,C.Johnson,CIN,93,93,1377,9,0,0,0,14.80645161,14.80645161,0,345,0.269565217,4,27,0,WR,287.4000027,15
2005,00-0020438,T.Houshmandzadeh,CIN,75,75,927,7,0,0,0,12.36,12.36,0,345,0.217391304,8,62,1,WR,221.900002,13
2005,00-0020446,C.Chambers,MIA,77,77,1043,11,0,0,0,13.54545455,13.54545455,0,270,0.285185185,12,92,0,WR,256.5000045,15
2005,00-0020494,S.Moss,WAS,80,80,1400,9,0,0,0,17.5,17.5,0,271,0.295202952,3,-3,0,WR,273.7000027,15
2005,00-0020498,R.Wayne,IND,84,83,1055,5,0,0,0,12.71084337,12.55952381,0,327,0.256880734,0,0,0,WR,218.500003,15
2005,00-0020904,E.Parker,SD,49,49,638,3,0,0,0,13.02040816,13.02040816,0,0,0,4,55,0,WR,136.3000015,13
2005,00-0021147,D.Stallworth,NO,64,64,884,7,0,0,0,13.8125,13.8125,0,284,0.225352113,2,2,0,WR,194.6000023,14
2005,00-0021152,A.Lelie,DEN,40,40,751,1,0,0,0,18.775,18.775,0,270,0.148148148,5,84,0,WR,129.5000004,14
2005,00-0021163,J.Gaffney,HOU,54,54,484,2,0,0,0,8.962962963,8.962962963,0,254,0.212598425,4,13,0,WR,115.7000013,13
2005,00-0021166,J.Reed,BUF,31,31,444,2,0,0,0,14.32258065,14.32258065,0,247,0.125506073,1,-3,0,WR,87.10000163,15
2005,00-0021190,A.Randle El,PIT,34,34,545,1,0,0,0,16.02941176,16.02941176,0,221,0.153846154,11,72,0,WR,108.3800019,14
2005,00-0021191,A.Bryant,CLE,60,60,886,3,0,0,0,14.76666667,14.76666667,0,275,0.218181818,1,3,0,WR,166.9000028,15
2005,00-0021192,D.Branch,NE,76,76,979,4,0,0,0,12.88157895,12.88157895,0,340,0.223529412,0,0,0,WR,197.9000018,15
2005,00-0021353,D.Givens,NE,58,58,720,2,0,0,0,12.4137931,12.4137931,0,340,0.170588235,2,13,0,WR,143.3000018,12
2005,00-0021508,G.Lewis,PHI,44,44,499,1,0,0,0,11.34090909,11.34090909,0,317,0.138801262,2,13,0,WR,101.2000019,14
2005,00-0021530,S.Vines,DET,36,36,373,0,0,0,0,10.36111111,10.36111111,0,281,0.128113879,1,7,0,WR,74.00000095,10
2005,00-0021981,S.McDonald,STL,44,44,509,0,0,0,0,11.56818182,11.56818182,0,0,0,1,7,0,WR,95.60000175,13
2005,00-0022001,K.Curtis,STL,58,58,803,6,0,0,0,13.84482759,13.84482759,0,0,0,1,5,1,WR,180.8000034,15
2005,00-0022044,A.Johnson,HOU,62,62,685,2,0,0,0,11.0483871,11.0483871,0,254,0.244094488,6,10,0,WR,143.5000018,11
2005,00-0022084,A.Boldin,ARI,96,94,1317,7,0,0,0,14.0106383,13.71875,0,391,0.245524297,12,45,0,WR,274.2000021,13
2005,00-0022097,B.Lloyd,SF,44,44,685,4,0,0,0,15.56818182,15.56818182,0,190,0.231578947,0,0,0,WR,136.5000018,14
2005,00-0022156,B.Johnson,ARI,38,38,416,1,0,0,0,10.94736842,10.94736842,0,391,0.097186701,1,0,0,WR,85.60000062,13
2005,00-0022725,M.Clayton,TB,32,32,372,0,0,0,0,11.625,11.625,0,291,0.109965636,1,2,0,WR,69.40000089,11
2005,00-0022754,S.Parker,KC,35,35,517,3,0,0,0,14.77142857,14.77142857,0,295,0.118644068,0,0,0,WR,104.7000026,10
2005,00-0022781,M.Jenkins,ATL,31,31,448,3,0,0,0,14.4516129,14.4516129,0,226,0.137168142,0,0,0,WR,93.80000186,12
2005,00-0022889,R.Williams,JAX,31,31,393,0,0,0,0,12.67741935,12.67741935,0,264,0.117424242,2,3,0,WR,70.6000002,10
2005,00-0022901,E.Wilford,JAX,39,39,641,6,0,0,0,16.43589744,16.43589744,0,264,0.147727273,0,0,0,WR,139.1000018,15
2005,00-0022909,R.Williams,DET,42,42,656,7,0,0,0,15.61904762,15.61904762,0,281,0.149466192,0,0,0,WR,149.6000015,11
2005,00-0022910,L.Evans,BUF,47,47,726,7,0,0,0,15.44680851,15.44680851,0,247,0.190283401,3,-1,0,WR,161.5000028,15
2005,00-0022921,L.Fitzgerald,ARI,97,97,1329,9,0,0,0,13.70103093,13.70103093,0,391,0.248081841,8,41,0,WR,288.0000022,15
2005,00-0023438,B.Edwards,CLE,32,32,512,3,0,0,0,16,16,0,275,0.116363636,0,0,0,WR,101.1999995,10
2005,00-0023456,M.Jones,JAX,33,33,377,4,0,0,0,11.42424242,11.42424242,0,264,0.125,12,51,0,WR,100.0400008,14
2005,00-0023457,M.Clayton,BAL,41,41,448,2,0,0,0,10.92682927,10.92682927,0,321,0.127725857,8,33,1,WR,107.100001,12
2005,00-0023470,R.Brown,PHI,36,36,494,2,0,0,0,13.72222222,13.72222222,0,317,0.113564669,1,5,0,WR,97.90000117,13
2005,00-0023518,C.Henry,CIN,31,31,422,6,0,0,0,13.61290323,13.61290323,0,345,0.089855072,0,0,0,WR,109.2000011,11
2006,00-0001477,M.Booker,MIA,52,51,701,6,413,288,7.942307692,13.74509804,13.48076923,5.647058824,327,0.159021407,3,19,0,WR,161.0000014,13
2006,00-0002068,T.Brown,NE,42,41,373,3,195,178,4.642857143,9.097560976,8.880952381,4.341463415,312,0.134615385,1,16,0,WR,99.90000069,14
2006,00-0002099,I.Bruce,STL,72,70,1032,3,768,264,10.66666667,14.74285714,14.33333333,3.771428571,0,0,0,0,0,WR,193.2000021,15
2006,00-0004541,D.Driver,GB,88,88,1238,7,783,457,8.897727273,14.06818182,14.06818182,5.193181818,329,0.267477204,6,22,0,WR,256.0000027,15
2006,00-0005720,J.Galloway,TB,54,54,939,6,647,292,11.98148148,17.38888889,17.38888889,5.407407407,280,0.192857143,2,9,0,WR,184.8000014,13
2006,00-0006043,T.Glenn,DAL,64,64,938,6,689,235,10.765625,14.65625,14.65625,3.671875,289,0.221453287,3,11,0,WR,194.9000021,14
2006,00-0007024,M.Harrison,IND,91,90,1292,11,1024,268,11.25274725,14.35555556,14.1978022,2.977777778,342,0.266081871,0,0,0,WR,285.2000035,15
2006,00-0007468,I.Hilliard,TB,33,33,335,2,201,134,6.090909091,10.15151515,10.15151515,4.060606061,280,0.117857143,0,0,0,WR,78.50000036,13
2006,00-0007681,T.Holt,STL,84,84,1098,10,848,250,10.0952381,13.07142857,13.07142857,2.976190476,0,0,0,0,0,WR,253.8000045,15
2006,00-0007744,J.Horn,NO,38,37,679,4,486,193,12.78947368,18.35135135,17.86842105,5.216216216,355,0.107042254,0,0,0,WR,130.9000016,10
2006,00-0008561,K.Johnson,CAR,67,67,791,4,586,205,8.746268657,11.80597015,11.80597015,3.059701493,302,0.221854305,1,4,1,WR,174.5000024,15
2006,00-0008962,J.Jurevicius,CLE,40,40,495,3,327,168,8.175,12.375,12.375,4.2,292,0.136986301,0,0,0,WR,107.5000013,11
2006,00-0009163,E.Kennison,KC,47,47,716,4,562,154,11.95744681,15.23404255,15.23404255,3.276595745,257,0.182879377,4,16,0,WR,144.2000013,15
2006,00-0010500,D.Mason,BAL,63,63,720,2,576,144,9.142857143,11.42857143,11.42857143,2.285714286,306,0.205882353,0,0,0,WR,147.000003,14
2006,00-0010668,K.McCardell,SD,33,33,398,0,323,75,9.787878788,12.06060606,12.06060606,2.272727273,0,0,1,8,0,WR,73.60000092,11
2006,00-0011754,R.Moss,OAK,42,42,553,3,437,116,10.4047619,13.16666667,13.16666667,2.761904762,0,0,0,0,0,WR,115.2999997,12
2006,00-0011770,E.Moulds,HOU,55,55,546,1,325,221,5.909090909,9.927272727,9.927272727,4.018181818,322,0.170807453,1,6,0,WR,116.2000004,14
2006,00-0011795,M.Muhammad,CHI,59,59,836,5,665,171,11.27118644,14.16949153,14.16949153,2.898305085,274,0.215328467,0,0,0,WR,172.6000026,15
2006,00-0012478,T.Owens,DAL,80,79,1063,12,749,314,9.3625,13.4556962,13.2875,3.974683544,289,0.276816609,0,0,0,WR,259.3000035,15
2006,00-0013232,P.Price,BUF,46,46,374,3,244,130,5.304347826,8.130434783,8.130434783,2.826086957,249,0.184738956,5,18,0,WR,103.2000008,15
2006,00-0015290,R.Smith,DEN,47,47,453,3,322,129,6.85106383,9.638297872,9.638297872,2.744680851,235,0.2,1,-5,0,WR,109.8000015,15
2006,00-0016550,A.Toomer,NYG,33,32,360,3,310,50,9.393939394,11.25,10.90909091,1.5625,298,0.110738255,1,0,0,WR,86.00000048,8
2006,00-0017162,H.Ward,PIT,69,69,924,6,601,323,8.710144928,13.39130435,13.39130435,4.68115942,293,0.235494881,0,0,0,WR,197.4000018,13
2006,00-0018958,L.Coles,NYJ,89,89,1055,6,734,321,8.247191011,11.85393258,11.85393258,3.606741573,291,0.305841924,2,14,0,WR,231.9000023,15
2006,00-0019281,M.Furrey,DET,87,87,984,5,753,231,8.655172414,11.31034483,11.31034483,2.655172414,344,0.252906977,0,0,0,WR,215.4000032,15
2006,00-0019642,P.Burress,NYG,64,61,962,10,726,205,11.34375,15.7704918,15.03125,3.360655738,298,0.214765101,0,0,0,WR,217.2000005,14
2006,00-0019663,D.Jackson,SEA,63,63,956,10,725,231,11.50793651,15.17460317,15.17460317,3.666666667,276,0.22826087,0,0,0,WR,218.600004,13
2006,00-0019721,T.Taylor,MIN,54,52,597,2,409,188,7.574074074,11.48076923,11.05555556,3.615384615,313,0.172523962,1,5,0,WR,124.2000027,15
2006,00-0019976,D.Bennett,TEN,43,42,662,3,560,98,13.02325581,15.76190476,15.39534884,2.333333333,212,0.202830189,0,0,0,WR,128.2000008,12
2006,00-0020337,S.Smith,CAR,76,76,1081,6,679,402,8.934210526,14.22368421,14.22368421,5.289473684,302,0.251655629,7,40,1,WR,230.1000042,13
2006,00-0020397,C.Johnson,CIN,83,83,1317,7,995,322,11.98795181,15.86746988,15.86746988,3.879518072,307,0.270358306,6,24,0,WR,259.1000024,15
2006,00-0020438,T.Houshmandzadeh,CIN,86,86,1037,9,714,323,8.302325581,12.05813953,12.05813953,3.755813953,307,0.280130293,3,6,0,WR,244.3000039,13
2006,00-0020446,C.Chambers,MIA,58,56,638,4,455,183,7.844827586,11.39285714,11,3.267857143,327,0.177370031,7,88,0,WR,152.6000016,15
2006,00-0020452,C.Wilson,PIT,34,34,474,1,364,110,10.70588235,13.94117647,13.94117647,3.235294118,293,0.116040956,2,14,0,WR,89.64000231,13
2006,00-0020494,S.Moss,WAS,50,49,687,5,465,222,9.3,14.02040816,13.74,4.530612245,254,0.196850394,7,82,0,WR,157.9000023,13
2006,00-0020498,R.Wayne,IND,81,80,1240,9,1039,201,12.82716049,15.5,15.30864198,2.5125,342,0.236842105,0,0,0,WR,260.0000033,15
2006,00-0020904,E.Parker,SD,43,43,597,0,456,141,10.60465116,13.88372093,13.88372093,3.279069767,0,0,2,19,0,WR,104.6000006,14
2006,00-0021147,D.Stallworth,PHI,44,38,725,5,509,216,11.56818182,19.07894737,16.47727273,5.684210526,318,0.13836478,0,0,0,WR,140.5000024,11
2006,00-0021153,J.Walker,DEN,65,65,1059,8,741,318,11.4,16.29230769,16.29230769,4.892307692,235,0.276595745,9,123,1,WR,237.2000016,15
2006,00-0021166,J.Reed,BUF,34,34,410,2,264,146,7.764705882,12.05882353,12.05882353,4.294117647,249,0.136546185,3,10,0,WR,88.00000034,11
2006,00-0021176,R.Caldwell,NE,58,57,626,3,367,259,6.327586207,10.98245614,10.79310345,4.543859649,312,0.185897436,1,5,0,WR,140.1000009,15
2006,00-0021191,A.Bryant,SF,41,41,747,3,567,180,13.82926829,18.2195122,18.2195122,4.390243902,242,0.169421488,0,0,0,WR,133.700002,14
2006,00-0021192,D.Branch,SEA,50,50,687,4,515,172,10.3,13.74,13.74,3.44,276,0.18115942,4,30,0,WR,145.700001,13
2006,00-0021337,R.Curry,OAK,57,57,680,1,478,179,8.385964912,11.92982456,11.92982456,3.140350877,0,0,1,4,0,WR,129.4000008,14
2006,00-0022001,K.Curtis,STL,37,37,430,4,332,98,8.972972973,11.62162162,11.62162162,2.648648649,0,0,4,4,0,WR,104.4000009,12
2006,00-0022044,A.Johnson,HOU,102,101,1135,5,717,418,7.029411765,11.23762376,11.12745098,4.138613861,322,0.316770186,3,14,0,WR,245.9000035,15
2006,00-0022064,A.Battle,SF,56,56,627,3,418,209,7.464285714,11.19642857,11.19642857,3.732142857,242,0.231404959,3,24,0,WR,139.1000016,15
2006,00-0022084,A.Boldin,ARI,80,79,1091,4,640,430,8,13.81012658,13.6375,5.443037975,300,0.266666667,3,10,0,WR,213.1000028,15
2006,00-0022156,Bry.Johnson,ARI,37,37,664,4,444,220,12,17.94594595,17.94594595,5.945945946,300,0.123333333,1,-3,0,WR,127.1000019,14
2006,00-0022427,W.Welker,MIA,64,64,664,1,398,266,6.21875,10.375,10.375,4.15625,327,0.195718654,0,0,0,WR,136.4000013,15
2006,00-0022701,D.Hackett,SEA,41,41,547,3,331,216,8.073170732,13.34146341,13.34146341,5.268292683,276,0.148550725,0,0,0,WR,113.7000024,12
2006,00-0022725,M.Clayton,TB,33,33,356,1,255,101,7.727272727,10.78787879,10.78787879,3.060606061,280,0.117857143,5,41,0,WR,78.70000033,12
2006,00-0022754,S.Parker,KC,39,39,532,1,418,108,10.71794872,13.64102564,13.64102564,2.769230769,257,0.151750973,3,7,0,WR,98.9000016,15
2006,00-0022766,P.Crayton,DAL,35,34,506,3,330,176,9.428571429,14.88235294,14.45714286,5.176470588,289,0.121107266,0,0,0,WR,102.6000023,12
2006,00-0022781,M.Jenkins,ATL,37,37,417,7,279,138,7.540540541,11.27027027,11.27027027,3.72972973,201,0.184079602,1,2,0,WR,120.9000009,15
2006,00-0022807,B.Berrian,CHI,50,50,758,6,527,231,10.54,15.16,15.16,4.62,274,0.182481752,2,5,0,WR,162.3000025,13
2006,00-0022811,J.Cotchery,NYJ,75,75,908,6,638,270,8.506666667,12.10666667,12.10666667,3.6,291,0.257731959,4,28,0,WR,204.6000029,15
2006,00-0022889,R.Williams,JAX,47,47,525,4,276,249,5.872340426,11.17021277,11.17021277,5.29787234,244,0.192622951,6,34,0,WR,126.900002,15
2006,00-0022901,E.Wilford,JAX,34,34,496,2,384,112,11.29411765,14.58823529,14.58823529,3.294117647,244,0.139344262,0,0,0,WR,95.60000098,14
2006,00-0022909,R.Williams,DET,76,76,1206,5,921,285,12.11842105,15.86842105,15.86842105,3.75,344,0.220930233,2,2,0,WR,226.8000038,15
2006,00-0022910,L.Evans,BUF,75,75,1146,7,827,319,11.02666667,15.28,15.28,4.253333333,249,0.301204819,0,0,0,WR,231.6000037,15
2006,00-0022921,L.Fitzgerald,ARI,64,64,908,5,731,177,11.421875,14.1875,14.1875,2.765625,300,0.213333333,1,5,0,WR,185.3000029,12
2006,00-0022929,D.Henderson,NO,30,30,674,5,488,186,16.26666667,22.46666667,22.46666667,6.2,355,0.084507042,2,14,1,WR,134.8000029,9
2006,00-0023367,N.Washington,PIT,34,34,603,4,518,85,15.23529412,17.73529412,17.73529412,2.5,293,0.116040956,3,8,0,WR,119.1000016,15
2006,00-0023438,B.Edwards,CLE,56,56,833,6,562,271,10.03571429,14.875,14.875,4.839285714,292,0.191780822,3,5,0,WR,175.8000017,15
2006,00-0023442,T.Williamson,MIN,37,37,455,0,277,178,7.486486486,12.2972973,12.2972973,4.810810811,313,0.118210863,0,0,0,WR,82.50000143,12
2006,00-0023456,M.Jones,JAX,36,36,539,4,392,147,10.88888889,14.97222222,14.97222222,4.083333333,244,0.147540984,1,-6,0,WR,113.3000021,12
2006,00-0023457,M.Clayton,BAL,65,65,912,5,579,333,8.907692308,14.03076923,14.03076923,5.123076923,306,0.212418301,7,-30,0,WR,183.2000019,15
2006,00-0023470,R.Brown,PHI,48,47,836,8,593,203,12.35416667,17.78723404,17.41666667,4.319148936,318,0.150943396,3,24,1,WR,187.0000009,15
2006,00-0023518,C.Henry,CIN,32,32,481,8,385,96,12.03125,15.03125,15.03125,3,307,0.104234528,0,0,0,WR,128.1000018,10
2006,00-0024240,S.Holmes,PIT,45,45,700,1,457,243,10.15555556,15.55555556,15.55555556,5.4,293,0.153583618,1,13,0,WR,122.3000022,15
2006,00-0024267,G.Jennings,GB,45,45,632,3,380,252,8.444444444,14.04444444,14.04444444,5.6,329,0.136778116,0,0,0,WR,126.2000012,14
2006,00-0024466,M.Colston,NO,70,70,1038,8,678,360,9.685714286,14.82857143,14.82857143,5.142857143,355,0.197183099,0,0,0,WR,221.8000019,12
2007,00-0001477,M.Booker,MIA,49,49,547,1,420,127,8.571428571,11.16326531,11.16326531,2.591836735,291,0.16838488,2,12,0,WR,110.9000019,14
2007,00-0002099,I.Bruce,STL,53,53,694,4,579,115,10.9245283,13.09433962,13.09433962,2.169811321,0,0,2,-4,0,WR,146.0000014,12
2007,00-0004541,D.Driver,GB,83,82,1048,2,647,401,7.795180723,12.7804878,12.62650602,4.890243902,368,0.225543478,2,4,0,WR,199.2000014,15
2007,00-0004915,B.Engram,SEA,90,90,1082,5,745,337,8.277777778,12.02222222,12.02222222,3.744444444,339,0.265486726,0,0,0,WR,228.2000021,15
2007,00-0005720,J.Galloway,TB,57,57,1014,6,580,434,10.1754386,17.78947368,17.78947368,7.614035088,297,0.191919192,1,1,0,WR,194.5000001,15
2007,00-0007468,I.Hilliard,TB,62,62,722,1,402,320,6.483870968,11.64516129,11.64516129,5.161290323,297,0.208754209,1,6,0,WR,140.8000016,15
2007,00-0007681,T.Holt,STL,87,86,1096,7,895,206,10.28735632,12.74418605,12.59770115,2.395348837,0,0,0,0,0,WR,239.6000044,15
2007,00-0008962,J.Jurevicius,CLE,50,49,602,3,360,242,7.2,12.28571429,12.04,4.93877551,295,0.169491525,0,0,0,WR,129.2000009,15
2007,00-0010500,D.Mason,BAL,97,97,1015,5,692,323,7.134020619,10.46391753,10.46391753,3.329896907,326,0.297546012,0,0,0,WR,228.5000013,15
2007,00-0011754,R.Moss,NE,92,92,1382,21,1054,328,11.45652174,15.02173913,15.02173913,3.565217391,371,0.247978437,0,0,0,WR,356.2000026,15
2007,00-0011795,M.Muhammad,CHI,37,37,541,3,359,182,9.702702703,14.62162162,14.62162162,4.918918919,314,0.117834395,0,0,0,WR,109.1000015,14
2007,00-0012478,T.Owens,DAL,82,81,1355,15,1002,353,12.2195122,16.72839506,16.52439024,4.358024691,329,0.249240122,1,5,0,WR,307.0000044,15
2007,00-0012642,D.Patten,NO,50,50,753,3,519,234,10.38,15.06,15.06,4.68,411,0.121654501,2,-5,0,WR,142.8000022,13
2007,00-0015754,B.Stokley,DEN,40,40,635,5,505,130,12.625,15.875,15.875,3.25,301,0.132890365,1,-6,0,WR,132.9000014,13
2007,00-0016550,A.Toomer,NYG,55,55,719,3,504,215,9.163636364,13.07272727,13.07272727,3.909090909,281,0.195729537,0,0,0,WR,144.9000016,13
2007,00-0017162,H.Ward,PIT,73,72,736,7,513,223,7.02739726,10.22222222,10.08219178,3.097222222,269,0.271375465,2,7,0,WR,190.3000028,13
2007,00-0018958,L.Coles,NYJ,55,55,646,6,504,142,9.163636364,11.74545455,11.74545455,2.581818182,298,0.184563758,0,0,0,WR,155.6000017,11
2007,00-0019281,M.Furrey,DET,55,55,617,1,427,183,7.763636364,11.21818182,11.21818182,3.327272727,347,0.158501441,0,0,0,WR,122.7000018,13
2007,00-0019642,P.Burress,NYG,66,66,941,10,666,275,10.09090909,14.25757576,14.25757576,4.166666667,281,0.234875445,0,0,0,WR,220.1000026,15
2007,00-0019650,D.Northcutt,JAX,44,44,601,4,473,128,10.75,13.65909091,13.65909091,2.909090909,263,0.16730038,6,27,0,WR,130.8000016,15
2007,00-0019663,D.Jackson,SF,44,43,469,2,388,76,8.818181818,10.90697674,10.65909091,1.76744186,263,0.16730038,0,0,0,WR,101.9000016,14
2007,00-0019703,J.Porter,OAK,42,42,669,5,486,158,11.57142857,15.92857143,15.92857143,3.761904762,0,0,0,0,0,WR,138.9000009,15
2007,00-0019976,D.Bennett,STL,32,32,371,3,289,82,9.03125,11.59375,11.59375,2.5625,0,0,0,0,0,WR,87.10000205,11
2007,00-0020337,S.Smith,CAR,82,82,954,7,504,438,6.146341463,11.63414634,11.63414634,5.341463415,271,0.302583026,9,66,0,WR,226.0000015,14
2007,00-0020397,C.Johnson,CIN,89,89,1309,6,951,358,10.68539326,14.70786517,14.70786517,4.02247191,351,0.253561254,5,38,0,WR,259.7000011,15
2007,00-0020438,T.Houshmandzadeh,CIN,103,103,1053,12,707,346,6.86407767,10.22330097,10.22330097,3.359223301,351,0.293447293,5,14,0,WR,281.7000027,15
2007,00-0020446,C.Chambers,SD,63,63,921,3,775,146,12.3015873,14.61904762,14.61904762,2.317460317,0,0,3,12,0,WR,174.3000016,15
2007,00-0020494,S.Moss,WAS,53,53,693,2,525,168,9.905660377,13.0754717,13.0754717,3.169811321,302,0.175496689,3,13,0,WR,135.6000005,12
2007,00-0020498,R.Wayne,IND,92,92,1423,10,1068,329,11.60869565,15.4673913,15.4673913,3.576086957,330,0.278787879,1,4,0,WR,294.7000031,15
2007,00-0021147,D.Stallworth,NE,43,43,665,3,348,317,8.093023256,15.46511628,15.46511628,7.372093023,371,0.115902965,1,12,0,WR,128.7000009,14
2007,00-0021163,J.Gaffney,NE,36,36,449,5,331,118,9.194444444,12.47222222,12.47222222,3.277777778,371,0.09703504,0,0,0,WR,110.9000012,13
2007,00-0021166,J.Reed,BUF,50,50,554,0,338,216,6.76,11.08,11.08,4.32,249,0.200803213,4,10,0,WR,106.4000013,14
2007,00-0021175,A.Davis,HOU,33,32,563,3,475,88,14.39393939,17.59375,17.06060606,2.75,337,0.097922849,0,0,0,WR,108.3000023,13
2007,00-0021190,A.Randle El,WAS,50,48,702,1,520,182,10.4,14.625,14.04,3.791666667,302,0.165562914,4,-3,0,WR,126.660001,13
2007,00-0021192,D.Branch,SEA,49,49,661,4,457,204,9.326530612,13.48979592,13.48979592,4.163265306,339,0.144542773,0,0,0,WR,139.1000025,10
2007,00-0021337,R.Curry,OAK,55,54,701,4,470,215,8.545454545,12.98148148,12.74545455,3.981481481,0,0,1,1,0,WR,150.2000034,15
2007,00-0021931,K.Walter,HOU,65,65,800,4,505,295,7.769230769,12.30769231,12.30769231,4.538461538,337,0.192878338,5,30,0,WR,172.0000011,15
2007,00-0021981,S.McDonald,DET,75,74,874,5,657,214,8.76,11.81081081,11.65333333,2.891891892,347,0.216138329,3,0,0,WR,191.4000022,15
2007,00-0021982,J.Gage,TEN,48,48,646,2,447,193,9.3125,13.45833333,13.45833333,4.020833333,264,0.181818182,0,0,0,WR,124.6000012,14
2007,00-0021999,N.Burleson,SEA,43,43,575,7,422,153,9.813953488,13.37209302,13.37209302,3.558139535,339,0.126843658,2,4,0,WR,142.9000008,15
2007,00-0022001,K.Curtis,PHI,70,70,1048,6,707,341,10.1,14.97142857,14.97142857,4.871428571,324,0.216049383,0,0,0,WR,210.8000023,15
2007,00-0022044,A.Johnson,HOU,54,54,777,8,553,224,10.24074074,14.38888889,14.38888889,4.148148148,337,0.160237389,0,0,0,WR,179.7000027,8
2007,00-0022064,A.Battle,SF,48,47,581,5,415,166,8.645833333,12.36170213,12.10416667,3.531914894,263,0.182509506,4,4,1,WR,141.500002,14
2007,00-0022084,A.Boldin,ARI,67,67,797,8,470,327,7.014925373,11.89552239,11.89552239,4.880597015,335,0.2,1,14,0,WR,196.1000019,11
2007,00-0022144,B.Wade,MIN,49,49,562,1,407,155,8.306122449,11.46938776,11.46938776,3.163265306,233,0.210300429,1,-9,0,WR,110.3000012,15
2007,00-0022156,Bry.Johnson,ARI,43,43,515,2,438,77,10.18604651,11.97674419,11.97674419,1.790697674,335,0.128358209,0,0,0,WR,106.5000013,15
2007,00-0022427,W.Welker,NE,101,101,1053,8,507,531,5.01980198,10.42574257,10.42574257,5.257425743,371,0.272237197,4,34,0,WR,257.7000021,15
2007,00-0022726,K.Colbert,CAR,32,32,332,0,231,101,7.21875,10.375,10.375,3.15625,271,0.118081181,0,0,0,WR,65.20000088,11
2007,00-0022766,P.Crayton,DAL,48,48,689,7,405,284,8.4375,14.35416667,14.35416667,5.916666667,329,0.145896657,0,0,0,WR,158.9000015,12
2007,00-0022781,M.Jenkins,ATL,53,53,532,4,346,186,6.528301887,10.03773585,10.03773585,3.509433962,321,0.165109034,0,0,0,WR,130.2000015,15
2007,00-0022807,B.Berrian,CHI,67,67,920,4,652,268,9.731343284,13.73134328,13.73134328,4,314,0.213375796,1,3,0,WR,183.3000008,15
2007,00-0022811,J.Cotchery,NYJ,74,74,1053,2,665,388,8.986486486,14.22972973,14.22972973,5.243243243,298,0.248322148,4,22,0,WR,193.5000013,14
2007,00-0022879,D.Carter,CAR,36,36,458,4,331,127,9.194444444,12.72222222,12.72222222,3.527777778,271,0.132841328,0,0,0,WR,105.8000014,14
2007,00-0022889,R.Williams,JAX,35,35,592,9,383,209,10.94285714,16.91428571,16.91428571,5.971428571,263,0.133079848,0,0,0,WR,148.200001,13
2007,00-0022901,E.Wilford,JAX,39,39,460,1,364,96,9.333333333,11.79487179,11.79487179,2.461538462,263,0.148288973,0,0,0,WR,91.00000048,15
2007,00-0022909,R.Williams,DET,63,63,836,5,528,293,8.380952381,13.26984127,13.26984127,4.650793651,347,0.181556196,2,1,0,WR,176.7000022,12
2007,00-0022910,L.Evans,BUF,56,54,847,5,654,193,11.67857143,15.68518519,15.125,3.574074074,249,0.224899598,0,0,0,WR,168.7000028,15
2007,00-0022921,L.Fitzgerald,ARI,91,90,1241,8,998,243,10.96703297,13.78888889,13.63736264,2.7,335,0.271641791,0,0,0,WR,262.1000044,14
2007,00-0023310,L.Moore,NO,31,31,301,2,243,58,7.838709677,9.709677419,9.709677419,1.870967742,411,0.075425791,2,7,1,WR,79.80000055,12
2007,00-0023438,B.Edwards,CLE,78,77,1222,15,816,406,10.46153846,15.87012987,15.66666667,5.272727273,295,0.26440678,0,0,0,WR,289.2000037,15
2007,00-0023457,M.Clayton,BAL,46,46,505,0,391,114,8.5,10.97826087,10.97826087,2.47826087,326,0.141104294,0,0,0,WR,96.50000131,14
2007,00-0023462,R.White,ATL,79,78,1140,5,704,436,8.911392405,14.61538462,14.43037975,5.58974359,321,0.246105919,1,-2,0,WR,221.8000024,15
2007,00-0023470,R.Brown,PHI,56,56,697,4,532,165,9.5,12.44642857,12.44642857,2.946428571,324,0.172839506,3,27,0,WR,152.4000022,15
2007,00-0023490,R.Parrish,BUF,34,34,349,1,229,120,6.735294118,10.26470588,10.26470588,3.529411765,249,0.136546185,3,19,1,WR,82.80000125,13
2007,00-0023496,V.Jackson,SD,39,39,610,3,490,120,12.56410256,15.64102564,15.64102564,3.076923077,0,0,0,0,0,WR,118.0000017,14
2007,00-0023570,R.Williams,TEN,49,49,660,4,463,197,9.448979592,13.46938776,13.46938776,4.020408163,264,0.185606061,2,-17,0,WR,137.3000019,14
2007,00-0024240,S.Holmes,PIT,49,48,844,7,603,241,12.30612245,17.58333333,17.2244898,5.020833333,269,0.182156134,5,17,0,WR,178.1000024,12
2007,00-0024267,G.Jennings,GB,53,53,920,12,480,434,9.056603774,17.35849057,17.35849057,8.188679245,368,0.144021739,0,0,0,WR,217.0000034,13
2007,00-0024318,B.Smith,NYJ,32,32,325,2,205,120,6.40625,10.15625,10.15625,3.75,298,0.10738255,12,45,0,WR,81.0000006,14
2007,00-0024334,B.Marshall,DEN,92,92,1211,6,723,494,7.858695652,13.16304348,13.16304348,5.369565217,301,0.305647841,3,26,0,WR,251.7000031,15
2007,00-0024466,M.Colston,NO,91,90,1108,9,732,376,8.043956044,12.31111111,12.17582418,4.177777778,411,0.221411192,0,0,0,WR,254.8000008,15
2007,00-0025389,C.Johnson,DET,44,44,702,4,504,182,11.45454545,15.95454545,15.95454545,4.136363636,347,0.126801153,4,52,1,WR,149.4000019,14
2007,00-0025410,D.Bowe,KC,70,69,982,5,599,367,8.557142857,14.23188406,14.02857143,5.31884058,317,0.220820189,0,0,0,WR,197.2000018,14
2007,00-0025419,A.Gonzalez,IND,37,37,576,3,355,168,9.594594595,15.56756757,15.56756757,4.540540541,330,0.112121212,0,0,0,WR,112.6000017,11
2007,00-0025431,S.Rice,MIN,31,31,396,4,277,119,8.935483871,12.77419355,12.77419355,3.838709677,233,0.13304721,0,0,0,WR,98.36000091,11
2007,00-0025462,L.Robinson,ATL,36,36,426,1,294,132,8.166666667,11.83333333,11.83333333,3.666666667,321,0.112149533,0,0,0,WR,84.5999999,12
2007,00-0025465,J.Jones,GB,45,45,662,2,419,243,9.311111111,14.71111111,14.71111111,5.4,368,0.122282609,0,0,0,WR,123.2000003,12
2008,00-0002099,I.Bruce,SF,59,58,825,7,609,216,10.3220339,14.22413793,13.98305085,3.724137931,290,0.203448276,1,-3,0,WR,182.200002,14
2008,00-0004541,D.Driver,GB,68,68,901,4,568,333,8.352941176,13.25,13.25,4.897058824,324,0.209876543,2,4,0,WR,182.5000009,15
2008,00-0004915,B.Engram,SEA,42,41,439,0,284,155,6.761904762,10.70731707,10.45238095,3.780487805,240,0.175,0,0,0,WR,84.90000081,11
2008,00-0007024,M.Harrison,IND,53,53,605,5,426,179,8.037735849,11.41509434,11.41509434,3.377358491,365,0.145205479,0,0,0,WR,143.5000017,14
2008,00-0007468,I.Hilliard,TB,46,45,404,4,265,139,5.760869565,8.977777778,8.782608696,3.088888889,341,0.134897361,1,0,0,WR,109.4000003,14
2008,00-0007681,T.Holt,STL,58,58,706,3,577,129,9.948275862,12.17241379,12.17241379,2.224137931,0,0,0,0,0,WR,146.6000022,15
2008,00-0010500,D.Mason,BAL,75,74,960,5,686,274,9.146666667,12.97297297,12.8,3.702702703,245,0.306122449,0,0,0,WR,202.0000027,15
2008,00-0011754,R.Moss,NE,69,68,995,11,648,347,9.391304348,14.63235294,14.42028986,5.102941176,338,0.204142012,2,0,0,WR,233.5000023,15
2008,00-0011795,M.Muhammad,CAR,58,58,844,4,547,297,9.431034483,14.55172414,14.55172414,5.120689655,233,0.248927039,0,0,0,WR,166.4000033,15
2008,00-0012478,T.Owens,DAL,63,63,949,10,684,265,10.85714286,15.06349206,15.06349206,4.206349206,306,0.205882353,6,26,0,WR,220.5000031,15
2008,00-0015754,B.Stokley,DEN,45,45,478,3,320,158,7.111111111,10.62222222,10.62222222,3.511111111,354,0.127118644,0,0,0,WR,110.8000014,14
2008,00-0016550,A.Toomer,NYG,46,46,564,4,423,141,9.195652174,12.26086957,12.26086957,3.065217391,281,0.163701068,0,0,0,WR,126.4000021,14
2008,00-0017162,H.Ward,PIT,76,76,977,7,626,351,8.236842105,12.85526316,12.85526316,4.618421053,288,0.263888889,0,0,0,WR,215.7000054,15
2008,00-0018958,L.Coles,NYJ,66,66,762,6,511,251,7.742424242,11.54545455,11.54545455,3.803030303,330,0.2,2,9,0,WR,179.1000012,15
2008,00-0019642,P.Burress,NYG,36,35,454,4,394,60,10.94444444,12.97142857,12.61111111,1.714285714,281,0.128113879,0,0,0,WR,104.4000006,9
2008,00-0019650,D.Northcutt,JAX,39,39,510,2,402,108,10.30769231,13.07692308,13.07692308,2.769230769,322,0.121118012,1,9,0,WR,102.9000016,12
2008,00-0020337,S.Smith,CAR,73,73,1283,6,836,438,11.45205479,17.57534247,17.57534247,6,233,0.313304721,5,40,0,WR,241.3000027,13
2008,00-0020381,J.McCareins,TEN,31,30,405,0,325,80,10.48387097,13.5,13.06451613,2.666666667,257,0.120622568,1,4,0,WR,70.90000001,10
2008,00-0020397,C.Johnson,CIN,49,49,503,4,403,100,8.224489796,10.26530612,10.26530612,2.040816327,287,0.170731707,0,0,0,WR,123.3000017,12
2008,00-0020438,T.Houshmandzadeh,CIN,92,92,904,4,545,359,5.923913043,9.826086957,9.826086957,3.902173913,287,0.320557491,1,9,0,WR,207.3000019,14
2008,00-0020446,C.Chambers,SD,31,30,412,5,352,60,11.35483871,13.73333333,13.29032258,2,0,0,1,1,0,WR,101.3000004,11
2008,00-0020494,S.Moss,WAS,73,73,976,6,467,509,6.397260274,13.36986301,13.36986301,6.97260274,303,0.240924092,1,27,0,WR,209.3000015,14
2008,00-0020498,R.Wayne,IND,82,81,1113,6,815,298,9.93902439,13.74074074,13.57317073,3.679012346,365,0.224657534,0,0,0,WR,230.3000019,15
2008,00-0021163,J.Gaffney,NE,39,38,468,2,349,119,8.948717949,12.31578947,12,3.131578947,338,0.115384615,0,0,0,WR,98.80000007,11
2008,00-0021166,J.Reed,BUF,47,47,503,1,381,122,8.106382979,10.70212766,10.70212766,2.595744681,295,0.159322034,0,0,0,WR,103.3000007,10
2008,00-0021190,A.Randle El,WAS,50,50,577,3,378,199,7.56,11.54,11.54,3.98,303,0.165016502,1,5,0,WR,132.0400014,15
2008,00-0021191,A.Bryant,TB,80,80,1171,7,802,355,10.025,14.6375,14.6375,4.4375,341,0.234604106,2,22,0,WR,241.3000029,14
2008,00-0021647,J.Urban,ARI,30,30,405,3,262,143,8.733333333,13.5,13.5,4.766666667,399,0.07518797,0,0,0,WR,89.21999973,12
2008,00-0021931,K.Walter,HOU,59,59,876,8,578,298,9.796610169,14.84745763,14.84745763,5.050847458,341,0.173020528,3,23,0,WR,196.8999999,15
2008,00-0021981,S.McDonald,DET,35,35,339,1,271,68,7.742857143,9.685714286,9.685714286,1.942857143,261,0.134099617,0,0,0,WR,74.9000001,10
2008,00-0021982,J.Gage,TEN,34,34,651,6,470,181,13.82352941,19.14705882,19.14705882,5.323529412,257,0.13229572,0,0,0,WR,135.1000021,11
2008,00-0022001,K.Curtis,PHI,32,32,375,2,286,89,8.9375,11.71875,11.71875,2.78125,351,0.091168091,0,0,0,WR,81.49999976,8
2008,00-0022044,A.Johnson,HOU,106,105,1427,6,981,446,9.254716981,13.59047619,13.46226415,4.247619048,341,0.31085044,0,0,0,WR,285.7000028,15
2008,00-0022084,A.Boldin,ARI,90,89,1038,11,476,562,5.288888889,11.66292135,11.53333333,6.314606742,399,0.22556391,9,67,0,WR,265.5000026,12
2008,00-0022144,B.Wade,MIN,49,49,547,2,351,196,7.163265306,11.16326531,11.16326531,4,253,0.193675889,0,0,0,WR,115.7000002,14
2008,00-0022156,B.Johnson,SF,43,43,503,3,363,140,8.441860465,11.69767442,11.69767442,3.255813953,290,0.148275862,0,0,0,WR,111.3000021,12
2008,00-0022427,W.Welker,NE,112,110,1139,3,405,734,3.616071429,10.35454545,10.16964286,6.672727273,338,0.331360947,2,26,0,WR,246.5000038,15
2008,00-0022725,M.Clayton,TB,36,36,397,0,247,150,6.861111111,11.02777778,11.02777778,4.166666667,341,0.105571848,2,5,0,WR,76.20000089,13
2008,00-0022766,P.Crayton,DAL,36,36,516,4,327,182,9.083333333,14.33333333,14.33333333,5.055555556,306,0.117647059,1,11,0,WR,112.7000008,12
2008,00-0022781,M.Jenkins,ATL,47,46,705,3,545,160,11.59574468,15.32608696,15,3.47826087,256,0.18359375,0,0,0,WR,136.5000021,14
2008,00-0022807,B.Berrian,MIN,44,44,883,6,591,292,13.43181818,20.06818182,20.06818182,6.636363636,253,0.173913043,4,26,0,WR,170.9000037,13
2008,00-0022811,J.Cotchery,NYJ,70,69,817,5,500,317,7.142857143,11.84057971,11.67142857,4.594202899,330,0.212121212,2,8,0,WR,181.5000025,15
2008,00-0022889,R.Williams,JAX,36,36,359,3,270,89,7.5,9.972222222,9.972222222,2.472222222,322,0.111801242,1,0,0,WR,89.90000069,13
2008,00-0022910,L.Evans,BUF,58,58,954,3,734,220,12.65517241,16.44827586,16.44827586,3.793103448,295,0.196610169,1,22,0,WR,173.6000012,14
2008,00-0022921,L.Fitzgerald,ARI,93,91,1304,10,817,487,8.784946237,14.32967033,14.02150538,5.351648352,399,0.233082707,0,0,0,WR,281.400002,15
2008,00-0022929,D.Henderson,NO,30,30,764,3,507,254,16.9,25.46666667,25.46666667,8.466666667,384,0.078125,4,33,0,WR,127.7000026,14
2008,00-0023310,L.Moore,NO,71,71,839,8,575,264,8.098591549,11.81690141,11.81690141,3.718309859,384,0.184895833,0,0,0,WR,200.9000026,15
2008,00-0023367,N.Washington,PIT,39,39,618,3,474,144,12.15384615,15.84615385,15.84615385,3.692307692,288,0.135416667,5,18,0,WR,120.6000014,13
2008,00-0023408,G.Camarillo,MIA,55,55,613,2,449,164,8.163636364,11.14545455,11.14545455,2.981818182,308,0.178571429,2,1,0,WR,128.4000022,11
2008,00-0023429,R.Davis,CHI,33,33,410,2,265,145,8.03030303,12.42424242,12.42424242,4.393939394,286,0.115384615,3,14,0,WR,87.40000088,13
2008,00-0023438,B.Edwards,CLE,57,54,872,3,633,239,11.10526316,16.14814815,15.29824561,4.425925926,236,0.241525424,0,0,0,WR,163.2000029,15
2008,00-0023456,M.Jones,JAX,64,64,750,2,524,226,8.1875,11.71875,11.71875,3.53125,322,0.198757764,0,0,0,WR,151.0000021,12
2008,00-0023457,M.Clayton,BAL,37,37,567,3,399,168,10.78378378,15.32432432,15.32432432,4.540540541,245,0.151020408,6,81,1,WR,131.0800026,15
2008,00-0023462,R.White,ATL,85,85,1334,6,990,344,11.64705882,15.69411765,15.69411765,4.047058824,256,0.33203125,2,4,0,WR,254.8000037,15
2008,00-0023496,V.Jackson,SD,57,57,1051,7,850,201,14.9122807,18.43859649,18.43859649,3.526315789,0,0,2,39,0,WR,208.0000014,14
2008,00-0023531,B.Jones,TEN,39,39,436,1,331,105,8.487179487,11.17948718,11.17948718,2.692307692,257,0.151750973,2,35,0,WR,92.10000134,13
2008,00-0024013,H.Baskett,PHI,33,33,437,3,289,148,8.757575758,13.24242424,13.24242424,4.484848485,351,0.094017094,0,0,0,WR,94.70000046,13
2008,00-0024240,S.Holmes,PIT,52,52,790,5,587,203,11.28846154,15.19230769,15.19230769,3.903846154,288,0.180555556,2,9,0,WR,161.9000015,14
2008,00-0024267,G.Jennings,GB,76,75,1191,9,859,325,11.30263158,15.88,15.67105263,4.333333333,324,0.234567901,0,0,0,WR,250.1000034,15
2008,00-0024272,D.Hester,CHI,46,46,580,3,407,173,8.847826087,12.60869565,12.60869565,3.760869565,286,0.160839161,5,61,0,WR,128.1000015,14
2008,00-0024324,J.Avant,PHI,32,32,377,2,294,83,9.1875,11.78125,11.78125,2.59375,351,0.091168091,0,0,0,WR,81.70000172,13
2008,00-0024334,B.Marshall,DEN,98,98,1210,6,826,384,8.428571429,12.34693878,12.34693878,3.918367347,354,0.276836158,2,-4,0,WR,254.6000037,14
2008,00-0024345,D.Hixon,NYG,40,39,534,1,382,152,9.55,13.69230769,13.35,3.897435897,281,0.142348754,2,26,0,WR,103.0000017,12
2008,00-0024466,M.Colston,NO,40,40,637,4,432,205,10.8,15.925,15.925,5.125,384,0.104166667,0,0,0,WR,127.7000012,9
2008,00-0025389,C.Johnson,DET,70,69,1229,10,796,433,11.37142857,17.8115942,17.55714286,6.275362319,261,0.268199234,3,-1,0,WR,253.8000009,15
2008,00-0025396,T.Ginn,MIA,54,54,719,1,545,174,10.09259259,13.31481481,13.31481481,3.222222222,308,0.175324675,5,73,2,WR,151.2000027,15
2008,00-0025410,D.Bowe,KC,76,76,919,7,569,350,7.486842105,12.09210526,12.09210526,4.605263158,294,0.258503401,0,0,0,WR,209.9000034,15
2008,00-0025419,A.Gonzalez,IND,56,56,652,4,485,167,8.660714286,11.64285714,11.64285714,2.982142857,365,0.153424658,0,0,0,WR,145.2000023,15
2008,00-0025438,S.Smith,NYG,55,55,554,1,416,138,7.563636364,10.07272727,10.07272727,2.509090909,281,0.195729537,0,0,0,WR,116.4000005,15
2008,00-0025529,S.Breaston,ARI,72,72,912,2,694,218,9.638888889,12.66666667,12.66666667,3.027777778,399,0.180451128,2,8,0,WR,176.0000011,14
2008,00-0026000,D.Bess,MIA,48,48,515,1,300,215,6.25,10.72916667,10.72916667,4.479166667,308,0.155844156,1,13,0,WR,106.8000014,15
2008,00-0026173,D.Avery,STL,49,49,644,2,447,180,9.12244898,13.14285714,13.14285714,3.673469388,0,0,9,59,1,WR,137.3000015,13
2008,00-0026176,J.Nelson,GB,32,32,357,2,272,85,8.5,11.15625,11.15625,2.65625,324,0.098765432,0,0,0,WR,79.70000052,14
2008,00-0026182,E.Royal,DEN,81,80,904,5,589,315,7.271604938,11.3,11.16049383,3.9375,354,0.228813559,11,109,0,WR,213.3000006,14
2008,00-0026189,D.Jackson,PHI,60,60,866,2,636,230,10.6,14.43333333,14.43333333,3.833333333,351,0.170940171,17,96,1,WR,172.2000018,15
2009,00-0001477,M.Booker,ATL,30,16,181,1,126,55,4.2,11.3125,6.033333333,3.4375,514,0.058365759,1,7,0,WR,40.80000025,9
2009,00-0002099,I.Bruce,SF,49,21,264,0,200,64,4.081632653,12.57142857,5.387755102,3.047619048,493,0.099391481,1,-8,0,WR,46.60000056,8
2009,00-0004541,D.Driver,GB,106,64,996,6,646,350,6.094339623,15.5625,9.396226415,5.46875,524,0.202290076,1,13,0,WR,200.9000022,15
2009,00-0007681,T.Holt,JAX,103,51,722,0,581,141,5.640776699,14.15686275,7.009708738,2.764705882,478,0.215481172,0,0,0,WR,123.2000009,15
2009,00-0010500,D.Mason,BAL,131,72,1005,7,762,243,5.816793893,13.95833333,7.671755725,3.375,487,0.26899384,1,2,0,WR,214.7000033,14
2009,00-0011754,R.Moss,NE,134,78,1189,13,799,385,5.962686567,15.24358974,8.873134328,4.935897436,554,0.241877256,0,0,0,WR,276.9000022,15
2009,00-0011795,M.Muhammad,CAR,79,46,496,1,367,129,4.64556962,10.7826087,6.278481013,2.804347826,435,0.181609195,0,0,0,WR,101.6000009,13
2009,00-0012478,T.Owens,BUF,101,51,764,4,479,285,4.742574257,14.98039216,7.564356436,5.588235294,411,0.245742092,6,54,1,WR,162.8000006,14
2009,00-0017162,H.Ward,PIT,126,87,1106,6,750,356,5.952380952,12.71264368,8.777777778,4.091954023,506,0.249011858,0,0,0,WR,233.6000047,15
2009,00-0018958,L.Coles,CIN,73,40,495,5,284,211,3.890410959,12.375,6.780821918,5.275,451,0.161862528,2,10,0,WR,120.5000008,13
2009,00-0019281,M.Furrey,CLE,39,23,170,0,100,70,2.564102564,7.391304348,4.358974359,3.043478261,426,0.091549296,0,0,0,WR,40.0000003,9
2009,00-0019650,D.Northcutt,DET,59,33,341,1,224,117,3.796610169,10.33333333,5.779661017,3.545454545,543,0.108655617,0,0,0,WR,73.10000026,11
2009,00-0020337,S.Smith,CAR,129,65,954,7,625,327,4.84496124,14.67692308,7.395348837,5.030769231,435,0.296551724,5,22,0,WR,206.600002,15
2009,00-0020397,C.Ochocinco,CIN,124,72,1047,9,802,245,6.467741935,14.54166667,8.443548387,3.402777778,451,0.274944568,3,32,0,WR,233.9000025,15
2009,00-0020438,T.Houshmandzadeh,SEA,129,76,845,3,604,241,4.682170543,11.11842105,6.550387597,3.171052632,575,0.224347826,0,0,0,WR,178.5000023,15
2009,00-0020446,C.Chambers,KC,84,40,650,5,475,175,5.654761905,16.25,7.738095238,4.375,504,0.166666667,0,0,0,WR,135.0000012,12
2009,00-0020494,S.Moss,WAS,111,64,847,3,512,335,4.612612613,13.234375,7.630630631,5.234375,483,0.229813665,2,8,0,WR,167.500002,15
2009,00-0020498,R.Wayne,IND,142,95,1243,10,828,415,5.830985915,13.08421053,8.753521127,4.368421053,567,0.250440917,0,0,0,WR,277.3000014,15
2009,00-0021163,J.Gaffney,DEN,68,40,519,2,323,196,4.75,12.975,7.632352941,4.9,499,0.136272545,0,0,0,WR,103.9000013,13
2009,00-0021166,J.Reed,BUF,46,27,291,1,197,94,4.282608696,10.77777778,6.326086957,3.481481481,411,0.111922141,0,0,0,WR,62.10000062,10
2009,00-0021190,A.Randle El,WAS,71,47,512,0,303,209,4.267605634,10.89361702,7.211267606,4.446808511,483,0.14699793,0,0,0,WR,98.20000148,14
2009,00-0021191,A.Bryant,TB,77,37,585,3,458,127,5.948051948,15.81081081,7.597402597,3.432432432,490,0.157142857,0,0,0,WR,113.5000026,12
2009,00-0021192,D.Branch,SEA,71,41,360,2,210,150,2.957746479,8.780487805,5.070422535,3.658536585,575,0.123478261,1,-8,0,WR,88.20000076,13
2009,00-0021915,S.Aiken,NE,36,18,317,2,131,186,3.638888889,17.61111111,8.805555556,10.33333333,554,0.064981949,0,0,0,WR,61.70000076,7
2009,00-0021931,K.Walter,HOU,67,51,581,2,457,124,6.820895522,11.39215686,8.671641791,2.431372549,546,0.122710623,4,26,0,WR,123.7000029,13
2009,00-0021982,J.Gage,TEN,60,24,345,3,285,60,4.75,14.375,5.75,2.5,443,0.135440181,0,0,0,WR,76.50000036,8
2009,00-0021999,N.Burleson,SEA,103,63,812,3,536,276,5.203883495,12.88888889,7.883495146,4.380952381,575,0.179130435,2,4,0,WR,162.6000022,12
2009,00-0022044,A.Johnson,HOU,163,95,1504,9,983,521,6.030674847,15.83157895,9.226993865,5.484210526,546,0.298534799,1,3,0,WR,301.7000032,15
2009,00-0022084,A.Boldin,ARI,122,82,991,5,632,359,5.180327869,12.08536585,8.12295082,4.37804878,556,0.21942446,2,7,0,WR,211.8000029,14
2009,00-0022144,B.Wade,KC,70,36,351,2,238,113,3.4,9.75,5.014285714,3.138888889,504,0.138888889,2,11,0,WR,84.20000076,11
2009,00-0022156,B.Johnson,DET,83,32,384,2,284,100,3.421686747,12,4.626506024,3.125,543,0.152854512,0,0,0,WR,82.40000153,14
2009,00-0022171,K.Washington,BAL,46,32,424,2,315,109,6.847826087,13.25,9.217391304,3.40625,487,0.094455852,1,1,0,WR,86.50000141,13
2009,00-0022414,M.Floyd,SD,62,36,636,1,549,87,8.85483871,17.66666667,10.25806452,2.416666667,0,0,0,0,0,WR,105.6000023,14
2009,00-0022427,W.Welker,NE,160,122,1336,4,626,710,3.9125,10.95081967,8.35,5.819672131,554,0.288808664,5,36,0,WR,283.2000039,13
2009,00-0022725,M.Clayton,TB,48,15,214,1,179,35,3.729166667,14.26666667,4.458333333,2.333333333,490,0.097959184,0,0,0,WR,44.40000045,8
2009,00-0022766,P.Crayton,DAL,61,33,523,4,315,208,5.163934426,15.84848485,8.573770492,6.303030303,510,0.119607843,4,28,0,WR,112.1000011,14
2009,00-0022781,M.Jenkins,ATL,83,46,590,1,411,179,4.951807229,12.82608696,7.108433735,3.891304348,514,0.161478599,0,0,0,WR,111.0000018,14
2009,00-0022807,B.Berrian,MIN,89,53,568,4,364,204,4.08988764,10.71698113,6.382022472,3.849056604,512,0.173828125,0,0,0,WR,133.8000024,14
2009,00-0022811,J.Cotchery,NYJ,90,52,782,3,502,280,5.577777778,15.03846154,8.688888889,5.384615385,376,0.239361702,1,1,0,WR,148.3000003,13
2009,00-0022909,R.Williams,DAL,85,38,596,7,389,207,4.576470588,15.68421053,7.011764706,5.447368421,510,0.166666667,0,0,0,WR,139.6000015,13
2009,00-0022910,L.Evans,BUF,89,40,563,6,472,91,5.303370787,14.075,6.325842697,2.275,411,0.216545012,0,0,0,WR,132.2999998,15
2009,00-0022921,L.Fitzgerald,ARI,146,94,1075,12,773,302,5.294520548,11.43617021,7.363013699,3.212765957,556,0.262589928,0,0,0,WR,273.5000036,15
2009,00-0022929,D.Henderson,NO,80,50,786,2,455,331,5.6875,15.72,9.825,6.62,511,0.156555773,4,13,0,WR,141.9000027,15
2009,00-0023176,J.Cribbs,CLE,37,20,135,1,52,83,1.405405405,6.75,3.648648649,4.15,426,0.08685446,49,334,0,WR,71.62000082,15
2009,00-0023367,N.Washington,TEN,87,41,486,6,404,96,4.643678161,11.85365854,5.586206897,2.341463415,443,0.196388262,2,15,0,WR,127.0999999,15
2009,00-0023408,G.Camarillo,MIA,68,47,530,0,432,98,6.352941176,11.27659574,7.794117647,2.085106383,507,0.134122288,0,0,0,WR,100.0000018,14
2009,00-0023438,B.Edwards,NYJ,90,43,665,4,488,177,5.422222222,15.46511628,7.388888889,4.11627907,376,0.239361702,0,0,0,WR,135.5000012,14
2009,00-0023457,M.Clayton,BAL,71,33,473,2,400,73,5.633802817,14.33333333,6.661971831,2.212121212,487,0.145790554,4,28,0,WR,95.10000095,11
2009,00-0023462,R.White,ATL,157,79,1087,10,710,377,4.522292994,13.75949367,6.923566879,4.772151899,514,0.305447471,1,2,0,WR,247.900003,15
2009,00-0023474,M.Bradley,KC,57,24,320,2,215,105,3.771929825,13.33333333,5.614035088,4.375,504,0.113095238,2,20,0,WR,71.04000096,10
2009,00-0023496,V.Jackson,SD,107,68,1167,9,934,182,8.728971963,17.16176471,10.90654206,2.676470588,0,0,3,11,0,WR,239.8000027,15
2009,00-0023921,M.Austin,DAL,116,74,1230,11,645,585,5.560344828,16.62162162,10.60344828,7.905405405,510,0.22745098,2,-2,0,WR,262.8000007,14
2009,00-0024240,S.Holmes,PIT,135,78,1243,4,760,483,5.62962963,15.93589744,9.207407407,6.192307692,506,0.266798419,3,6,0,WR,226.900001,15
2009,00-0024267,G.Jennings,GB,115,66,1091,4,633,458,5.504347826,16.53030303,9.486956522,6.939393939,524,0.219465649,0,0,0,WR,203.100003,14
2009,00-0024272,D.Hester,CHI,87,54,682,3,417,265,4.793103448,12.62962963,7.83908046,4.907407407,522,0.166666667,6,-1,0,WR,140.1000028,12
2009,00-0024305,M.Stovall,TB,46,23,339,1,246,93,5.347826087,14.73913043,7.369565217,4.043478261,490,0.093877551,0,0,0,WR,62.90000141,9
2009,00-0024324,J.Avant,PHI,57,40,579,3,387,192,6.789473684,14.475,10.15789474,4.8,512,0.111328125,0,0,0,WR,117.9000015,13
2009,00-0024334,B.Marshall,DEN,155,101,1120,10,605,515,3.903225806,11.08910891,7.225806452,5.099009901,499,0.310621242,7,39,0,WR,276.9000028,15
2009,00-0024447,D.Aromashodu,CHI,35,19,252,2,182,70,5.2,13.26315789,7.2,3.684210526,522,0.067049808,0,0,0,WR,56.20000029,5
2009,00-0024465,D.Anderson,HOU,51,38,370,0,211,159,4.137254902,9.736842105,7.254901961,4.184210526,546,0.093406593,0,0,0,WR,75.00000048,15
2009,00-0024466,M.Colston,NO,105,69,1071,9,721,350,6.866666667,15.52173913,10.2,5.072463768,511,0.205479452,1,6,0,WR,230.7000018,15
2009,00-0025389,C.Johnson,DET,127,61,898,4,587,311,4.622047244,14.72131148,7.070866142,5.098360656,543,0.23388582,6,69,0,WR,181.7000024,13
2009,00-0025396,T.Ginn,MIA,72,35,434,1,392,42,5.444444444,12.4,6.027777778,1.2,507,0.142011834,7,48,0,WR,89.20000113,12
2009,00-0025410,D.Bowe,KC,86,46,583,4,380,203,4.418604651,12.67391304,6.779069767,4.413043478,504,0.170634921,0,0,0,WR,128.3000008,10
2009,00-0025414,R.Meachem,NO,55,43,710,9,545,165,9.909090909,16.51162791,12.90909091,3.837209302,511,0.107632094,6,82,0,WR,176.2000008,13
2009,00-0025431,S.Rice,MIN,116,78,1200,6,865,335,7.456896552,15.38461538,10.34482759,4.294871795,512,0.2265625,0,0,0,WR,234.0000017,15
2009,00-0025438,S.Smith,NYG,145,97,1163,7,909,254,6.268965517,11.98969072,8.020689655,2.618556701,506,0.286561265,0,0,0,WR,255.3000023,15
2009,00-0025460,J.Jones,HOU,34,22,372,5,241,131,7.088235294,16.90909091,10.94117647,5.954545455,546,0.062271062,3,22,0,WR,91.40000021,11
2009,00-0025465,J.Jones,GB,57,29,423,5,237,186,4.157894737,14.5862069,7.421052632,6.413793103,524,0.108778626,0,0,0,WR,101.3000004,12
2009,00-0025466,M.Sims-Walker,JAX,104,61,841,7,588,253,5.653846154,13.78688525,8.086538462,4.147540984,478,0.217573222,0,0,0,WR,187.1000024,13
2009,00-0025486,J.Higgins,OAK,41,15,192,0,167,25,4.073170732,12.8,4.682926829,1.666666667,0,0,2,21,0,WR,36.30000062,8
2009,00-0025529,S.Breaston,ARI,78,52,696,3,540,156,6.923076923,13.38461538,8.923076923,3,556,0.14028777,2,44,0,WR,144.0000019,13
2009,00-0025622,C.Stuckey,CLE,64,30,318,2,181,137,2.828125,10.6,4.96875,4.566666667,426,0.150234742,2,6,0,WR,74.39999998,10
2009,00-0025934,L.Long,KC,38,20,178,0,101,77,2.657894737,8.9,4.684210526,3.85,504,0.075396825,1,-1,0,WR,37.70000037,7
2009,00-0026000,D.Bess,MIA,107,71,673,1,397,276,3.710280374,9.478873239,6.289719626,3.887323944,507,0.211045365,2,11,0,WR,145.4000019,15
2009,00-0026035,D.Amendola,STL,57,40,308,1,137,171,2.403508772,7.7,5.403508772,4.275,0,0,3,-2,0,WR,76.60000032,11
2009,00-0026173,D.Avery,STL,93,45,566,5,315,251,3.387096774,12.57777778,6.086021505,5.577777778,0,0,4,30,0,WR,134.5999998,15
2009,00-0026174,D.Thomas,WAS,47,25,325,3,170,155,3.617021277,13,6.914893617,6.2,483,0.097308489,3,-2,0,WR,75.30000095,9
2009,00-0026176,J.Nelson,GB,30,21,269,2,184,85,6.133333333,12.80952381,8.966666667,4.047619048,524,0.057251908,0,0,0,WR,59.90000045,9
2009,00-0026182,E.Royal,DEN,79,37,345,0,221,124,2.797468354,9.324324324,4.367088608,3.351351351,499,0.158316633,1,1,0,WR,71.60000101,12
2009,00-0026189,D.Jackson,PHI,110,60,1120,9,749,371,6.809090909,18.66666667,10.18181818,6.183333333,512,0.21484375,10,131,1,WR,245.1000013,14
2009,00-0026191,M.Kelly,WAS,35,20,238,0,144,94,4.114285714,11.9,6.8,4.7,483,0.072463768,0,0,0,WR,43.80000079,12
2009,00-0026210,E.Bennett,CHI,83,51,690,2,392,298,4.722891566,13.52941176,8.313253012,5.843137255,522,0.159003831,0,0,0,WR,134.0000029,15
2009,00-0026235,M.Manningham,NYG,99,57,822,5,553,269,5.585858586,14.42105263,8.303030303,4.719298246,506,0.195652174,0,0,0,WR,169.2000016,14
2009,00-0026237,A.Caldwell,CIN,77,51,432,3,309,123,4.012987013,8.470588235,5.61038961,2.411764706,451,0.170731707,3,22,0,WR,114.4000015,14
2009,00-0026268,K.Burton,STL,44,25,253,0,171,82,3.886363636,10.12,5.75,3.28,0,0,0,0,0,WR,50.30000055,8
2009,00-0026314,J.Morgan,SF,79,50,500,3,264,236,3.341772152,10,6.329113924,4.72,493,0.160243408,5,61,0,WR,124.0999997,14
2009,00-0026345,P.Garcon,IND,93,47,765,4,481,284,5.172043011,16.27659574,8.225806452,6.042553191,567,0.164021164,2,10,0,WR,148.5000011,14
2009,00-0026366,C.Schilens,OAK,43,21,266,2,190,76,4.418604651,12.66666667,6.186046512,3.619047619,0,0,0,0,0,WR,59.60000002,7
2009,00-0026901,M.Wallace,PIT,69,37,692,5,557,135,8.072463768,18.7027027,10.02898551,3.648648649,506,0.136363636,5,48,0,WR,141.0000016,14
2009,00-0026913,J.Knox,CHI,80,45,527,5,350,177,4.375,11.71111111,6.5875,3.933333333,522,0.153256705,0,0,0,WR,127.7000001,14
2009,00-0026937,B.Gibson,STL,62,31,330,1,234,96,3.774193548,10.64516129,5.322580645,3.096774194,0,0,0,0,0,WR,70.00000083,7
2009,00-0026953,S.Stroughter,TB,58,31,319,1,197,122,3.396551724,10.29032258,5.5,3.935483871,490,0.118367347,0,0,0,WR,68.90000039,12
2009,00-0026983,D.Heyward-Bey,OAK,40,9,124,1,112,12,2.8,13.77777778,3.1,1.333333333,0,0,2,19,0,WR,29.30000069,8
2009,00-0026986,M.Crabtree,SF,78,45,567,2,360,207,4.615384615,12.6,7.269230769,4.6,493,0.15821501,0,0,0,WR,113.7000005,10
2009,00-0026995,J.Maclin,PHI,83,52,715,4,485,230,5.843373494,13.75,8.614457831,4.423076923,512,0.162109375,2,-7,0,WR,146.8000008,12
2009,00-0026998,P.Harvin,MIN,81,53,731,6,411,320,5.074074074,13.79245283,9.024691358,6.037735849,512,0.158203125,14,113,0,WR,173.4000028,14
2009,00-0027005,H.Nicks,NYG,72,46,795,6,382,404,5.305555556,17.2826087,11.04166667,8.782608696,506,0.14229249,2,8,0,WR,162.3000021,13
2009,00-0027006,K.Britt,TEN,74,41,687,3,507,180,6.851351351,16.75609756,9.283783784,4.390243902,443,0.167042889,0,0,0,WR,127.7000019,13
2009,00-0027026,M.Massaquoi,CLE,92,33,610,3,444,166,4.826086957,18.48484848,6.630434783,5.03030303,426,0.215962441,1,-3,0,WR,111.7000011,14
2009,00-0027063,D.Butler,SEA,39,15,175,0,129,46,3.307692308,11.66666667,4.487179487,3.066666667,575,0.067826087,0,0,0,WR,32.5,9
2009,00-0027076,M.Thomas,JAX,52,41,388,1,219,169,4.211538462,9.463414634,7.461538462,4.12195122,478,0.108786611,11,85,0,WR,94.30000114,13
2009,00-0027077,B.Hartline,MIA,52,29,472,3,321,151,6.173076923,16.27586207,9.076923077,5.206896552,507,0.102564103,2,9,0,WR,95.10000195,13
2009,00-0027089,L.Murphy,OAK,87,28,462,4,344,118,3.954022989,16.5,5.310344828,4.214285714,0,0,4,14,0,WR,99.60000155,13
2009,00-0027092,A.Collie,IND,86,59,661,7,413,248,4.802325581,11.20338983,7.686046512,4.203389831,567,0.151675485,2,1,0,WR,167.2000017,15
2009,00-0027150,J.Edelman,NE,39,27,256,1,96,160,2.461538462,9.481481481,6.564102564,5.925925926,554,0.070397112,2,5,0,WR,59.10000038,8
2010,00-0004541,D.Driver,GB,80,46,524,4,363,161,4.5375,11.39130435,6.55,3.5,501,0.159680639,0,0,0,WR,122.4000006,12
2010,00-0005231,B.Finneran,ATL,30,17,140,3,110,30,3.666666667,8.235294118,4.666666667,1.764705882,538,0.055762082,0,0,0,WR,48.99999988,7
2010,00-0005720,J.Galloway,WAS,38,12,173,0,155,18,4.078947368,14.41666667,4.552631579,1.5,556,0.068345324,0,0,0,WR,29.30000067,6
2010,00-0010500,D.Mason,BAL,97,58,768,7,653,115,6.731958763,13.24137931,7.917525773,1.982758621,472,0.205508475,0,0,0,WR,176.8000035,15
2010,00-0011754,R.Moss,MIN,62,27,375,5,312,63,5.032258065,13.88888889,6.048387097,2.333333333,473,0.131078224,0,0,0,WR,94.50000036,10
2010,00-0012478,T.Owens,CIN,139,72,983,9,650,333,4.676258993,13.65277778,7.071942446,4.625,545,0.255045872,0,0,0,WR,224.3,13
2010,00-0015754,B.Stokley,SEA,43,31,354,0,265,89,6.162790698,11.41935484,8.23255814,2.870967742,505,0.085148515,0,0,0,WR,66.40000129,11
2010,00-0017162,H.Ward,PIT,87,54,710,4,482,228,5.540229885,13.14814815,8.16091954,4.222222222,438,0.198630137,1,-2,0,WR,148.8000042,14
2010,00-0020337,S.Smith,CAR,99,46,552,2,337,215,3.404040404,12,5.575757576,4.673913043,436,0.22706422,1,9,0,WR,114.1000011,14
2010,00-0020397,C.Ochocinco,CIN,128,67,831,4,642,189,5.015625,12.40298507,6.4921875,2.820895522,545,0.234862385,0,0,0,WR,174.1000026,14
2010,00-0020438,T.Houshmandzadeh,BAL,54,28,381,3,305,76,5.648148148,13.60714286,7.055555556,2.714285714,472,0.11440678,0,0,0,WR,84.10000128,13
2010,00-0020446,C.Chambers,KC,40,20,191,1,147,44,3.675,9.55,4.775,2.2,432,0.092592593,0,0,0,WR,45.10000062,10
2010,00-0020494,S.Moss,WAS,133,84,1041,6,596,445,4.481203008,12.39285714,7.827067669,5.297619048,556,0.239208633,5,-6,0,WR,223.5000033,15
2010,00-0020498,R.Wayne,IND,165,102,1287,5,913,374,5.533333333,12.61764706,7.8,3.666666667,638,0.25862069,0,0,0,WR,260.7000047,15
2010,00-0021163,J.Gaffney,DEN,110,64,863,2,664,199,6.036363636,13.484375,7.845454545,3.109375,543,0.202578269,0,0,0,WR,162.3000014,15
2010,00-0021190,A.Randle El,PIT,36,20,232,0,183,49,5.083333333,11.6,6.444444444,2.45,438,0.082191781,1,2,0,WR,48.96000053,11
2010,00-0021192,D.Branch,NE,92,61,818,6,542,276,5.891304348,13.40983607,8.891304348,4.524590164,474,0.194092827,0,0,0,WR,178.8000002,15
2010,00-0021508,G.Lewis,MIN,34,17,197,0,132,65,3.882352941,11.58823529,5.794117647,3.823529412,473,0.071881607,0,0,0,WR,36.70000029,10
2010,00-0021931,K.Walter,HOU,75,48,567,5,461,106,6.146666667,11.8125,7.56,2.208333333,545,0.137614679,0,0,0,WR,134.7000012,12
2010,00-0021982,J.Gage,TEN,43,20,266,1,216,50,5.023255814,13.3,6.186046512,2.5,430,0.1,0,0,0,WR,52.60000038,9
2010,00-0021999,N.Burleson,DET,79,49,542,5,258,284,3.265822785,11.06122449,6.860759494,5.795918367,589,0.134125637,6,61,0,WR,139.3000012,13
2010,00-0022044,A.Johnson,HOU,138,86,1216,8,861,350,6.239130435,14.13953488,8.811594203,4.069767442,545,0.253211009,2,10,0,WR,256.6000041,13
2010,00-0022084,A.Boldin,BAL,106,62,828,7,609,219,5.745283019,13.35483871,7.811320755,3.532258065,472,0.224576271,2,2,0,WR,186.7600013,15
2010,00-0022097,B.Lloyd,DEN,139,72,1375,10,1195,180,8.597122302,19.09722222,9.892086331,2.5,543,0.255985267,0,0,0,WR,269.5000039,15
2010,00-0022156,B.Johnson,DET,45,15,161,0,123,38,2.733333333,10.73333333,3.577777778,2.533333333,589,0.076400679,0,0,0,WR,33.10000032,10
2010,00-0022414,M.Floyd,SD,68,35,660,6,567,93,8.338235294,18.85714286,9.705882353,2.657142857,0,0,0,0,0,WR,137.0000023,9
2010,00-0022427,W.Welker,NE,123,86,848,7,445,403,3.617886179,9.860465116,6.894308943,4.686046512,474,0.259493671,0,0,0,WR,212.8000013,15
2010,00-0022766,P.Crayton,SD,42,28,514,1,300,214,7.142857143,18.35714286,12.23809524,7.642857143,0,0,0,0,0,WR,85.40000093,8
2010,00-0022781,M.Jenkins,ATL,65,36,453,2,380,73,5.846153846,12.58333333,6.969230769,2.027777778,538,0.120817844,0,0,0,WR,93.30000055,10
2010,00-0022807,B.Berrian,MIN,50,26,236,0,166,70,3.32,9.076923077,4.72,2.692307692,473,0.105708245,1,-8,0,WR,48.79999989,10
2010,00-0022811,J.Cotchery,NYJ,79,38,401,2,291,110,3.683544304,10.55263158,5.075949367,2.894736842,504,0.156746032,3,-2,0,WR,89.90000062,12
2010,00-0022909,R.Williams,DAL,62,36,532,5,327,205,5.274193548,14.77777778,8.580645161,5.694444444,545,0.113761468,0,0,0,WR,121.2000011,12
2010,00-0022910,L.Evans,BUF,83,37,578,4,458,120,5.518072289,15.62162162,6.963855422,3.243243243,488,0.170081967,0,0,0,WR,118.800002,11
2010,00-0022921,L.Fitzgerald,ARI,157,79,1012,5,815,197,5.191082803,12.81012658,6.445859873,2.493670886,501,0.313373253,0,0,0,WR,212.200004,15
2010,00-0022929,D.Henderson,NO,55,34,464,1,334,130,6.072727273,13.64705882,8.436363636,3.823529412,609,0.090311987,3,8,0,WR,87.20000114,12
2010,00-0023176,J.Cribbs,CLE,35,20,255,1,145,110,4.142857143,12.75,7.285714286,5.5,425,0.082352941,20,67,0,WR,58.9600002,12
2010,00-0023310,L.Moore,NO,85,60,710,8,441,269,5.188235294,11.83333333,8.352941176,4.483333333,609,0.139573071,0,0,0,WR,179.0000029,14
2010,00-0023367,N.Washington,TEN,90,41,649,6,536,113,5.955555556,15.82926829,7.211111111,2.756097561,430,0.209302326,1,-8,0,WR,141.1000018,15
2010,00-0023408,G.Camarillo,MIN,33,19,227,1,140,87,4.242424242,11.94736842,6.878787879,4.578947368,473,0.069767442,0,0,0,WR,47.70000076,11
2010,00-0023438,B.Edwards,NYJ,100,52,852,6,586,266,5.86,16.38461538,8.52,5.115384615,504,0.198412698,1,4,0,WR,175.6000022,15
2010,00-0023452,M.Williams,SEA,104,62,735,1,526,209,5.057692308,11.85483871,7.067307692,3.370967742,505,0.205940594,1,0,0,WR,141.5000005,12
2010,00-0023457,M.Clayton,STL,42,23,306,2,210,96,5,13.30434783,7.285714286,4.173913043,0,0,1,6,0,WR,66.20000076,5
2010,00-0023462,R.White,ATL,173,109,1327,9,986,341,5.699421965,12.17431193,7.670520231,3.128440367,538,0.321561338,1,3,0,WR,300.0000035,15
2010,00-0023490,R.Parrish,BUF,53,33,392,2,283,109,5.339622642,11.87878788,7.396226415,3.303030303,488,0.108606557,3,23,0,WR,86.50000104,8
2010,00-0023921,M.Austin,DAL,116,67,979,7,564,415,4.862068966,14.6119403,8.439655172,6.194029851,545,0.212844037,6,102,1,WR,223.1000018,15
2010,00-0023968,M.Spurlock,TB,33,17,250,2,217,33,6.575757576,14.70588235,7.575757576,1.941176471,461,0.071583514,0,0,0,WR,54.00000018,10
2010,00-0024240,S.Holmes,NYJ,95,51,729,5,513,216,5.4,14.29411765,7.673684211,4.235294118,504,0.188492063,2,17,0,WR,155.6000025,11
2010,00-0024267,G.Jennings,GB,115,72,1168,12,799,369,6.947826087,16.22222222,10.15652174,5.125,501,0.229540918,1,-1,0,WR,260.700002,15
2010,00-0024272,D.Hester,CHI,68,39,459,4,240,219,3.529411765,11.76923077,6.75,5.615384615,420,0.161904762,7,30,0,WR,111.900001,15
2010,00-0024297,D.Hagan,NYG,34,18,153,1,127,26,3.735294118,8.5,4.5,1.444444444,505,0.067326733,0,0,0,WR,39.30000007,6
2010,00-0024324,J.Avant,PHI,73,50,553,1,408,145,5.589041096,11.06,7.575342466,2.9,517,0.141199226,0,0,0,WR,113.3000015,14
2010,00-0024334,B.Marshall,MIA,134,81,917,3,714,201,5.328358209,11.32098765,6.843283582,2.481481481,515,0.260194175,2,3,0,WR,191.0000032,13
2010,00-0024463,B.Obomanu,SEA,43,25,455,4,297,158,6.906976744,18.2,10.58139535,6.32,505,0.085148515,2,17,0,WR,100.2000015,11
2010,00-0024466,M.Colston,NO,132,84,1023,7,755,268,5.71969697,12.17857143,7.75,3.19047619,609,0.216748768,1,1,0,WR,228.4000026,15
2010,00-0025389,C.Johnson,DET,138,77,1120,12,816,304,5.913043478,14.54545455,8.115942029,3.948051948,589,0.234295416,4,32,0,WR,266.2000014,15
2010,00-0025396,T.Ginn,SF,31,10,122,0,101,21,3.258064516,12.2,3.935483871,2.1,460,0.067391304,2,11,0,WR,23.30000044,8
2010,00-0025410,D.Bowe,KC,125,67,1094,15,753,334,6.024,16.32835821,8.752,4.985074627,432,0.289351852,1,4,0,WR,266.8000022,14
2010,00-0025414,R.Meachem,NO,64,43,633,5,503,130,7.859375,14.72093023,9.890625,3.023255814,609,0.105090312,3,17,0,WR,138.0000033,13
2010,00-0025417,C.Davis,SD,39,21,259,1,170,89,4.358974359,12.33333333,6.641025641,4.238095238,0,0,0,0,0,WR,52.90000033,6
2010,00-0025431,S.Rice,MIN,42,17,280,2,237,43,5.642857143,16.47058824,6.666666667,2.529411765,473,0.088794926,0,0,0,WR,57.00000048,6
2010,00-0025438,S.Smith,NYG,75,48,529,3,422,107,5.626666667,11.02083333,7.053333333,2.229166667,505,0.148514851,0,0,0,WR,118.9000005,9
2010,00-0025460,J.Jones,HOU,72,46,492,3,304,188,4.222222222,10.69565217,6.833333333,4.086956522,545,0.132110092,2,7,0,WR,115.9000013,14
2010,00-0025462,L.Robinson,STL,68,32,330,2,227,103,3.338235294,10.3125,4.852941176,3.21875,0,0,1,-5,0,WR,76.50000012,12
2010,00-0025465,J.Jones,GB,85,49,671,5,392,279,4.611764706,13.69387755,7.894117647,5.693877551,501,0.169660679,0,0,0,WR,146.1000027,13
2010,00-0025466,M.Sims-Walker,JAX,79,43,562,7,445,117,5.632911392,13.06976744,7.113924051,2.720930233,439,0.179954442,0,0,0,WR,141.2000011,11
2010,00-0025486,J.Higgins,OAK,31,10,103,0,85,18,2.741935484,10.3,3.322580645,1.8,0,0,0,0,0,WR,20.34000055,4
2010,00-0025529,S.Breaston,ARI,81,43,692,1,533,159,6.580246914,16.09302326,8.543209877,3.697674419,501,0.161676647,3,35,0,WR,122.3800013,11
2010,00-0025559,L.Naanee,SD,38,19,292,1,202,90,5.315789474,15.36842105,7.684210526,4.736842105,0,0,3,-2,0,WR,56.00000018,7
2010,00-0025622,C.Stuckey,CLE,59,39,342,0,139,203,2.355932203,8.769230769,5.796610169,5.205128205,425,0.138823529,3,9,1,WR,80.10000019,14
2010,00-0026000,D.Bess,MIA,117,77,782,4,474,308,4.051282051,10.15584416,6.683760684,4,515,0.227184466,1,0,0,WR,179.2000014,15
2010,00-0026019,D.Woodhead,NE,44,34,379,1,66,313,1.5,11.14705882,8.613636364,9.205882353,474,0.092827004,95,528,5,WR,160.7000019,13
2010,00-0026035,D.Amendola,STL,119,83,680,3,333,347,2.798319328,8.192771084,5.714285714,4.180722892,0,0,7,81,0,WR,177.1000014,15
2010,00-0026176,J.Nelson,GB,62,43,543,2,317,226,5.112903226,12.62790698,8.758064516,5.255813953,501,0.123752495,0,0,0,WR,109.300001,14
2010,00-0026182,E.Royal,DEN,104,59,627,3,248,367,2.384615385,10.62711864,6.028846154,6.220338983,543,0.191528545,6,61,0,WR,145.8000015,14
2010,00-0026189,D.Jackson,PHI,96,47,1056,6,715,341,7.447916667,22.46808511,11,7.255319149,517,0.185686654,16,104,1,WR,205.000003,14
2010,00-0026210,E.Bennett,CHI,70,46,561,3,356,205,5.085714286,12.19565217,8.014285714,4.456521739,420,0.166666667,2,9,0,WR,121.0000018,14
2010,00-0026221,E.Doucet,ARI,59,26,291,1,211,80,3.576271186,11.19230769,4.93220339,3.076923077,501,0.117764471,2,5,0,WR,61.60000075,10
2010,00-0026224,H.Douglas,ATL,52,21,275,1,174,101,3.346153846,13.0952381,5.288461538,4.80952381,538,0.096654275,2,-5,0,WR,54.00000095,11
2010,00-0026235,M.Manningham,NYG,85,56,843,8,567,276,6.670588235,15.05357143,9.917647059,4.928571429,505,0.168316832,1,2,0,WR,188.5000022,13
2010,00-0026314,J.Morgan,SF,76,41,639,2,360,279,4.736842105,15.58536585,8.407894737,6.804878049,460,0.165217391,2,17,0,WR,118.6000017,14
2010,00-0026345,P.Garcon,IND,107,61,738,5,499,239,4.663551402,12.09836066,6.897196262,3.918032787,638,0.167711599,2,6,0,WR,165.4000021,13
2010,00-0026364,St. Johnson,BUF,131,77,1001,10,622,379,4.748091603,13,7.641221374,4.922077922,488,0.268442623,0,0,0,WR,237.1000031,15
2010,00-0026465,A.Armstrong,WAS,77,42,787,2,657,130,8.532467532,18.73809524,10.22077922,3.095238095,556,0.138489209,0,0,0,WR,132.7000023,14
2010,00-0026901,M.Wallace,PIT,93,57,1152,9,847,305,9.107526882,20.21052632,12.38709677,5.350877193,438,0.212328767,5,39,0,WR,230.1000028,15
2010,00-0026913,J.Knox,CHI,91,51,960,5,726,234,7.978021978,18.82352941,10.54945055,4.588235294,420,0.216666667,1,2,0,WR,177.2000036,15
2010,00-0026937,B.Gibson,STL,85,50,590,2,396,194,4.658823529,11.8,6.941176471,3.88,0,0,3,28,0,WR,123.8000005,13
2010,00-0026953,S.Stroughter,TB,38,24,239,0,139,100,3.657894737,9.958333333,6.289473684,4.166666667,461,0.082429501,1,2,0,WR,48.10000093,9
2010,00-0026983,D.Heyward-Bey,OAK,62,26,366,1,265,101,4.274193548,14.07692308,5.903225806,3.884615385,0,0,3,46,0,WR,73.20000012,11
2010,00-0026986,M.Crabtree,SF,95,51,694,6,403,291,4.242105263,13.60784314,7.305263158,5.705882353,460,0.206521739,0,0,0,WR,156.4000022,15
2010,00-0026995,J.Maclin,PHI,114,70,964,10,691,273,6.061403509,13.77142857,8.456140351,3.9,517,0.220502901,3,36,0,WR,230.0000032,15
2010,00-0026998,P.Harvin,MIN,96,63,799,5,419,380,4.364583333,12.68253968,8.322916667,6.031746032,473,0.202959831,16,111,1,WR,192.000001,13
2010,00-0027005,H.Nicks,NYG,128,79,1052,11,758,294,5.921875,13.3164557,8.21875,3.721518987,505,0.253465347,0,0,0,WR,250.2000033,13
2010,00-0027006,K.Britt,TEN,65,37,690,8,573,117,8.815384615,18.64864865,10.61538462,3.162162162,430,0.151162791,0,0,0,WR,156.0000029,9
2010,00-0027012,B.Robiskie,CLE,43,27,275,2,221,54,5.139534884,10.18518519,6.395348837,2,425,0.101176471,0,0,0,WR,66.50000036,11
2010,00-0027026,M.Massaquoi,CLE,66,33,433,2,331,102,5.015151515,13.12121212,6.560606061,3.090909091,425,0.155294118,0,0,0,WR,93.46000123,12
2010,00-0027057,B.Tate,NE,44,22,350,2,244,106,5.545454545,15.90909091,7.954545455,4.818181818,474,0.092827004,5,62,0,WR,75.20000029,14
2010,00-0027063,D.Butler,SEA,70,36,385,4,269,116,3.842857143,10.69444444,5.5,3.222222222,505,0.138613861,2,6,0,WR,99.10000019,12
2010,00-0027076,M.Thomas,JAX,96,65,804,4,507,297,5.28125,12.36923077,8.375,4.569230769,439,0.218678815,10,94,0,WR,178.8000016,14
2010,00-0027077,B.Hartline,MIA,73,43,615,1,404,211,5.534246575,14.30232558,8.424657534,4.906976744,515,0.141747573,2,27,0,WR,113.2000018,10
2010,00-0027089,L.Murphy,OAK,74,39,580,2,379,196,5.121621622,14.87179487,7.837837838,5.025641026,0,0,1,43,0,WR,113.3000019,13
2010,00-0027092,A.Collie,IND,70,57,617,8,336,281,4.8,10.8245614,8.814285714,4.929824561,638,0.109717868,0,0,0,WR,166.7000015,9
2010,00-0027322,D.Nelson,BUF,47,31,353,3,275,78,5.85106383,11.38709677,7.510638298,2.516129032,488,0.096311475,0,0,0,WR,84.30000079,10
2010,00-0027477,B.White,IND,50,32,304,5,244,60,4.88,9.5,6.08,1.875,638,0.078369906,0,0,0,WR,92.40000069,10
2010,00-0027518,D.Jones,BUF,41,18,213,1,127,86,3.097560976,11.83333333,5.195121951,4.777777778,488,0.084016393,3,1,0,WR,45.40000031,8
2010,00-0027651,D.McCluster,KC,32,20,194,1,45,149,1.40625,9.7,6.0625,7.45,432,0.074074074,18,71,0,WR,52.50000062,9
2010,00-0027654,A.Benn,TB,38,25,395,2,236,159,6.210526316,15.8,10.39473684,6.36,461,0.082429501,6,35,0,WR,80.00000125,13
2010,00-0027681,B.LaFell,CAR,69,34,405,1,285,120,4.130434783,11.91176471,5.869565217,3.529411765,436,0.158256881,0,0,0,WR,80.5000006,12
2010,00-0027685,E.Sanders,PIT,48,27,360,2,300,60,6.25,13.33333333,7.5,2.222222222,438,0.109589041,0,0,0,WR,75.00000012,9
2010,00-0027687,J.Shipley,CIN,70,50,586,3,381,205,5.442857143,11.72,8.371428571,4.1,545,0.128440367,0,0,0,WR,126.6000003,14
2010,00-0027691,A.Roberts,ARI,38,20,284,2,164,120,4.315789474,14.2,7.473684211,6,501,0.075848303,0,0,0,WR,60.40000033,7
2010,00-0027702,M.Williams,TB,125,61,924,10,622,307,4.976,15.14754098,7.392,5.032786885,461,0.271149675,0,0,0,WR,213.4000026,15
2010,00-0027709,J.Ford,OAK,52,24,435,2,364,71,7,18.125,8.365384615,2.958333333,0,0,8,133,1,WR,98.80000095,10
2010,00-0027795,D.Gettis,CAR,59,33,475,3,341,134,5.779661017,14.39393939,8.050847458,4.060606061,436,0.135321101,2,-17,0,WR,96.80000174,13
2010,00-0027874,D.Thomas,DEN,37,22,283,2,146,139,3.945945946,12.86363636,7.648648649,6.318181818,543,0.068139963,2,1,0,WR,62.40000144,9
2010,00-0027891,G.Tate,SEA,38,20,224,0,123,101,3.236842105,11.2,5.894736842,5.05,505,0.075247525,1,1,0,WR,42.50000093,8
2010,00-0027902,D.Bryant,DAL,72,45,561,6,369,192,5.125,12.46666667,7.791666667,4.266666667,545,0.132110092,1,0,0,WR,137.1000013,11
2010,00-0027912,D.Alexander,STL,32,17,292,1,192,100,6,17.17647059,9.125,5.882352941,0,0,0,0,0,WR,52.20000052,5
2011,00-0004541,D.Driver,GB,52,35,393,5,288,105,5.538461538,11.22857143,7.557692308,3,496,0.10483871,0,0,0,WR,104.3000004,14
2011,00-0010500,D.Mason,NYJ,35,19,170,0,132,38,3.771428571,8.947368421,4.857142857,2,509,0.068762279,0,0,0,WR,36.00000024,9
2011,00-0017162,H.Ward,PIT,56,41,357,2,207,150,3.696428571,8.707317073,6.375,3.658536585,497,0.112676056,0,0,0,WR,88.70000124,12
2011,00-0019642,P.Burress,NYJ,91,41,555,8,428,127,4.703296703,13.53658537,6.098901099,3.097560976,509,0.178781925,0,0,0,WR,144.5000026,13
2011,00-0020337,S.Smith,CAR,123,73,1308,6,878,430,7.138211382,17.91780822,10.63414634,5.890410959,492,0.25,5,55,0,WR,247.3000053,15
2011,00-0020397,C.Ochocinco,NE,31,15,276,1,223,53,7.193548387,18.4,8.903225806,3.533333333,573,0.054101222,0,0,0,WR,48.60000062,10
2011,00-0020494,S.Moss,WAS,88,43,539,4,363,176,4.125,12.53488372,6.125,4.093023256,538,0.163568773,0,0,0,WR,120.9000009,11
2011,00-0020498,R.Wayne,IND,120,67,887,4,616,271,5.133333333,13.23880597,7.391666667,4.044776119,486,0.24691358,0,0,0,WR,179.7000029,15
2011,00-0021147,D.Stallworth,WAS,37,21,301,2,200,101,5.405405405,14.33333333,8.135135135,4.80952381,538,0.068773234,2,1,0,WR,63.20000062,8
2011,00-0021163,J.Gaffney,WAS,104,64,919,5,750,169,7.211538462,14.359375,8.836538462,2.640625,538,0.19330855,0,0,0,WR,185.9000018,14
2011,00-0021192,D.Branch,NE,90,51,702,5,371,331,4.122222222,13.76470588,7.8,6.490196078,573,0.157068063,0,0,0,WR,151.2000018,12
2011,00-0021931,K.Walter,HOU,58,39,474,3,344,130,5.931034483,12.15384615,8.172413793,3.333333333,424,0.136792453,0,0,0,WR,104.4000007,13
2011,00-0021999,N.Burleson,DET,101,68,726,3,339,387,3.356435644,10.67647059,7.188118812,5.691176471,611,0.165302782,10,76,0,WR,166.2000019,15
2011,00-0022044,A.Johnson,HOU,49,31,471,2,337,134,6.87755102,15.19354839,9.612244898,4.322580645,424,0.115566038,1,8,0,WR,90.90000111,6
2011,00-0022084,A.Boldin,BAL,106,57,887,3,665,222,6.273584906,15.56140351,8.367924528,3.894736842,522,0.203065134,0,0,0,WR,163.7000017,14
2011,00-0022097,B.Lloyd,STL,138,64,866,4,738,128,5.347826087,13.53125,6.275362319,2,0,0,0,0,0,WR,174.6000018,14
2011,00-0022414,M.Floyd,SD,61,36,729,4,585,144,9.590163934,20.25,11.95081967,4,0,0,0,0,0,WR,132.9000033,11
2011,00-0022427,W.Welker,NE,162,116,1518,9,837,681,5.166666667,13.0862069,9.37037037,5.870689655,573,0.282722513,4,30,0,WR,324.8000038,15
2011,00-0022766,P.Crayton,SD,33,22,225,1,140,85,4.242424242,10.22727273,6.818181818,3.863636364,0,0,0,0,0,WR,50.50000095,11
2011,00-0022781,M.Jenkins,MIN,55,38,466,3,365,101,6.636363636,12.26315789,8.472727273,2.657894737,464,0.118534483,0,0,0,WR,102.6000012,11
2011,00-0022909,R.Williams,CHI,56,33,447,1,336,111,6,13.54545455,7.982142857,3.363636364,441,0.126984127,0,0,0,WR,83.70000088,11
2011,00-0022921,L.Fitzgerald,ARI,136,71,1262,8,839,423,6.169117647,17.77464789,9.279411765,5.957746479,502,0.270916335,0,0,0,WR,245.200003,15
2011,00-0022929,D.Henderson,NO,48,30,455,2,285,170,5.9375,15.16666667,9.479166667,5.666666667,624,0.076923077,0,0,0,WR,87.50000024,12
2011,00-0023176,J.Cribbs,CLE,58,34,427,4,224,203,3.862068966,12.55882353,7.362068966,5.970588235,524,0.110687023,7,25,0,WR,103.2000008,14
2011,00-0023310,L.Moore,NO,75,52,627,8,470,157,6.266666667,12.05769231,8.36,3.019230769,624,0.120192308,0,0,0,WR,166.7000026,14
2011,00-0023367,N.Washington,TEN,112,70,931,6,629,302,5.616071429,13.3,8.3125,4.314285714,546,0.205128205,2,5,1,WR,205.6000018,15
2011,00-0023438,B.Edwards,SF,34,15,181,0,134,47,3.941176471,12.06666667,5.323529412,3.133333333,419,0.081145585,0,0,0,WR,33.10000098,7
2011,00-0023452,M.Williams,SEA,38,18,236,1,178,58,4.684210526,13.11111111,6.210526316,3.222222222,467,0.08137045,0,0,0,WR,47.60000026,8
2011,00-0023462,R.White,ATL,171,96,1227,8,894,333,5.228070175,12.78125,7.175438596,3.46875,561,0.304812834,0,0,0,WR,266.7000015,15
2011,00-0023496,V.Jackson,SD,110,58,1077,8,885,192,8.045454545,18.56896552,9.790909091,3.310344828,0,0,2,10,0,WR,214.7000022,15
2011,00-0023921,M.Austin,DAL,68,41,559,7,367,182,5.397058824,13.63414634,8.220588235,4.43902439,525,0.12952381,2,3,0,WR,139.2000018,9
2011,00-0024240,S.Holmes,NYJ,100,51,654,8,467,187,4.67,12.82352941,6.54,3.666666667,509,0.196463654,3,27,0,WR,167.1000021,15
2011,00-0024267,G.Jennings,GB,101,67,949,9,673,276,6.663366337,14.1641791,9.396039604,4.119402985,496,0.203629032,0,0,0,WR,215.9000009,13
2011,00-0024272,D.Hester,CHI,54,25,355,1,207,148,3.833333333,14.2,6.574074074,5.92,441,0.12244898,1,-6,0,WR,65.90000051,8
2011,00-0024297,D.Hagan,OAK,32,17,163,1,141,22,4.40625,9.588235294,5.09375,1.294117647,0,0,0,0,0,WR,39.30000031,7
2011,00-0024318,B.Smith,BUF,42,23,240,1,134,104,3.19047619,10.43478261,5.714285714,4.52173913,524,0.080152672,20,87,1,WR,65.70000116,12
2011,00-0024324,J.Avant,PHI,75,48,637,1,471,166,6.28,13.27083333,8.493333333,3.458333333,503,0.149105368,0,0,0,WR,117.7000014,14
2011,00-0024334,B.Marshall,MIA,135,76,1164,6,890,274,6.592592593,15.31578947,8.622222222,3.605263158,434,0.311059908,1,13,0,WR,229.7000026,15
2011,00-0024447,D.Aromashodu,MIN,73,23,415,1,310,105,4.246575342,18.04347826,5.684931507,4.565217391,464,0.157327586,0,0,0,WR,70.50000107,11
2011,00-0024463,B.Obomanu,SEA,55,34,399,2,284,115,5.163636364,11.73529412,7.254545455,3.382352941,467,0.117773019,1,13,0,WR,87.20000154,14
2011,00-0024466,M.Colston,NO,99,75,1019,6,763,256,7.707070707,13.58666667,10.29292929,3.413333333,624,0.158653846,0,0,0,WR,212.9000034,13
2011,00-0024756,M.Willis,DEN,35,18,267,1,174,93,4.971428571,14.83333333,7.628571429,5.166666667,402,0.087064677,0,0,0,WR,50.7000007,12
2011,00-0025389,C.Johnson,DET,145,86,1442,15,1010,431,6.965517241,16.76744186,9.944827586,5.011627907,611,0.237315876,1,11,0,WR,321.3000044,15
2011,00-0025396,T.Ginn,SF,33,19,220,0,177,43,5.363636364,11.57894737,6.666666667,2.263157895,419,0.07875895,8,68,0,WR,47.80000132,10
2011,00-0025410,D.Bowe,KC,135,75,1066,5,741,325,5.488888889,14.21333333,7.896296296,4.333333333,467,0.289079229,1,12,0,WR,212.8000045,15
2011,00-0025414,R.Meachem,NO,59,39,628,6,519,109,8.796610169,16.1025641,10.6440678,2.794871795,624,0.094551282,5,26,0,WR,140.4000025,13
2011,00-0025431,S.Rice,SEA,57,32,484,2,361,123,6.333333333,15.125,8.49122807,3.84375,467,0.122055675,2,3,0,WR,94.90000111,9
2011,00-0025460,J.Jones,HOU,58,28,477,2,348,129,6,17.03571429,8.224137931,4.607142857,424,0.136792453,3,13,0,WR,89.00000076,13
2011,00-0025462,L.Robinson,DAL,76,50,797,9,553,244,7.276315789,15.94,10.48684211,4.88,525,0.144761905,0,0,0,WR,183.7000009,13
2011,00-0025463,J.Hill,JAX,55,25,367,3,247,127,4.490909091,14.68,6.672727273,5.08,448,0.122767857,0,0,0,WR,79.70000029,9
2011,00-0025465,J.Jones,GB,47,32,546,7,299,247,6.361702128,17.0625,11.61702128,7.71875,496,0.094758065,0,0,0,WR,128.6000011,13
2011,00-0025466,M.Sims-Walker,STL,33,12,150,0,118,32,3.575757576,12.5,4.545454545,2.666666667,0,0,0,0,0,WR,26.99999988,5
2011,00-0025529,S.Breaston,KC,93,60,776,2,465,311,5,12.93333333,8.344086022,5.183333333,467,0.199143469,1,25,0,WR,152.1000025,15
2011,00-0025559,L.Naanee,CAR,77,44,467,1,300,167,3.896103896,10.61363636,6.064935065,3.795454545,492,0.156504065,0,0,0,WR,97.7800011,15
2011,00-0026000,D.Bess,MIA,80,45,492,3,283,209,3.5375,10.93333333,6.15,4.644444444,434,0.184331797,2,9,0,WR,113.1000006,15
2011,00-0026176,J.Nelson,GB,81,59,1101,12,730,371,9.012345679,18.66101695,13.59259259,6.288135593,496,0.163306452,0,0,0,WR,241.1000025,15
2011,00-0026182,E.Royal,DEN,46,19,155,1,89,66,1.934782609,8.157894737,3.369565217,3.473684211,402,0.114427861,5,30,0,WR,43.50000089,10
2011,00-0026186,J.Simpson,CIN,96,45,671,4,469,202,4.885416667,14.91111111,6.989583333,4.488888889,482,0.199170124,0,0,0,WR,136.1000016,13
2011,00-0026189,D.Jackson,PHI,98,54,875,3,684,191,6.979591837,16.2037037,8.928571429,3.537037037,503,0.194831014,7,41,0,WR,163.6000011,14
2011,00-0026210,E.Bennett,CHI,38,21,350,1,235,115,6.184210526,16.66666667,9.210526316,5.476190476,441,0.0861678,0,0,0,WR,62.00000072,9
2011,00-0026221,E.Doucet,ARI,95,53,682,5,361,321,3.8,12.86792453,7.178947368,6.056603774,502,0.189243028,0,0,0,WR,151.2000007,15
2011,00-0026224,H.Douglas,ATL,62,39,498,1,266,232,4.290322581,12.76923077,8.032258065,5.948717949,561,0.110516934,1,3,0,WR,95.10000002,13
2011,00-0026235,M.Manningham,NYG,77,39,523,4,416,107,5.402597403,13.41025641,6.792207792,2.743589744,551,0.139745917,0,0,0,WR,115.3000025,11
2011,00-0026237,A.Caldwell,CIN,68,37,317,3,204,113,3,8.567567568,4.661764706,3.054054054,482,0.141078838,0,0,0,WR,86.69999981,11
2011,00-0026266,L.Hawkins,TEN,74,44,451,1,262,189,3.540540541,10.25,6.094594595,4.295454545,546,0.135531136,0,0,0,WR,95.10000086,14
2011,00-0026345,P.Garcon,IND,129,68,925,6,574,351,4.449612403,13.60294118,7.170542636,5.161764706,486,0.265432099,4,28,0,WR,199.3000009,15
2011,00-0026364,St.Johnson,BUF,127,72,964,6,651,313,5.125984252,13.38888889,7.590551181,4.347222222,524,0.242366412,0,0,0,WR,204.4000025,15
2011,00-0026366,C.Schilens,OAK,35,23,271,2,235,36,6.714285714,11.7826087,7.742857143,1.565217391,0,0,0,0,0,WR,62.10000122,9
2011,00-0026739,J.Norwood,CLE,34,23,268,1,184,84,5.411764706,11.65217391,7.882352941,3.652173913,524,0.064885496,0,0,0,WR,55.80000019,10
2011,00-0026901,M.Wallace,PIT,108,71,1182,8,730,452,6.759259259,16.64788732,10.94444444,6.366197183,497,0.217303823,5,57,0,WR,242.9000022,15
2011,00-0026913,J.Knox,CHI,69,37,727,2,566,161,8.202898551,19.64864865,10.53623188,4.351351351,441,0.156462585,0,0,0,WR,121.7000018,14
2011,00-0026937,B.Gibson,STL,68,35,410,1,317,93,4.661764706,11.71428571,6.029411765,2.657142857,0,0,2,16,0,WR,83.60000157,11
2011,00-0026983,D.Heyward-Bey,OAK,98,55,845,3,636,209,6.489795918,15.36363636,8.62244898,3.8,0,0,0,0,0,WR,157.5000023,12
2011,00-0026986,M.Crabtree,SF,105,64,788,2,492,296,4.685714286,12.3125,7.504761905,4.625,419,0.250596659,0,0,0,WR,156.8000021,14
2011,00-0026995,J.Maclin,PHI,84,55,754,5,512,242,6.095238095,13.70909091,8.976190476,4.4,503,0.166998012,1,1,0,WR,160.5000028,12
2011,00-0026998,P.Harvin,MIN,105,77,846,6,351,503,3.342857143,10.98701299,8.057142857,6.532467532,464,0.226293103,47,332,1,WR,236.8000029,15
2011,00-0027005,H.Nicks,NYG,127,71,1116,6,796,320,6.267716535,15.71830986,8.787401575,4.507042254,551,0.230490018,0,0,0,WR,218.6000015,14
2011,00-0027026,M.Massaquoi,CLE,65,29,368,2,293,75,4.507692308,12.68965517,5.661538462,2.586206897,524,0.124045802,0,0,0,WR,77.79999995,11
2011,00-0027076,M.Thomas,JAX,88,43,410,1,220,190,2.5,9.534883721,4.659090909,4.418604651,448,0.196428571,2,8,0,WR,90.80000171,14
2011,00-0027077,B.Hartline,MIA,59,33,533,1,443,90,7.508474576,16.15151515,9.033898305,2.727272727,434,0.1359447,1,9,0,WR,93.20000213,13
2011,00-0027092,A.Collie,IND,87,45,418,0,268,150,3.08045977,9.288888889,4.804597701,3.333333333,486,0.179012346,0,0,0,WR,86.79999995,13
2011,00-0027105,J.Dillard,JAX,48,28,284,1,242,42,5.041666667,10.14285714,5.916666667,1.5,448,0.107142857,0,0,0,WR,62.40000087,12
2011,00-0027265,V.Cruz,NYG,120,76,1358,8,858,500,7.15,17.86842105,11.31666667,6.578947368,551,0.217785844,1,3,0,WR,260.1000056,14
2011,00-0027322,D.Nelson,BUF,94,59,635,5,440,195,4.680851064,10.76271186,6.755319149,3.305084746,524,0.179389313,0,0,0,WR,152.5000021,15
2011,00-0027450,P.Parker,TB,58,36,480,3,240,240,4.137931034,13.33333333,8.275862069,6.666666667,540,0.107407407,1,-3,0,WR,101.7000015,13
2011,00-0027518,D.Jones,BUF,46,23,231,1,163,68,3.543478261,10.04347826,5.02173913,2.956521739,524,0.08778626,1,2,0,WR,52.30000122,7
2011,00-0027608,K.Williams,SF,31,20,241,3,134,107,4.322580645,12.05,7.774193548,5.35,419,0.07398568,2,32,0,WR,65.30000061,9
2011,00-0027654,A.Benn,TB,51,30,441,3,267,174,5.235294118,14.7,8.647058824,5.8,540,0.094444444,6,-7,0,WR,91.40000097,14
2011,00-0027681,B.LaFell,CAR,54,34,586,3,360,226,6.666666667,17.23529412,10.85185185,6.647058824,492,0.109756098,0,0,0,WR,110.6000015,13
2011,00-0027685,E.Sanders,PIT,41,21,274,2,155,119,3.780487805,13.04761905,6.682926829,5.666666667,497,0.08249497,0,0,0,WR,61.00000101,9
2011,00-0027690,E.Decker,DEN,94,43,607,8,439,168,4.670212766,14.11627907,6.457446809,3.906976744,402,0.233830846,1,1,0,WR,151.8000017,13
2011,00-0027691,A.Roberts,ARI,90,47,562,2,337,225,3.744444444,11.95744681,6.244444444,4.787234043,502,0.179282869,2,19,0,WR,117.1000006,13
2011,00-0027702,M.Williams,TB,124,64,740,3,547,193,4.411290323,11.5625,5.967741935,3.015625,540,0.22962963,1,3,0,WR,156.3000028,14
2011,00-0027709,J.Ford,OAK,30,17,260,1,141,119,4.7,15.29411765,8.666666667,7,0,0,4,31,0,WR,52.10000082,7
2011,00-0027758,R.Cooper,PHI,35,16,315,1,259,56,7.4,19.6875,9,3.5,503,0.069582505,0,0,0,WR,53.50000119,6
2011,00-0027789,D.Briscoe,TB,40,27,334,4,240,94,6,12.37037037,8.35,3.481481481,540,0.074074074,0,0,0,WR,84.4000001,11
2011,00-0027793,A.Brown,PIT,114,63,1018,2,698,320,6.122807018,16.15873016,8.929824561,5.079365079,497,0.229376258,7,41,0,WR,180.9000022,15
2011,00-0027874,D.Thomas,DEN,63,29,517,4,409,108,6.492063492,17.82758621,8.206349206,3.724137931,402,0.156716418,1,5,0,WR,105.2000021,8
2011,00-0027891,G.Tate,SEA,52,30,336,3,200,136,3.846153846,11.2,6.461538462,4.533333333,467,0.111349036,4,19,0,WR,83.50000097,14
2011,00-0027893,D.Williams,TEN,92,43,571,5,365,206,3.967391304,13.27906977,6.206521739,4.790697674,546,0.168498168,0,0,0,WR,130.100001,14
2011,00-0027902,D.Bryant,DAL,95,57,858,9,605,253,6.368421053,15.05263158,9.031578947,4.438596491,525,0.180952381,1,5,0,WR,197.3000016,14
2011,00-0027912,D.Alexander,STL,53,23,395,2,287,108,5.41509434,17.17391304,7.452830189,4.695652174,0,0,0,0,0,WR,74.5,9
2011,00-0027918,A.Hawkins,CIN,30,20,229,0,89,140,2.966666667,11.45,7.633333333,7,482,0.062240664,4,22,0,WR,45.1000008,11
2011,00-0027942,A.Green,CIN,106,63,1031,7,778,253,7.339622642,16.36507937,9.726415094,4.015873016,482,0.219917012,5,53,0,WR,213.4000039,14
2011,00-0027944,J.Jones,ATL,90,50,883,6,508,375,5.644444444,17.66,9.811111111,7.5,561,0.160427807,5,47,0,WR,179.000001,11
2011,00-0027964,J.Baldwin,KC,46,18,227,1,189,38,4.108695652,12.61111111,4.934782609,2.111111111,467,0.098501071,0,0,0,WR,46.70000005,10
2011,00-0027982,T.Young,DET,80,46,592,4,472,120,5.9,12.86956522,7.4,2.608695652,611,0.130932897,2,15,0,WR,132.7000034,13
2011,00-0027996,T.Smith,BAL,89,45,808,7,595,213,6.685393258,17.95555556,9.078651685,4.733333333,522,0.170498084,4,39,0,WR,171.7000025,13
2011,00-0027997,G.Little,CLE,116,61,709,2,466,243,4.017241379,11.62295082,6.112068966,3.983606557,524,0.221374046,3,15,0,WR,145.4000022,15
2011,00-0028002,R.Cobb,GB,31,25,375,1,187,188,6.032258065,15,12.09677419,7.52,496,0.0625,2,5,0,WR,69.0000006,13
2011,00-0028016,A.Pettis,STL,48,27,256,0,161,95,3.354166667,9.481481481,5.333333333,3.518518519,0,0,1,-6,0,WR,52,10
2011,00-0028020,V.Brown,SD,40,19,329,2,252,77,6.3,17.31578947,8.225,4.052631579,0,0,0,0,0,WR,63.90000093,8
2011,00-0028050,G.Salas,STL,38,27,264,0,46,218,1.210526316,9.777777778,6.947368421,8.074074074,0,0,1,8,0,WR,54.20000058,6
2011,00-0028086,D.Moore,OAK,71,30,517,5,432,85,6.084507042,17.23333333,7.281690141,2.833333333,0,0,4,58,1,WR,123.5000021,10
2011,00-0028091,J.Kerley,NYJ,42,25,243,1,172,71,4.095238095,9.72,5.785714286,2.84,509,0.082514735,4,12,0,WR,56.50000095,10
2011,00-0028352,D.Sanzenbacher,CHI,50,25,249,3,197,52,3.94,9.96,4.98,2.08,441,0.113378685,1,-4,0,WR,67.50000092,9
2011,00-0028434,D.Baldwin,SEA,83,48,748,4,439,309,5.289156627,15.58333333,9.012048193,6.4375,467,0.177730193,1,-2,0,WR,146.6000008,14
2012,00-0011754,R.Moss,SF,46,26,406,3,327,79,7.108695652,15.61538462,8.826086957,3.038461538,402,0.114427861,0,0,0,WR,84.60000086,13
2012,00-0015754,B.Stokley,DEN,56,42,495,5,357,138,6.375,11.78571429,8.839285714,3.285714286,553,0.101265823,0,0,0,WR,121.5000021,13
2012,00-0020337,S.Smith,CAR,129,70,1101,4,857,244,6.643410853,15.72857143,8.534883721,3.485714286,451,0.286031042,3,27,0,WR,206.8000028,15
2012,00-0020494,S.Moss,WAS,58,39,551,8,336,215,5.793103448,14.12820513,9.5,5.512820513,416,0.139423077,2,12,0,WR,143.300002,14
2012,00-0020498,R.Wayne,IND,184,102,1315,5,974,341,5.293478261,12.89215686,7.14673913,3.343137255,591,0.311336717,1,-5,0,WR,263.0000041,15
2012,00-0021931,K.Walter,HOU,63,38,467,2,383,84,6.079365079,12.28947368,7.412698413,2.210526316,513,0.122807018,0,0,0,WR,96.70000207,14
2012,00-0021999,N.Burleson,DET,44,27,240,2,157,83,3.568181818,8.888888889,5.454545455,3.074074074,691,0.063675832,8,48,0,WR,69.80000047,6
2012,00-0022044,A.Johnson,HOU,146,100,1457,4,980,477,6.712328767,14.57,9.979452055,4.77,513,0.28460039,0,0,0,WR,269.7000031,15
2012,00-0022084,A.Boldin,BAL,113,65,921,4,684,237,6.053097345,14.16923077,8.150442478,3.646153846,526,0.214828897,1,3,0,WR,183.4000028,14
2012,00-0022097,B.Lloyd,NE,125,73,902,4,734,168,5.872,12.35616438,7.216,2.301369863,599,0.208681135,0,0,0,WR,187.2000014,15
2012,00-0022414,M.Floyd,SD,85,56,814,5,716,98,8.423529412,14.53571429,9.576470588,1.75,0,0,0,0,0,WR,167.4000015,14
2012,00-0022427,W.Welker,NE,163,110,1260,5,623,637,3.82208589,11.45454545,7.73006135,5.790909091,599,0.2721202,1,9,0,WR,266.9000036,15
2012,00-0022781,M.Jenkins,MIN,67,37,412,1,286,126,4.268656716,11.13513514,6.149253731,3.405405405,452,0.148230088,0,0,0,WR,84.20000041,14
2012,00-0022921,L.Fitzgerald,ARI,151,69,785,4,513,272,3.397350993,11.37681159,5.198675497,3.942028986,571,0.264448336,0,0,0,WR,171.5000022,15
2012,00-0022929,D.Henderson,NO,46,21,300,1,222,78,4.826086957,14.28571429,6.52173913,3.714285714,612,0.075163399,1,13,0,WR,58.30000031,10
2012,00-0023310,L.Moore,NO,98,61,920,6,807,113,8.234693878,15.08196721,9.387755102,1.852459016,612,0.160130719,0,0,0,WR,189.0000032,14
2012,00-0023367,N.Washington,TEN,88,45,725,4,491,234,5.579545455,16.11111111,8.238636364,5.2,523,0.168260038,0,0,0,WR,141.5000011,15
2012,00-0023462,R.White,ATL,134,87,1309,7,990,315,7.388059701,15.04597701,9.768656716,3.620689655,568,0.235915493,0,0,0,WR,259.9000014,15
2012,00-0023496,V.Jackson,TB,141,69,1334,8,999,335,7.085106383,19.33333333,9.460992908,4.855072464,527,0.267552182,0,0,0,WR,252.4000012,15
2012,00-0023921,M.Austin,DAL,116,66,943,6,651,292,5.612068966,14.28787879,8.129310345,4.424242424,613,0.189233279,0,0,0,WR,196.3000011,14
2012,00-0024240,S.Holmes,NYJ,41,20,272,1,168,104,4.097560976,13.6,6.634146341,5.2,454,0.09030837,0,0,0,WR,53.20000029,4
2012,00-0024267,G.Jennings,GB,50,28,246,2,149,97,2.98,8.785714286,4.92,3.464285714,509,0.098231827,0,0,0,WR,64.60000074,7
2012,00-0024272,D.Hester,CHI,40,23,242,1,139,103,3.475,10.52173913,6.05,4.47826087,454,0.088105727,2,4,0,WR,53.60000011,10
2012,00-0024297,D.Hagan,OAK,36,20,259,0,191,68,5.305555556,12.95,7.194444444,3.4,0,0,0,0,0,WR,45.90000105,10
2012,00-0024324,J.Avant,PHI,72,49,595,0,448,147,6.222222222,12.14285714,8.263888889,3,563,0.127886323,0,0,0,WR,108.5000002,13
2012,00-0024334,B.Marshall,CHI,181,113,1466,11,1130,336,6.243093923,12.97345133,8.099447514,2.973451327,454,0.398678414,0,0,0,WR,325.6000039,15
2012,00-0024345,D.Hixon,NYG,56,37,526,2,418,108,7.464285714,14.21621622,9.392857143,2.918918919,513,0.109161793,0,0,0,WR,101.6000009,11
2012,00-0024466,M.Colston,NO,122,78,1102,8,820,282,6.721311475,14.12820513,9.032786885,3.615384615,612,0.199346405,0,0,0,WR,236.2000028,15
2012,00-0025389,C.Johnson,DET,190,117,1892,5,1399,493,7.363157895,16.17094017,9.957894737,4.213675214,691,0.274963821,0,0,0,WR,336.2000051,15
2012,00-0025410,D.Bowe,KC,114,59,801,3,564,237,4.947368421,13.57627119,7.026315789,4.016949153,450,0.253333333,0,0,0,WR,157.1000017,12
2012,00-0025414,R.Meachem,SD,32,14,207,2,173,34,5.40625,14.78571429,6.46875,2.428571429,0,0,1,-6,0,WR,46.09999979,7
2012,00-0025431,S.Rice,SEA,81,50,748,7,605,143,7.469135802,14.96,9.234567901,2.86,382,0.212041885,2,6,0,WR,168.4000031,15
2012,00-0025460,J.Jones,BAL,50,27,370,1,295,75,5.9,13.7037037,7.4,2.777777778,526,0.095057034,1,6,0,WR,70.60000116,12
2012,00-0025462,L.Robinson,JAX,43,24,252,0,198,54,4.604651163,10.5,5.860465116,2.25,543,0.079189687,0,0,0,WR,49.20000052,5
2012,00-0025465,Ja.Jones,GB,93,58,722,13,523,199,5.623655914,12.44827586,7.76344086,3.431034483,509,0.182711198,0,0,0,WR,208.2000012,14
2012,00-0026000,D.Bess,MIA,105,61,778,1,529,249,5.038095238,12.75409836,7.40952381,4.081967213,467,0.2248394,0,0,0,WR,144.8000025,13
2012,00-0026035,D.Amendola,STL,93,59,639,3,419,224,4.505376344,10.83050847,6.870967742,3.796610169,0,0,2,8,0,WR,143.7000008,10
2012,00-0026173,D.Avery,IND,125,60,781,3,574,207,4.592,13.01666667,6.248,3.45,591,0.211505922,4,9,0,WR,157.0000011,15
2012,00-0026176,J.Nelson,GB,69,46,658,6,456,202,6.608695652,14.30434783,9.536231884,4.391304348,509,0.135559921,0,0,0,WR,149.8000034,10
2012,00-0026182,E.Royal,SD,38,19,173,1,98,75,2.578947368,9.105263158,4.552631579,3.947368421,0,0,3,22,0,WR,44.50000045,8
2012,00-0026186,J.Simpson,MIN,45,23,235,0,189,46,4.2,10.2173913,5.222222222,2,452,0.099557522,0,0,0,WR,46.50000119,10
2012,00-0026189,D.Jackson,PHI,88,45,700,2,472,228,5.363636364,15.55555556,7.954545455,5.066666667,563,0.156305506,3,-7,0,WR,126.3000021,11
2012,00-0026210,E.Bennett,CHI,44,24,266,1,164,102,3.727272727,11.08333333,6.045454545,4.25,454,0.0969163,0,0,0,WR,56.59999979,11
2012,00-0026221,E.Doucet,ARI,53,28,207,0,126,81,2.377358491,7.392857143,3.905660377,2.892857143,571,0.092819615,2,9,0,WR,49.60000044,10
2012,00-0026224,H.Douglas,ATL,51,34,374,0,230,144,4.509803922,11,7.333333333,4.235294118,568,0.089788732,2,4,0,WR,71.80000081,12
2012,00-0026235,M.Manningham,SF,57,42,449,1,276,173,4.842105263,10.69047619,7.877192982,4.119047619,402,0.141791045,3,64,0,WR,99.30000138,12
2012,00-0026314,J.Morgan,WAS,69,48,510,2,276,234,4,10.625,7.391304348,4.875,416,0.165865385,3,25,0,WR,113.5000015,15
2012,00-0026345,P.Garcon,WAS,62,41,587,4,304,283,4.903225806,14.31707317,9.467741935,6.902439024,416,0.149038462,2,9,0,WR,124.6000012,9
2012,00-0026364,St.Johnson,BUF,139,73,935,6,596,339,4.287769784,12.80821918,6.726618705,4.643835616,483,0.287784679,0,0,0,WR,202.5000017,15
2012,00-0026366,C.Schilens,NYJ,41,28,289,2,240,49,5.853658537,10.32142857,7.048780488,1.75,454,0.09030837,0,0,0,WR,68.90000045,11
2012,00-0026780,K.Ogletree,DAL,51,30,411,3,328,83,6.431372549,13.7,8.058823529,2.766666667,613,0.08319739,2,9,0,WR,90.00000146,11
2012,00-0026901,M.Wallace,PIT,119,64,836,8,566,272,4.756302521,13.0625,7.025210084,4.25,542,0.219557196,5,7,0,WR,196.300002,15
2012,00-0026937,B.Gibson,STL,76,48,646,5,538,108,7.078947368,13.45833333,8.5,2.25,0,0,0,0,0,WR,142.6000009,13
2012,00-0026983,D.Heyward-Bey,OAK,76,39,593,4,364,229,4.789473684,15.20512821,7.802631579,5.871794872,0,0,2,16,0,WR,123.9000013,12
2012,00-0026986,M.Crabtree,SF,113,77,933,7,462,471,4.088495575,12.11688312,8.256637168,6.116883117,402,0.281094527,1,8,0,WR,213.1000008,15
2012,00-0026995,J.Maclin,PHI,113,65,834,6,585,263,5.17699115,12.83076923,7.380530973,4.046153846,563,0.20071048,0,0,0,WR,184.4000008,13
2012,00-0026998,P.Harvin,MIN,85,62,677,3,140,537,1.647058824,10.91935484,7.964705882,8.661290323,452,0.188053097,22,96,1,WR,163.3000023,9
2012,00-0027005,H.Nicks,NYG,100,53,692,3,497,195,4.97,13.05660377,6.92,3.679245283,513,0.194931774,0,0,0,WR,140.2000011,11
2012,00-0027006,K.Britt,TEN,86,43,568,4,444,123,5.162790698,13.20930233,6.604651163,2.860465116,523,0.164435946,0,0,0,WR,125.7999995,13
2012,00-0027026,M.Massaquoi,CLE,33,17,254,0,151,103,4.575757576,14.94117647,7.696969697,6.058823529,530,0.062264151,0,0,0,WR,42.40000141,7
2012,00-0027076,M.Thomas,JAX,38,17,101,1,74,27,1.947368421,5.941176471,2.657894737,1.588235294,543,0.069981584,7,57,0,WR,38.79999997,13
2012,00-0027077,B.Hartline,MIA,124,69,1014,1,796,218,6.419354839,14.69565217,8.177419355,3.15942029,467,0.265524625,0,0,0,WR,176.4000021,14
2012,00-0027089,L.Murphy,CAR,54,22,279,1,226,53,4.185185185,12.68181818,5.166666667,2.409090909,451,0.119733925,1,3,0,WR,56.19999999,12
2012,00-0027150,J.Edelman,NE,32,21,235,3,94,141,2.9375,11.19047619,7.34375,6.714285714,599,0.053422371,4,45,0,WR,67.00000095,8
2012,00-0027156,T.Underwood,TB,51,26,398,2,302,96,5.921568627,15.30769231,7.803921569,3.692307692,527,0.096774194,0,0,0,WR,77.80000186,13
2012,00-0027265,V.Cruz,NYG,137,82,1040,9,719,321,5.248175182,12.68292683,7.591240876,3.914634146,513,0.26705653,0,0,0,WR,240.0000011,15
2012,00-0027518,D.Jones,BUF,67,41,443,4,264,179,3.940298507,10.80487805,6.611940299,4.365853659,483,0.138716356,0,0,0,WR,109.3000009,12
2012,00-0027651,D.McCluster,KC,74,51,447,1,243,204,3.283783784,8.764705882,6.040540541,4,450,0.164444444,12,70,0,WR,108.7000019,14
2012,00-0027681,B.LaFell,CAR,69,39,615,4,328,287,4.753623188,15.76923077,8.913043478,7.358974359,451,0.152993348,2,31,0,WR,127.6000011,11
2012,00-0027685,E.Sanders,PIT,71,42,596,1,400,196,5.633802817,14.19047619,8.394366197,4.666666667,542,0.13099631,1,4,0,WR,108.0000023,14
2012,00-0027687,J.Shipley,JAX,30,16,193,0,155,38,5.166666667,12.0625,6.433333333,2.375,543,0.055248619,0,0,0,WR,35.30000067,5
2012,00-0027690,E.Decker,DEN,114,78,988,11,748,250,6.561403509,12.66666667,8.666666667,3.205128205,553,0.206148282,0,0,0,WR,242.8000041,15
2012,00-0027691,A.Roberts,ARI,108,61,741,5,521,220,4.824074074,12.14754098,6.861111111,3.606557377,571,0.189141856,3,31,0,WR,168.2000012,14
2012,00-0027702,M.Williams,TB,118,57,931,8,619,312,5.245762712,16.33333333,7.889830508,5.473684211,527,0.223908918,0,0,0,WR,199.220003,15
2012,00-0027758,R.Cooper,PHI,41,20,216,3,129,87,3.146341463,10.8,5.268292683,4.35,563,0.072824156,0,0,0,WR,59.60000026,8
2012,00-0027793,A.Brown,PIT,103,64,765,4,418,347,4.058252427,11.953125,7.427184466,5.421875,542,0.1900369,5,30,0,WR,165.5000017,12
2012,00-0027874,D.Thomas,DEN,133,87,1308,9,811,497,6.097744361,15.03448276,9.834586466,5.712643678,553,0.240506329,0,0,0,WR,271.8000002,15
2012,00-0027891,G.Tate,SEA,63,42,577,7,376,201,5.968253968,13.73809524,9.158730159,4.785714286,382,0.164921466,3,20,0,WR,148.6200014,13
2012,00-0027893,D.Williams,TEN,45,30,324,0,249,75,5.533333333,10.8,7.2,2.5,523,0.086042065,0,0,0,WR,62.40000081,13
2012,00-0027902,D.Bryant,DAL,130,86,1300,12,851,449,6.546153846,15.11627907,10,5.220930233,613,0.212071778,2,-5,0,WR,289.5000023,15
2012,00-0027912,D.Alexander,SD,60,36,624,6,353,271,5.883333333,17.33333333,10.4,7.527777778,0,0,0,0,0,WR,134.4000012,7
2012,00-0027918,A.Hawkins,CIN,77,48,515,4,182,333,2.363636364,10.72916667,6.688311688,6.9375,504,0.152777778,6,30,0,WR,126.5000015,13
2012,00-0027942,A.Green,CIN,162,95,1324,11,948,376,5.851851852,13.93684211,8.172839506,3.957894737,504,0.321428571,4,38,0,WR,297.200004,15
2012,00-0027944,J.Jones,ATL,123,76,1142,10,713,429,5.796747967,15.02631579,9.284552846,5.644736842,568,0.216549296,6,30,0,WR,253.200004,15
2012,00-0027964,J.Baldwin,KC,45,20,325,1,216,109,4.8,16.25,7.222222222,5.45,450,0.1,0,0,0,WR,58.50000119,10
2012,00-0027982,T.Young,DET,56,33,383,4,304,79,5.428571429,11.60606061,6.839285714,2.393939394,691,0.081041968,2,16,0,WR,96.90000093,10
2012,00-0027996,T.Smith,BAL,109,49,855,8,644,211,5.908256881,17.44897959,7.844036697,4.306122449,526,0.207224335,2,13,0,WR,183.8000023,15
2012,00-0027997,G.Little,CLE,87,50,603,3,445,158,5.114942529,12.06,6.931034483,3.16,530,0.164150943,2,15,0,WR,129.8000008,13
2012,00-0028002,R.Cobb,GB,104,80,954,8,499,455,4.798076923,11.925,9.173076923,5.6875,509,0.2043222,10,132,0,WR,236.6000027,15
2012,00-0028016,A.Pettis,STL,43,27,237,3,174,63,4.046511628,8.777777778,5.511627907,2.333333333,0,0,0,0,0,WR,68.70000088,11
2012,00-0028017,L.Hankerson,WAS,56,37,531,3,389,142,6.946428571,14.35135135,9.482142857,3.837837838,416,0.134615385,2,5,0,WR,108.6000005,14
2012,00-0028049,E.Gates,NYJ,34,16,224,0,204,20,6,14,6.588235294,1.25,454,0.074889868,1,12,0,WR,39.6000005,7
2012,00-0028052,C.Shorts,JAX,105,55,979,7,619,360,5.895238095,17.8,9.323809524,6.545454545,543,0.193370166,1,-4,0,WR,194.5000026,13
2012,00-0028086,D.Moore,OAK,109,50,736,6,478,258,4.385321101,14.72,6.752293578,5.16,0,0,1,-5,0,WR,159.1000018,14
2012,00-0028091,J.Kerley,NYJ,91,53,739,2,492,247,5.406593407,13.94339623,8.120879121,4.660377358,454,0.200440529,4,8,0,WR,141.3800021,15
2012,00-0028400,A.Binns,CIN,33,21,237,1,138,99,4.181818182,11.28571429,7.181818182,4.714285714,504,0.06547619,0,0,0,WR,50.70000052,6
2012,00-0028434,D.Baldwin,SEA,48,27,347,3,270,77,5.625,12.85185185,7.229166667,2.851851852,382,0.12565445,0,0,0,WR,79.70000041,13
2012,00-0028995,S.Hill,NYJ,47,21,252,3,220,32,4.680851064,12,5.361702128,1.523809524,454,0.103524229,0,0,0,WR,64.20000076,6
2012,00-0029055,K.Elliott,JAX,31,10,108,0,81,27,2.612903226,10.8,3.483870968,2.7,543,0.057090239,0,0,0,WR,20.80000031,5
2012,00-0029129,R.Streater,OAK,70,35,507,3,379,128,5.414285714,14.48571429,7.242857143,3.657142857,0,0,0,0,0,WR,105.7000011,13
2012,00-0029137,A.Jeffery,CHI,41,20,291,3,251,40,6.12195122,14.55,7.097560976,2,454,0.09030837,0,0,0,WR,67.10000086,8
2012,00-0029209,R.Broyles,DET,32,22,310,2,158,152,4.9375,14.09090909,9.6875,6.909090909,691,0.046309696,0,0,0,WR,64.99999976,7
2012,00-0029269,T.Benjamin,CLE,31,14,255,2,191,64,6.161290323,18.21428571,8.225806452,4.571428571,530,0.058490566,6,66,0,WR,58.1000002,11
2012,00-0029572,J.Wright,MIN,31,19,220,1,135,85,4.35483871,11.57894737,7.096774194,4.473684211,452,0.068584071,2,11,0,WR,48.10000062,6
2012,00-0029608,T.Hilton,IND,84,46,750,6,426,324,5.071428571,16.30434783,8.928571429,7.043478261,591,0.14213198,5,29,0,WR,159.9000023,14
2012,00-0029614,C.Givens,STL,78,40,644,3,402,242,5.153846154,16.1,8.256410256,6.05,0,0,3,12,0,WR,125.6000014,12
2012,00-0029638,M.Floyd,ARI,72,37,396,1,287,109,3.986111111,10.7027027,5.5,2.945945946,571,0.126094571,0,0,0,WR,82.60000098,13
2012,00-0029660,T.Graham,BUF,55,30,317,1,140,177,2.545454545,10.56666667,5.763636364,5.9,483,0.113871636,1,5,0,WR,68.20000017,14
2012,00-0029664,J.Gordon,CLE,88,46,758,5,473,285,5.375,16.47826087,8.613636364,6.195652174,530,0.166037736,0,0,0,WR,151.8000025,15
2012,00-0029702,J.Criner,OAK,34,16,151,1,71,80,2.088235294,9.4375,4.441176471,5,0,0,0,0,0,WR,39.10000086,7
2012,00-0029707,J.Blackmon,JAX,121,58,786,4,531,255,4.388429752,13.55172414,6.495867769,4.396551724,543,0.222836096,1,12,0,WR,163.8000034,14
2012,00-0029708,K.Wright,TEN,101,62,586,4,300,286,2.97029703,9.451612903,5.801980198,4.612903226,523,0.193116635,1,4,0,WR,145.0000022,14
2013,00-0020337,S.Smith,CAR,110,64,745,4,567,178,5.154545455,11.640625,6.772727273,2.78125,440,0.25,0,0,0,WR,162.5000017,15
2013,00-0020494,S.Moss,WAS,71,40,439,2,262,177,3.690140845,10.975,6.183098592,4.425,555,0.127927928,3,25,0,WR,98.40000165,13
2013,00-0020498,R.Wayne,IND,59,38,503,2,345,158,5.847457627,13.23684211,8.525423729,4.157894737,543,0.108655617,1,5,0,WR,102.8000016,7
2013,00-0021999,N.Burleson,DET,47,34,397,1,207,190,4.404255319,11.67647059,8.446808511,5.588235294,596,0.07885906,2,-8,0,WR,78.90000039,7
2013,00-0022044,A.Johnson,HOU,172,103,1358,5,961,397,5.587209302,13.18446602,7.895348837,3.854368932,587,0.293015332,0,0,0,WR,268.8000044,15
2013,00-0022084,A.Boldin,SF,118,76,1030,6,700,330,5.93220339,13.55263158,8.728813559,4.342105263,379,0.311345646,1,0,0,WR,215.0000026,15
2013,00-0022427,W.Welker,DEN,111,73,778,10,456,322,4.108108108,10.65753425,7.009009009,4.410958904,630,0.176190476,0,0,0,WR,210.8000007,13
2013,00-0022811,J.Cotchery,PIT,70,43,582,9,372,210,5.314285714,13.53488372,8.314285714,4.88372093,549,0.127504554,1,-5,0,WR,154.7000022,13
2013,00-0022921,L.Fitzgerald,ARI,124,76,841,10,535,306,4.314516129,11.06578947,6.782258065,4.026315789,517,0.239845261,2,8,0,WR,220.9000012,15
2013,00-0023310,L.Moore,NO,49,33,384,1,343,41,7,11.63636364,7.836734694,1.242424242,613,0.079934747,0,0,0,WR,77.40000093,12
2013,00-0023367,N.Washington,TEN,99,56,880,3,652,228,6.585858586,15.71428571,8.888888889,4.071428571,502,0.197211155,0,0,0,WR,162.0000042,14
2013,00-0023462,R.White,ATL,83,55,620,2,518,102,6.240963855,11.27272727,7.469879518,1.854545455,610,0.136065574,0,0,0,WR,129.0000014,12
2013,00-0023496,V.Jackson,TB,148,74,1189,7,878,311,5.932432432,16.06756757,8.033783784,4.202702703,455,0.325274725,1,0,0,WR,234.9000021,15
2013,00-0023921,M.Austin,DAL,46,22,222,0,139,83,3.02173913,10.09090909,4.826086957,3.772727273,538,0.085501859,0,0,0,WR,44.20000029,8
2013,00-0024240,S.Holmes,NYJ,55,20,415,1,298,117,5.418181818,20.75,7.545454545,5.85,450,0.122222222,0,0,0,WR,67.50000048,9
2013,00-0024267,G.Jennings,MIN,100,63,760,4,436,324,4.36,12.06349206,7.6,5.142857143,503,0.198807157,0,0,0,WR,163.0000035,14
2013,00-0024324,J.Avant,PHI,71,35,402,2,332,70,4.676056338,11.48571429,5.661971831,2,474,0.14978903,0,0,0,WR,87.20000112,13
2013,00-0024334,B.Marshall,CHI,155,94,1221,11,967,254,6.238709677,12.9893617,7.877419355,2.70212766,550,0.281818182,0,0,0,WR,286.1000031,15
2013,00-0024466,M.Colston,NO,104,69,876,5,654,222,6.288461538,12.69565217,8.423076923,3.217391304,613,0.169657423,0,0,0,WR,186.6000034,14
2013,00-0025389,C.Johnson,DET,158,84,1492,12,1034,458,6.544303797,17.76190476,9.443037975,5.452380952,596,0.265100671,0,0,0,WR,305.2000036,14
2013,00-0025396,T.Ginn,CAR,63,34,550,4,343,207,5.444444444,16.17647059,8.73015873,6.088235294,440,0.143181818,4,29,0,WR,115.9000011,15
2013,00-0025410,D.Bowe,KC,103,57,673,5,478,195,4.640776699,11.80701754,6.533980583,3.421052632,505,0.203960396,0,0,0,WR,154.3000004,15
2013,00-0025431,S.Rice,SEA,35,15,231,3,211,20,6.028571429,15.4,6.6,1.333333333,389,0.089974293,0,0,0,WR,56.10000134,7
2013,00-0025460,J.Jones,BAL,59,36,438,2,338,100,5.728813559,12.16666667,7.423728814,2.777777778,568,0.103873239,2,0,0,WR,91.80000216,11
2013,00-0025465,J.Jones,GB,87,53,776,3,446,330,5.126436782,14.64150943,8.91954023,6.226415094,519,0.167630058,0,0,0,WR,148.6000021,12
2013,00-0026000,D.Bess,CLE,87,42,362,2,213,149,2.448275862,8.619047619,4.16091954,3.547619048,630,0.138095238,0,0,0,WR,92.20000041,14
2013,00-0026035,D.Amendola,NE,80,53,624,2,380,244,4.75,11.77358491,7.8,4.603773585,595,0.134453782,1,1,0,WR,127.5000008,11
2013,00-0026173,D.Avery,KC,72,40,596,2,413,183,5.736111111,14.9,8.277777778,4.575,505,0.142574257,2,6,0,WR,112.2000009,15
2013,00-0026176,J.Nelson,GB,111,75,1153,8,800,353,7.207207207,15.37333333,10.38738739,4.706666667,519,0.213872832,0,0,0,WR,238.3000029,15
2013,00-0026182,E.Royal,SD,62,44,591,7,295,296,4.758064516,13.43181818,9.532258065,6.727272727,0,0,1,4,0,WR,145.5000013,14
2013,00-0026186,J.Simpson,MIN,93,45,697,1,539,158,5.795698925,15.48888889,7.494623656,3.511111111,503,0.184890656,0,0,0,WR,120.7000021,15
2013,00-0026189,D.Jackson,PHI,122,79,1304,9,832,472,6.819672131,16.50632911,10.68852459,5.974683544,474,0.257383966,3,2,0,WR,263.6000021,15
2013,00-0026210,E.Bennett,CHI,44,32,243,4,182,61,4.136363636,7.59375,5.522727273,1.90625,550,0.08,0,0,0,WR,82.30000031,13
2013,00-0026224,H.Douglas,ATL,123,78,1009,2,519,491,4.219512195,12.93589744,8.203252033,6.294871795,610,0.201639344,0,0,0,WR,190.9000018,15
2013,00-0026314,J.Morgan,WAS,33,20,214,0,119,95,3.606060606,10.7,6.484848485,4.75,555,0.059459459,2,13,0,WR,42.70000097,11
2013,00-0026345,P.Garcon,WAS,172,107,1290,5,642,648,3.73255814,12.05607477,7.5,6.056074766,555,0.30990991,2,19,0,WR,267.900003,15
2013,00-0026364,S.Johnson,BUF,102,52,597,3,386,211,3.784313725,11.48076923,5.852941176,4.057692308,493,0.206896552,1,10,0,WR,132.7000017,12
2013,00-0026780,K.Ogletree,TB,35,16,194,2,141,53,4.028571429,12.125,5.542857143,3.3125,455,0.076923077,0,0,0,WR,47.40000033,8
2013,00-0026901,M.Wallace,MIA,130,68,905,4,636,269,4.892307692,13.30882353,6.961538462,3.955882353,544,0.238970588,3,33,0,WR,185.8000025,15
2013,00-0026937,B.Gibson,MIA,43,30,326,3,213,113,4.953488372,10.86666667,7.581395349,3.766666667,544,0.079044118,0,0,0,WR,80.60000086,7
2013,00-0026983,D.Heyward-Bey,IND,66,29,309,1,185,124,2.803030303,10.65517241,4.681818182,4.275862069,543,0.121546961,3,26,0,WR,70.50000054,13
2013,00-0027005,H.Nicks,NYG,97,54,846,0,581,265,5.989690722,15.66666667,8.721649485,4.907407407,529,0.183364839,0,0,0,WR,138.6000015,13
2013,00-0027006,K.Britt,TEN,35,11,96,0,83,13,2.371428571,8.727272727,2.742857143,1.181818182,502,0.069721116,0,0,0,WR,20.60000038,6
2013,00-0027077,B.Hartline,MIA,128,74,978,4,730,248,5.703125,13.21621622,7.640625,3.351351351,544,0.235294118,0,0,0,WR,195.8000028,15
2013,00-0027150,J.Edelman,NE,141,96,991,6,552,439,3.914893617,10.32291667,7.028368794,4.572916667,595,0.23697479,2,11,0,WR,234.2000012,15
2013,00-0027156,T.Underwood,TB,39,19,347,3,255,92,6.538461538,18.26315789,8.897435897,4.842105263,455,0.085714286,0,0,0,WR,71.70000005,9
2013,00-0027265,V.Cruz,NYG,122,73,998,4,748,250,6.131147541,13.67123288,8.180327869,3.424657534,529,0.230623819,0,0,0,WR,196.8000016,14
2013,00-0027322,D.Nelson,NYJ,54,31,357,2,253,104,4.685185185,11.51612903,6.611111111,3.35483871,450,0.12,0,0,0,WR,78.70000088,10
2013,00-0027651,D.McCluster,KC,77,47,449,1,229,220,2.974025974,9.553191489,5.831168831,4.680851064,505,0.152475248,8,5,0,WR,98.40000135,13
2013,00-0027681,B.LaFell,CAR,80,49,627,5,370,257,4.625,12.79591837,7.8375,5.244897959,440,0.181818182,2,15,0,WR,143.2000021,14
2013,00-0027685,E.Sanders,PIT,109,65,707,6,426,276,3.908256881,10.87692308,6.486238532,4.246153846,549,0.198542805,2,25,0,WR,176.2000026,15
2013,00-0027690,E.Decker,DEN,131,83,1261,10,892,369,6.809160305,15.19277108,9.625954198,4.445783133,630,0.207936508,0,0,0,WR,269.100003,15
2013,00-0027691,A.Roberts,ARI,70,40,397,1,297,100,4.242857143,9.925,5.671428571,2.5,517,0.135396518,0,0,0,WR,85.69999957,14
2013,00-0027702,M.Williams,TB,40,22,216,2,149,67,3.725,9.818181818,5.4,3.045454545,455,0.087912088,0,0,0,WR,55.60000062,6
2013,00-0027758,R.Cooper,PHI,84,44,796,8,569,227,6.773809524,18.09090909,9.476190476,5.159090909,474,0.17721519,0,0,0,WR,175.6000019,14
2013,00-0027793,A.Brown,PIT,152,101,1356,8,834,522,5.486842105,13.42574257,8.921052632,5.168316832,549,0.276867031,7,4,0,WR,285.6000043,15
2013,00-0027874,D.Thomas,DEN,137,86,1317,12,671,646,4.897810219,15.31395349,9.613138686,7.511627907,630,0.217460317,0,0,0,WR,289.7000052,15
2013,00-0027891,G.Tate,SEA,89,56,769,4,354,415,3.97752809,13.73214286,8.640449438,7.410714286,389,0.228791774,2,29,0,WR,159.8000003,15
2013,00-0027902,D.Bryant,DAL,148,85,1134,12,678,456,4.581081081,13.34117647,7.662162162,5.364705882,538,0.275092937,1,1,0,WR,270.4999997,15
2013,00-0027942,A.Green,CIN,168,94,1365,10,982,383,5.845238095,14.5212766,8.125,4.074468085,541,0.310536044,0,0,0,WR,290.5000036,15
2013,00-0027944,J.Jones,ATL,60,41,580,2,335,245,5.583333333,14.14634146,9.666666667,5.975609756,610,0.098360656,1,7,0,WR,111.7000011,5
2013,00-0027996,T.Smith,BAL,131,62,1101,4,753,354,5.748091603,17.75806452,8.404580153,5.709677419,568,0.230633803,0,0,0,WR,198.1000004,15
2013,00-0027997,G.Little,CLE,95,40,456,2,267,189,2.810526316,11.4,4.8,4.725,630,0.150793651,0,0,0,WR,97.6000002,14
2013,00-0028002,R.Cobb,GB,45,29,378,2,208,170,4.622222222,13.03448276,8.4,5.862068966,519,0.086705202,4,78,0,WR,86.60000211,5
2013,00-0028016,A.Pettis,STL,61,36,384,4,276,108,4.524590164,10.66666667,6.295081967,3,0,0,0,0,0,WR,98.400002,13
2013,00-0028017,L.Hankerson,WAS,50,30,375,3,244,131,4.88,12.5,7.5,4.366666667,555,0.09009009,0,0,0,WR,85.49999988,10
2013,00-0028020,V.Brown,SD,68,41,472,1,388,84,5.705882353,11.51219512,6.941176471,2.048780488,0,0,0,0,0,WR,94.20000052,14
2013,00-0028021,J.Jernigan,NYG,37,23,239,1,155,84,4.189189189,10.39130435,6.459459459,3.652173913,529,0.069943289,0,0,0,WR,52.90000117,7
2013,00-0028045,K.Durham,DET,84,38,490,2,367,123,4.369047619,12.89473684,5.833333333,3.236842105,596,0.140939597,0,0,0,WR,99.00000179,13
2013,00-0028052,C.Shorts,JAX,125,66,777,3,502,275,4.016,11.77272727,6.216,4.166666667,538,0.232342007,0,0,0,WR,161.7000014,12
2013,00-0028061,T.Doss,BAL,35,18,305,0,219,86,6.257142857,16.94444444,8.714285714,4.777777778,568,0.061619718,0,0,0,WR,48.50000024,6
2013,00-0028086,D.Moore,OAK,79,42,632,5,368,264,4.658227848,15.04761905,8,6.285714286,0,0,0,0,0,WR,135.2000008,11
2013,00-0028091,J.Kerley,NYJ,64,38,483,3,314,169,4.90625,12.71052632,7.546875,4.447368421,450,0.142222222,3,10,0,WR,105.3000013,11
2013,00-0028116,A.Robinson,WAS,36,15,332,2,249,83,6.916666667,22.13333333,9.222222222,5.533333333,555,0.064864865,2,-2,0,WR,60.00000113,8
2013,00-0028263,A.Holmes,OAK,44,22,393,1,289,104,6.568181818,17.86363636,8.931818182,4.727272727,0,0,0,0,0,WR,67.30000043,6
2013,00-0028434,D.Baldwin,SEA,73,50,778,5,551,227,7.547945205,15.56,10.65753425,4.54,389,0.187660668,2,6,0,WR,158.4000013,15
2013,00-0028995,S.Hill,NYJ,59,24,342,1,251,91,4.254237288,14.25,5.796610169,3.791666667,450,0.131111111,0,0,0,WR,64.20000088,8
2013,00-0029000,C.Beasley,DAL,52,38,361,2,183,178,3.519230769,9.5,6.942307692,4.684210526,538,0.096654275,0,0,0,WR,86.10000122,13
2013,00-0029033,G.Whalen,IND,34,20,227,1,123,104,3.617647059,11.35,6.676470588,5.2,543,0.062615101,0,0,0,WR,48.70000017,6
2013,00-0029051,J.Boykin,GB,79,47,673,3,422,251,5.341772152,14.31914894,8.518987342,5.340425532,519,0.1522158,0,0,0,WR,132.3000023,10
2013,00-0029129,R.Streater,OAK,90,55,842,3,551,291,6.122222222,15.30909091,9.355555556,5.290909091,0,0,2,17,0,WR,158.9000025,15
2013,00-0029137,A.Jeffery,CHI,143,86,1341,7,959,382,6.706293706,15.59302326,9.377622378,4.441860465,550,0.26,16,105,0,WR,274.6000041,15
2013,00-0029155,M.Brown,JAX,51,29,403,2,262,141,5.137254902,13.89655172,7.901960784,4.862068966,538,0.094795539,0,0,0,WR,81.30000031,10
2013,00-0029159,J.Kearse,SEA,38,22,346,4,309,37,8.131578947,15.72727273,9.105263158,1.681818182,389,0.097686375,0,0,0,WR,80.60000193,11
2013,00-0029262,R.Randle,NYG,78,41,611,6,413,198,5.294871795,14.90243902,7.833333333,4.829268293,529,0.147448015,0,0,0,WR,138.1000018,13
2013,00-0029293,M.Jones,CIN,73,46,651,9,436,215,5.97260274,14.15217391,8.917808219,4.673913043,541,0.134935305,8,65,0,WR,171.6000014,14
2013,00-0029415,K.Martin,HOU,37,21,251,2,162,89,4.378378378,11.95238095,6.783783784,4.238095238,587,0.063032368,0,0,0,WR,58.10000074,11
2013,00-0029572,J.Wright,MIN,40,24,403,3,308,95,7.7,16.79166667,10.075,3.958333333,503,0.079522863,0,0,0,WR,82.30000174,11
2013,00-0029580,R.Matthews,MIA,60,37,390,2,257,133,4.283333333,10.54054054,6.5,3.594594595,544,0.110294118,0,0,0,WR,88.0000006,11
2013,00-0029608,T.Hilton,IND,123,71,928,5,626,302,5.089430894,13.07042254,7.544715447,4.253521127,543,0.226519337,2,6,0,WR,194.4000018,15
2013,00-0029614,C.Givens,STL,79,34,569,0,312,257,3.949367089,16.73529412,7.202531646,7.558823529,0,0,2,12,0,WR,92.10000226,14
2013,00-0029632,M.Sanu,CIN,76,46,443,2,190,253,2.5,9.630434783,5.828947368,5.5,541,0.140480591,4,16,0,WR,104.9000007,15
2013,00-0029638,M.Floyd,ARI,102,59,950,5,681,269,6.676470588,16.10169492,9.31372549,4.559322034,517,0.19729207,0,0,0,WR,184.0000027,15
2013,00-0029640,B.Quick,STL,33,18,302,2,197,105,5.96969697,16.77777778,9.151515152,5.833333333,0,0,0,0,0,WR,60.20000076,11
2013,00-0029660,T.Graham,BUF,53,20,299,1,228,71,4.301886792,14.95,5.641509434,3.55,493,0.107505071,4,14,0,WR,57.30000071,12
2013,00-0029664,J.Gordon,CLE,149,80,1564,9,935,629,6.275167785,19.55,10.4966443,7.8625,630,0.236507937,5,88,0,WR,299.2000049,13
2013,00-0029707,J.Blackmon,JAX,49,29,415,1,196,219,4,14.31034483,8.469387755,7.551724138,538,0.091078067,1,-1,0,WR,76.40000191,4
2013,00-0029708,K.Wright,TEN,132,89,1029,2,513,516,3.886363636,11.56179775,7.795454545,5.797752809,502,0.262948207,0,0,0,WR,203.9000018,15
2013,00-0029778,D.Johnson,ATL,40,21,206,1,127,79,3.175,9.80952381,5.15,3.761904762,610,0.06557377,0,0,0,WR,47.5999999,8
2013,00-0030000,K.Thompkins,NE,69,32,466,4,327,139,4.739130435,14.5625,6.753623188,4.34375,595,0.115966387,0,0,0,WR,102.6000011,10
2013,00-0030068,M.Goodwin,BUF,31,16,261,3,216,45,6.967741935,16.3125,8.419354839,2.8125,493,0.062880325,3,13,0,WR,61.39999994,7
2013,00-0030085,K.Stills,NO,49,31,565,4,415,150,8.469387755,18.22580645,11.53061224,4.838709677,613,0.079934747,3,10,0,WR,112.5000017,13
2013,00-0030279,K.Allen,SD,96,66,964,8,602,362,6.270833333,14.60606061,10.04166667,5.484848485,0,0,0,0,0,WR,210.4000027,14
2013,00-0030400,M.Brown,BAL,75,44,494,6,263,231,3.506666667,11.22727273,6.586666667,5.25,568,0.132042254,1,-2,0,WR,131.2000008,13
2013,00-0030431,R.Woods,BUF,80,39,560,3,455,105,5.6875,14.35897436,7,2.692307692,493,0.162271805,2,16,0,WR,116.6000023,13
2013,00-0030521,J.Hunter,TEN,39,18,354,4,263,91,6.743589744,19.66666667,9.076923077,5.055555556,502,0.077689243,0,0,0,WR,77.40000069,8
2013,00-0030525,T.Austin,STL,69,40,418,4,188,230,2.724637681,10.45,6.057971014,5.75,0,0,9,151,1,WR,126.9000016,13
2013,00-0030540,A.Dobson,NE,69,36,513,4,329,184,4.768115942,14.25,7.434782609,5.111111111,595,0.115966387,0,0,0,WR,111.3000007,10
2013,00-0030542,T.Williams,DAL,73,43,697,5,498,199,6.821917808,16.20930233,9.547945205,4.627906977,538,0.135687732,3,4,0,WR,145.1000018,14
2013,00-0030550,A.Sanders,JAX,72,45,434,1,173,261,2.402777778,9.644444444,6.027777778,5.8,538,0.133828996,2,4,0,WR,99.64000002,12
2013,00-0030564,D.Hopkins,HOU,86,48,767,2,602,165,7,15.97916667,8.918604651,3.4375,587,0.146507666,0,0,0,WR,136.7000006,15
2013,00-0030578,C.Patterson,MIN,72,43,438,3,164,274,2.277777778,10.18604651,6.083333333,6.372093023,503,0.143141153,10,104,2,WR,127.2000001,15
2014,00-0020337,S.Smith,BAL,113,68,940,6,608,332,5.380530973,13.82352941,8.318584071,4.882352941,505,0.223762376,0,0,0,WR,198.0000018,14
2014,00-0020498,R.Wayne,IND,113,62,688,2,477,211,4.221238938,11.09677419,6.088495575,3.403225806,612,0.184640523,0,0,0,WR,142.8000008,14
2014,00-0022044,A.Johnson,HOU,132,75,802,2,478,324,3.621212121,10.69333333,6.075757576,4.32,445,0.296629213,0,0,0,WR,167.2000027,14
2014,00-0022084,A.Boldin,SF,122,81,981,4,646,335,5.295081967,12.11111111,8.040983607,4.135802469,458,0.266375546,1,4,0,WR,203.5000018,15
2014,00-0022097,B.Lloyd,SF,34,13,280,1,206,74,6.058823529,21.53846154,8.235294118,5.692307692,458,0.074235808,0,0,0,WR,47.00000036,8
2014,00-0022414,M.Floyd,SD,84,49,827,6,712,115,8.476190476,16.87755102,9.845238095,2.346938776,0,0,0,0,0,WR,167.7000012,14
2014,00-0022427,W.Welker,DEN,62,47,422,2,261,161,4.209677419,8.978723404,6.806451613,3.425531915,566,0.109540636,0,0,0,WR,101.2000009,13
2014,00-0022811,J.Cotchery,CAR,76,45,546,1,364,182,4.789473684,12.13333333,7.184210526,4.044444444,526,0.144486692,0,0,0,WR,107.6000023,14
2014,00-0022921,L.Fitzgerald,ARI,101,61,755,2,427,328,4.227722772,12.37704918,7.475247525,5.37704918,523,0.193116635,0,0,0,WR,148.500002,13
2014,00-0023367,N.Washington,TEN,69,40,647,2,507,140,7.347826087,16.175,9.376811594,3.5,475,0.145263158,0,0,0,WR,116.7000017,14
2014,00-0023462,R.White,ATL,113,72,817,7,668,149,5.911504425,11.34722222,7.230088496,2.069444444,577,0.195840555,0,0,0,WR,195.7000003,13
2014,00-0023496,V.Jackson,TB,140,69,991,2,851,140,6.078571429,14.36231884,7.078571429,2.028985507,502,0.278884462,0,0,0,WR,180.1000028,15
2014,00-0023921,M.Austin,CLE,72,47,568,2,368,200,5.111111111,12.08510638,7.888888889,4.255319149,472,0.152542373,0,0,0,WR,115.800002,12
2014,00-0024267,G.Jennings,MIN,87,56,697,6,513,184,5.896551724,12.44642857,8.011494253,3.285714286,486,0.179012346,0,0,0,WR,161.700002,15
2014,00-0024272,D.Hester,ATL,53,34,472,2,224,248,4.226415094,13.88235294,8.905660377,7.294117647,577,0.091854419,6,36,1,WR,102.8000008,13
2014,00-0024324,J.Avant,CAR,59,33,346,1,207,139,3.508474576,10.48484848,5.86440678,4.212121212,526,0.1121673,1,1,0,WR,73.69999979,14
2014,00-0024334,B.Marshall,CHI,106,61,721,8,497,224,4.688679245,11.81967213,6.801886792,3.672131148,576,0.184027778,0,0,0,WR,181.1000029,13
2014,00-0024466,M.Colston,NO,93,57,851,4,591,260,6.35483871,14.92982456,9.150537634,4.561403509,612,0.151960784,0,0,0,WR,166.100004,14
2014,00-0025389,C.Johnson,DET,117,67,1038,6,810,228,6.923076923,15.49253731,8.871794872,3.402985075,552,0.211956522,0,0,0,WR,206.8000031,12
2014,00-0025410,D.Bowe,KC,91,57,724,0,503,221,5.527472527,12.70175439,7.956043956,3.877192982,460,0.197826087,0,0,0,WR,129.4000019,14
2014,00-0025465,J.Jones,OAK,109,71,649,6,439,210,4.027522936,9.14084507,5.95412844,2.957746479,0,0,0,0,0,WR,171.9000023,15
2014,00-0026035,D.Amendola,NE,35,23,176,1,124,52,3.542857143,7.652173913,5.028571429,2.260869565,570,0.061403509,0,0,0,WR,46.60000008,9
2014,00-0026176,J.Nelson,GB,143,92,1433,13,973,460,6.804195804,15.57608696,10.02097902,5,509,0.280943026,0,0,0,WR,313.3000022,15
2014,00-0026182,E.Royal,SD,83,58,683,7,353,330,4.253012048,11.77586207,8.228915663,5.689655172,0,0,3,14,0,WR,169.7000007,14
2014,00-0026189,D.Jackson,WAS,92,54,1083,5,699,384,7.597826087,20.05555556,11.77173913,7.111111111,503,0.182902584,4,7,0,WR,193.0000029,14
2014,00-0026224,H.Douglas,ATL,69,46,528,2,305,223,4.420289855,11.47826087,7.652173913,4.847826087,577,0.119584055,0,0,0,WR,112.8000014,11
2014,00-0026345,P.Garcon,WAS,100,66,699,3,409,290,4.09,10.59090909,6.99,4.393939394,503,0.198807157,0,0,0,WR,153.9000012,15
2014,00-0026364,S.Johnson,SF,50,35,435,3,250,185,5,12.42857143,8.7,5.285714286,458,0.109170306,0,0,0,WR,96.50000083,11
2014,00-0026901,M.Wallace,MIA,114,67,862,10,627,235,5.5,12.86567164,7.561403509,3.507462687,554,0.205776173,4,16,0,WR,214.8000009,15
2014,00-0026937,B.Gibson,MIA,44,26,268,1,162,106,3.681818182,10.30769231,6.090909091,4.076923077,554,0.079422383,0,0,0,WR,58.80000079,13
2014,00-0026986,M.Crabtree,SF,104,64,657,4,420,237,4.038461538,10.265625,6.317307692,3.703125,458,0.227074236,1,4,0,WR,154.1000011,15
2014,00-0026995,J.Maclin,PHI,137,82,1269,10,792,477,5.781021898,15.47560976,9.262773723,5.817073171,576,0.237847222,0,0,0,WR,268.900002,15
2014,00-0026998,P.Harvin,NYJ,78,51,483,1,224,259,2.871794872,9.470588235,6.192307692,5.078431373,459,0.169934641,33,202,1,WR,131.5000023,13
2014,00-0027005,H.Nicks,IND,62,35,359,4,243,116,3.919354839,10.25714286,5.790322581,3.314285714,612,0.10130719,0,0,0,WR,94.90000147,12
2014,00-0027006,K.Britt,STL,79,44,710,3,550,160,6.962025316,16.13636364,8.987341772,3.636363636,0,0,2,14,0,WR,134.4000018,14
2014,00-0027077,B.Hartline,MIA,57,34,391,2,261,130,4.578947368,11.5,6.859649123,3.823529412,554,0.102888087,0,0,0,WR,85.10000134,12
2014,00-0027089,L.Murphy,TB,56,31,380,2,253,127,4.517857143,12.25806452,6.785714286,4.096774194,502,0.111553785,0,0,0,WR,81.00000131,9
2014,00-0027150,J.Edelman,NE,135,92,972,4,541,431,4.007407407,10.56521739,7.2,4.684782609,570,0.236842105,10,94,0,WR,222.6000026,14
2014,00-0027265,V.Cruz,NYG,41,23,337,1,163,174,3.975609756,14.65217391,8.219512195,7.565217391,546,0.075091575,0,0,0,WR,62.70000148,6
2014,00-0027450,P.Parker,NYG,52,34,398,2,289,109,5.557692308,11.70588235,7.653846154,3.205882353,546,0.095238095,0,0,0,WR,85.80000174,14
2014,00-0027681,B.LaFell,NE,113,70,883,7,543,340,4.805309735,12.61428571,7.814159292,4.857142857,570,0.198245614,0,0,0,WR,200.3000016,13
2014,00-0027685,E.Sanders,DEN,133,95,1331,9,1000,331,7.518796992,14.01052632,10.0075188,3.484210526,566,0.234982332,8,44,0,WR,288.5000051,15
2014,00-0027690,E.Decker,NYJ,104,64,741,4,506,235,4.865384615,11.578125,7.125,3.671875,459,0.226579521,0,0,0,WR,162.1000022,14
2014,00-0027691,A.Roberts,WAS,70,35,446,2,249,197,3.557142857,12.74285714,6.371428571,5.628571429,503,0.13916501,2,21,0,WR,93.70000137,15
2014,00-0027758,R.Cooper,PHI,92,53,540,3,388,152,4.217391304,10.18867925,5.869565217,2.867924528,576,0.159722222,0,0,0,WR,125.0000024,15
2014,00-0027793,A.Brown,PIT,169,122,1570,12,1027,542,6.076923077,12.86885246,9.289940828,4.442622951,566,0.298586572,4,13,0,WR,359.1000039,15
2014,00-0027874,D.Thomas,DEN,168,103,1504,11,888,616,5.285714286,14.60194175,8.952380952,5.980582524,566,0.296819788,0,0,0,WR,321.4000027,15
2014,00-0027891,G.Tate,DET,139,96,1286,4,611,675,4.395683453,13.39583333,9.251798561,7.03125,552,0.251811594,5,30,0,WR,251.6000021,15
2014,00-0027902,D.Bryant,DAL,131,84,1221,14,881,340,6.72519084,14.53571429,9.320610687,4.047619048,437,0.299771167,0,0,0,WR,290.1000025,15
2014,00-0027918,A.Hawkins,CLE,105,59,791,2,438,353,4.171428571,13.40677966,7.533333333,5.983050847,472,0.222457627,3,15,0,WR,151.6000009,13
2014,00-0027942,A.Green,CIN,103,61,959,6,666,293,6.466019417,15.72131148,9.310679612,4.803278689,456,0.225877193,2,2,0,WR,193.1000034,10
2014,00-0027944,J.Jones,ATL,146,93,1419,6,944,475,6.465753425,15.25806452,9.719178082,5.107526882,577,0.253032929,1,1,0,WR,271.0000011,13
2014,00-0027996,T.Smith,BAL,85,45,684,10,521,163,6.129411765,15.2,8.047058824,3.622222222,505,0.168316832,0,0,0,WR,173.4000008,13
2014,00-0028002,R.Cobb,GB,122,87,1207,10,669,538,5.483606557,13.87356322,9.893442623,6.183908046,509,0.239685658,9,31,0,WR,270.8000031,15
2014,00-0028052,C.Shorts,JAX,93,43,470,1,236,234,2.537634409,10.93023256,5.053763441,5.441860465,524,0.177480916,0,0,0,WR,96.360001,11
2014,00-0028091,J.Kerley,NYJ,75,37,376,1,243,133,3.24,10.16216216,5.013333333,3.594594595,459,0.163398693,2,38,0,WR,84.39999986,13
2014,00-0028237,C.Hogan,BUF,58,40,430,4,245,185,4.224137931,10.75,7.413793103,4.625,550,0.105454545,0,0,0,WR,107.0000012,11
2014,00-0028249,J.Ross,DET,33,22,281,1,157,124,4.757575758,12.77272727,8.515151515,5.636363636,552,0.059782609,2,-1,0,WR,56.00000075,13
2014,00-0028263,A.Holmes,OAK,91,45,683,4,491,192,5.395604396,15.17777778,7.505494505,4.266666667,0,0,0,0,0,WR,137.3000019,13
2014,00-0028434,D.Baldwin,SEA,94,63,782,3,474,308,5.042553191,12.41269841,8.319148936,4.888888889,411,0.228710462,0,0,0,WR,159.2000015,15
2014,00-0028497,K.Aiken,BAL,30,22,254,2,193,61,6.433333333,11.54545455,8.466666667,2.772727273,505,0.059405941,0,0,0,WR,59.40000081,10
2014,00-0029000,C.Beasley,DAL,40,31,363,4,160,203,4,11.70967742,9.075,6.548387097,437,0.091533181,0,0,0,WR,91.30000007,14
2014,00-0029137,A.Jeffery,CHI,140,83,1099,10,647,452,4.621428571,13.24096386,7.85,5.445783133,576,0.243055556,6,33,0,WR,256.2000031,15
2014,00-0029159,J.Kearse,SEA,70,38,537,1,314,223,4.485714286,14.13157895,7.671428571,5.868421053,411,0.170316302,2,15,0,WR,99.88000128,15
2014,00-0029262,R.Randle,NYG,114,65,780,3,579,201,5.078947368,12,6.842105263,3.092307692,546,0.208791209,0,0,0,WR,161.0000029,15
2014,00-0029269,T.Benjamin,CLE,43,17,305,3,261,44,6.069767442,17.94117647,7.093023256,2.588235294,472,0.091101695,3,11,0,WR,66.6000012,10
2014,00-0029435,D.Johnson,HOU,46,28,298,1,156,142,3.391304348,10.64285714,6.47826087,5.071428571,445,0.103370787,5,19,0,WR,65.69999981,14
2014,00-0029572,J.Wright,MIN,59,39,565,2,242,323,4.101694915,14.48717949,9.576271186,8.282051282,486,0.121399177,5,71,0,WR,114.6000015,12
2014,00-0029608,T.Hilton,IND,128,82,1345,7,975,370,7.6171875,16.40243902,10.5078125,4.512195122,612,0.209150327,3,20,0,WR,260.5000042,14
2014,00-0029632,M.Sanu,CIN,98,55,774,5,454,320,4.632653061,14.07272727,7.897959184,5.818181818,456,0.214912281,7,51,0,WR,176.6600009,15
2014,00-0029638,M.Floyd,ARI,87,39,688,4,589,99,6.770114943,17.64102564,7.908045977,2.538461538,523,0.166347992,1,2,0,WR,132.0000021,13
2014,00-0029640,B.Quick,STL,39,25,375,3,303,72,7.769230769,15,9.615384615,2.88,0,0,0,0,0,WR,80.50000107,7
2014,00-0029664,J.Gordon,CLE,47,24,303,0,142,161,3.021276596,12.625,6.446808511,6.708333333,472,0.099576271,0,0,0,WR,54.30000097,5
2014,00-0029708,K.Wright,TEN,88,55,706,5,350,356,3.977272727,12.83636364,8.022727273,6.472727273,475,0.185263158,3,44,0,WR,160.0000014,13
2014,00-0030000,K.Thompkins,OAK,44,20,260,0,165,95,3.75,13,5.909090909,4.75,0,0,2,5,0,WR,46.50000022,8
2014,00-0030085,K.Stills,NO,76,58,849,3,671,178,8.828947368,14.63793103,11.17105263,3.068965517,612,0.124183007,1,-2,0,WR,160.7000009,14
2014,00-0030095,C.Fuller,DET,30,14,212,1,171,41,5.7,15.14285714,7.066666667,2.928571429,552,0.054347826,0,0,0,WR,41.20000124,7
2014,00-0030113,Ch.Johnson,MIN,43,23,393,2,238,155,5.534883721,17.08695652,9.139534884,6.739130435,486,0.088477366,0,0,0,WR,74.30000103,6
2014,00-0030279,K.Allen,SD,121,77,783,4,479,304,3.958677686,10.16883117,6.47107438,3.948051948,0,0,0,0,0,WR,179.3000015,14
2014,00-0030300,Ja. Brown,ARI,30,21,223,2,164,59,5.466666667,10.61904762,7.433333333,2.80952381,523,0.057361377,0,0,0,WR,55.3000015,9
2014,00-0030400,M.Brown,BAL,30,23,238,0,144,94,4.8,10.34782609,7.933333333,4.086956522,505,0.059405941,0,0,0,WR,46.80000043,10
2014,00-0030431,R.Woods,BUF,101,61,660,4,464,196,4.594059406,10.81967213,6.534653465,3.213114754,550,0.183636364,0,0,0,WR,153.000001,15
2014,00-0030460,M.Wheaton,PIT,82,50,637,2,473,164,5.768292683,12.74,7.768292683,3.28,566,0.144876325,4,19,0,WR,127.6000026,14
2014,00-0030516,B.Butler,OAK,35,20,274,2,197,77,5.628571429,13.7,7.828571429,3.85,0,0,0,0,0,WR,59.40000099,11
2014,00-0030521,J.Hunter,TEN,67,28,498,3,320,178,4.776119403,17.78571429,7.432835821,6.357142857,475,0.141052632,0,0,0,WR,95.80000138,12
2014,00-0030525,T.Austin,STL,42,29,229,0,60,169,1.428571429,7.896551724,5.452380952,5.827586207,0,0,34,223,2,WR,86.20000076,14
2014,00-0030532,S.Bailey,STL,44,29,418,1,247,171,5.613636364,14.4137931,9.5,5.896551724,0,0,1,13,0,WR,78.10000134,9
2014,00-0030542,T.Williams,DAL,60,34,553,8,452,101,7.533333333,16.26470588,9.216666667,2.970588235,437,0.137299771,0,0,0,WR,137.3000014,13
2014,00-0030564,D.Hopkins,HOU,121,74,1205,6,832,373,6.876033058,16.28378378,9.958677686,5.040540541,445,0.271910112,0,0,0,WR,230.5000014,15
2014,00-0030578,C.Patterson,MIN,66,33,384,1,225,159,3.409090909,11.63636364,5.818181818,4.818181818,486,0.135802469,10,117,1,WR,95.10000187,14
2014,00-0030821,A.Hurns,JAX,93,49,662,6,460,202,4.946236559,13.51020408,7.11827957,4.12244898,524,0.177480916,0,0,0,WR,151.200001,15
2014,00-0031051,Jo. Brown,ARI,80,39,569,5,409,160,5.1125,14.58974359,7.1125,4.102564103,523,0.152963671,3,-6,0,WR,125.3000016,12
2014,00-0031118,C.Brown,CAR,35,20,268,2,224,44,6.4,13.4,7.657142857,2.2,526,0.066539924,6,54,0,WR,64.20000109,10
2014,00-0031228,T.Gabriel,CLE,65,33,555,1,333,222,5.123076923,16.81818182,8.538461538,6.727272727,472,0.137711864,4,10,0,WR,95.50000104,14
2014,00-0031235,O.Beckham,NYG,109,79,1120,11,717,403,6.577981651,14.17721519,10.27522936,5.101265823,546,0.1996337,7,35,0,WR,260.5000034,11
2014,00-0031236,B.Cooks,NO,69,53,550,3,380,170,5.507246377,10.37735849,7.971014493,3.20754717,612,0.112745098,7,73,1,WR,139.3000025,10
2014,00-0031257,P.Richardson,SEA,37,24,211,1,162,49,4.378378378,8.791666667,5.702702703,2.041666667,411,0.090024331,0,0,0,WR,51.10000026,9
2014,00-0031299,J.Matthews,PHI,93,59,767,7,439,328,4.720430108,13,8.247311828,5.559322034,576,0.161458333,0,0,0,WR,177.7000031,14
2014,00-0031325,S.Watkins,BUF,123,62,925,6,611,314,4.967479675,14.91935484,7.520325203,5.064516129,550,0.223636364,1,3,0,WR,190.8000036,15
2014,00-0031339,D.Moncrief,IND,44,29,428,3,230,198,5.227272727,14.75862069,9.727272727,6.827586207,612,0.071895425,4,17,0,WR,91.50000069,11
2014,00-0031359,K.Benjamin,CAR,141,72,999,9,839,160,5.95035461,13.875,7.085106383,2.222222222,526,0.268060837,0,0,0,WR,225.9000034,15
2014,00-0031373,M.Bryant,PIT,47,25,528,7,360,168,7.659574468,21.12,11.23404255,6.72,566,0.083038869,3,12,0,WR,121.000002,9
2014,00-0031381,D.Adams,GB,66,38,446,3,273,173,4.136363636,11.73684211,6.757575758,4.552631579,509,0.129666012,0,0,0,WR,100.6000019,14
2014,00-0031382,J.Landry,MIA,103,79,703,5,291,412,2.825242718,8.898734177,6.825242718,5.215189873,554,0.185920578,2,-4,0,WR,178.9000008,14
2014,00-0031408,M.Evans,TB,117,63,997,11,828,169,7.076923077,15.82539683,8.521367521,2.682539683,502,0.233067729,0,0,0,WR,228.7000012,14
2014,00-0031428,A.Robinson,JAX,82,48,548,2,389,159,4.743902439,11.41666667,6.682926829,3.3125,524,0.15648855,0,0,0,WR,116.8000022,10
2014,00-0031431,M.Lee,JAX,61,35,414,1,243,171,3.983606557,11.82857143,6.786885246,4.885714286,524,0.116412214,3,9,0,WR,83.30000153,11
2015,00-0020337,S.Smith,BAL,73,46,670,3,414,256,5.671232877,14.56521739,9.178082192,5.565217391,617,0.118314425,0,0,0,WR,131.0000005,7
2015,00-0022044,A.Johnson,IND,72,37,457,3,321,136,4.458333333,12.35135135,6.347222222,3.675675676,569,0.126537786,0,0,0,WR,100.7000005,12
2015,00-0022084,A.Boldin,SF,104,64,718,3,470,248,4.519230769,11.21875,6.903846154,3.875,483,0.215320911,0,0,0,WR,153.800001,13
2015,00-0022414,M.Floyd,SD,67,30,561,3,475,86,7.089552239,18.7,8.373134328,2.866666667,0,0,0,0,0,WR,104.1000003,13
2015,00-0022811,J.Cotchery,CAR,52,37,433,2,261,172,5.019230769,11.7027027,8.326923077,4.648648649,468,0.111111111,1,16,0,WR,93.90000069,13
2015,00-0022921,L.Fitzgerald,ARI,138,103,1160,8,711,449,5.152173913,11.26213592,8.405797101,4.359223301,507,0.272189349,0,0,0,WR,267.000003,15
2015,00-0023310,L.Moore,DET,43,29,337,4,278,59,6.465116279,11.62068966,7.837209302,2.034482759,584,0.073630137,0,0,0,WR,86.7000019,12
2015,00-0023367,N.Washington,HOU,91,46,652,4,492,160,5.406593407,14.17391304,7.164835165,3.47826087,575,0.15826087,0,0,0,WR,135.2000024,12
2015,00-0023462,R.White,ATL,66,42,496,1,391,105,5.924242424,11.80952381,7.515151515,2.5,583,0.113207547,0,0,0,WR,97.60000062,13
2015,00-0023496,V.Jackson,TB,63,33,543,3,440,103,6.984126984,16.45454545,8.619047619,3.121212121,481,0.130977131,0,0,0,WR,107.3000019,10
2015,00-0023921,M.Austin,PHI,31,13,224,1,162,62,5.225806452,17.23076923,7.225806452,4.769230769,582,0.053264605,0,0,0,WR,41.39999938,6
2015,00-0024267,G.Jennings,MIA,31,15,134,1,92,42,2.967741935,8.933333333,4.322580645,2.8,545,0.056880734,0,0,0,WR,34.40000033,8
2015,00-0024334,B.Marshall,NYJ,157,101,1376,13,973,403,6.197452229,13.62376238,8.76433121,3.99009901,566,0.277385159,0,0,0,WR,316.6000031,15
2015,00-0024466,M.Colston,NO,68,45,520,4,328,192,4.823529412,11.55555556,7.647058824,4.266666667,622,0.109324759,0,0,0,WR,121.0000017,13
2015,00-0025389,C.Johnson,DET,134,78,1077,8,804,273,6,13.80769231,8.037313433,3.5,584,0.229452055,0,0,0,WR,233.7000035,15
2015,00-0025396,T.Ginn,CAR,96,44,739,10,498,241,5.1875,16.79545455,7.697916667,5.477272727,468,0.205128205,4,60,0,WR,183.9000014,14
2015,00-0025465,J.Jones,GB,88,46,788,8,583,205,6.625,17.13043478,8.954545455,4.456521739,526,0.16730038,0,0,0,WR,176.8000016,13
2015,00-0026035,D.Amendola,NE,83,63,631,3,368,263,4.43373494,10.01587302,7.602409639,4.174603175,599,0.138564274,2,11,0,WR,146.6400011,13
2015,00-0026182,E.Royal,CHI,50,37,238,1,61,177,1.22,6.432432432,4.76,4.783783784,499,0.100200401,1,-1,0,WR,66.70000025,9
2015,00-0026189,D.Jackson,WAS,49,30,528,4,370,158,7.551020408,17.6,10.7755102,5.266666667,532,0.092105263,0,0,0,WR,106.8000027,8
2015,00-0026224,H.Douglas,TEN,70,34,392,2,263,129,3.757142857,11.52941176,5.6,3.794117647,521,0.134357006,1,-6,0,WR,84.60000086,13
2015,00-0026345,P.Garcon,WAS,108,69,728,5,576,152,5.333333333,10.55072464,6.740740741,2.202898551,532,0.203007519,0,0,0,WR,171.8000022,15
2015,00-0026364,S.Johnson,SD,65,45,497,3,232,265,3.569230769,11.04444444,7.646153846,5.888888889,0,0,0,0,0,WR,112.7000006,9
2015,00-0026901,M.Wallace,MIN,69,38,451,2,297,154,4.304347826,11.86842105,6.536231884,4.052631579,426,0.161971831,1,6,0,WR,95.70000148,13
2015,00-0026983,D.Heyward-Bey,PIT,35,19,240,2,186,54,5.314285714,12.63157895,6.857142857,2.842105263,557,0.062836625,0,0,0,WR,55.00000054,7
2015,00-0026986,M.Crabtree,OAK,139,82,888,8,625,263,4.496402878,10.82926829,6.388489209,3.207317073,0,0,0,0,0,WR,218.800001,15
2015,00-0026995,J.Maclin,KC,120,84,1034,7,728,306,6.066666667,12.30952381,8.616666667,3.642857143,444,0.27027027,2,-4,0,WR,229.0000032,14
2015,00-0026998,P.Harvin,BUF,31,19,218,1,135,83,4.35483871,11.47368421,7.032258065,4.368421053,435,0.071264368,6,31,0,WR,49.90000059,5
2015,00-0027006,K.Britt,STL,67,33,600,3,490,110,7.313432836,18.18181818,8.955223881,3.333333333,0,0,0,0,0,WR,111.0000008,12
2015,00-0027077,B.Hartline,CLE,77,46,523,2,357,166,4.636363636,11.36956522,6.792207792,3.608695652,559,0.137745975,0,0,0,WR,110.3000013,10
2015,00-0027150,J.Edelman,NE,88,61,692,7,382,310,4.340909091,11.3442623,7.863636364,5.081967213,599,0.146911519,3,23,0,WR,174.5000016,9
2015,00-0027595,B.Walters,JAX,45,32,368,1,246,122,5.466666667,11.5,8.177777778,3.8125,574,0.078397213,0,0,0,WR,74.80000162,11
2015,00-0027681,B.LaFell,NE,70,35,508,0,291,217,4.157142857,14.51428571,7.257142857,6.2,599,0.116861436,2,9,0,WR,86.70000207,10
2015,00-0027685,E.Sanders,DEN,129,71,1036,6,712,324,5.519379845,14.5915493,8.031007752,4.563380282,573,0.22513089,3,29,0,WR,213.5000017,13
2015,00-0027690,E.Decker,NYJ,123,75,977,11,768,209,6.243902439,13.02666667,7.943089431,2.786666667,566,0.217314488,0,0,0,WR,238.7000018,14
2015,00-0027758,R.Cooper,PHI,40,21,327,2,265,62,6.625,15.57142857,8.175,2.952380952,582,0.068728522,0,0,0,WR,65.70000124,9
2015,00-0027793,A.Brown,PIT,180,123,1654,9,1104,550,6.133333333,13.44715447,9.188888889,4.471544715,557,0.323159785,3,28,0,WR,349.2000025,15
2015,00-0027874,D.Thomas,DEN,168,100,1187,5,782,405,4.654761905,11.87,7.06547619,4.05,573,0.293193717,0,0,0,WR,248.700003,15
2015,00-0027891,G.Tate,DET,123,86,779,6,265,514,2.154471545,9.058139535,6.333333333,5.976744186,584,0.210616438,6,41,0,WR,204.0000019,15
2015,00-0027902,D.Bryant,DAL,72,31,401,3,270,131,3.75,12.93548387,5.569444444,4.225806452,472,0.152542373,0,0,0,WR,89.10000116,9
2015,00-0027918,A.Hawkins,CLE,44,27,276,0,149,127,3.386363636,10.22222222,6.272727273,4.703703704,559,0.078711986,0,0,0,WR,56.60000038,8
2015,00-0027942,A.Green,CIN,127,82,1263,9,924,339,7.275590551,15.40243902,9.94488189,4.134146341,471,0.269639066,0,0,0,WR,262.3000058,15
2015,00-0027944,J.Jones,ATL,192,127,1722,8,1128,594,5.875,13.55905512,8.96875,4.677165354,583,0.329331046,0,0,0,WR,347.2000046,15
2015,00-0027996,T.Smith,SF,55,28,602,4,412,190,7.490909091,21.5,10.94545455,6.785714286,483,0.113871636,0,0,0,WR,114.2000019,13
2015,00-0028002,R.Cobb,GB,121,73,792,6,380,412,3.140495868,10.84931507,6.545454545,5.643835616,526,0.230038023,12,47,0,WR,192.9000025,15
2015,00-0028017,L.Hankerson,ATL,47,26,327,3,208,119,4.425531915,12.57692308,6.957446809,4.576923077,583,0.080617496,0,0,0,WR,76.70000124,7
2015,00-0028052,C.Shorts,HOU,45,26,299,1,177,122,3.933333333,11.5,6.644444444,4.692307692,575,0.07826087,0,0,0,WR,61.90000147,5
2015,00-0028052,C.Shorts III,HOU,30,16,185,1,97,88,3.233333333,11.5625,6.166666667,5.5,575,0.052173913,10,47,0,WR,61.90000147,5
2015,00-0028114,D.Harris,NYG,57,36,396,4,259,137,4.543859649,11,6.947368421,3.805555556,573,0.09947644,2,12,0,WR,100.8000016,13
2015,00-0028237,C.Hogan,BUF,56,35,448,2,341,107,6.089285714,12.8,8,3.057142857,435,0.128735632,0,0,0,WR,91.96000186,12
2015,00-0028263,A.Holmes,OAK,33,14,201,4,158,43,4.787878788,14.35714286,6.090909091,3.071428571,0,0,0,0,0,WR,58.09999967,8
2015,00-0028411,D.Inman,SD,57,32,461,3,297,164,5.210526316,14.40625,8.087719298,5.125,0,0,0,0,0,WR,96.10000098,10
2015,00-0028434,D.Baldwin,SEA,96,73,1023,14,593,430,6.177083333,14.01369863,10.65625,5.890410959,443,0.216704289,0,0,0,WR,259.3000013,15
2015,00-0028497,K.Aiken,BAL,115,70,868,5,684,184,5.947826087,12.4,7.547826087,2.628571429,617,0.186385737,0,0,0,WR,186.8000016,14
2015,00-0029000,C.Beasley,DAL,68,47,483,3,175,308,2.573529412,10.27659574,7.102941176,6.553191489,472,0.144067797,0,0,0,WR,113.3000004,12
2015,00-0029137,A.Jeffery,CHI,94,54,807,4,630,177,6.70212766,14.94444444,8.585106383,3.277777778,499,0.188376754,0,0,0,WR,158.7000027,9
2015,00-0029159,J.Kearse,SEA,66,46,651,4,430,221,6.515151515,14.15217391,9.863636364,4.804347826,443,0.148984199,0,0,0,WR,135.1000022,11
2015,00-0029262,R.Randle,NYG,83,53,722,7,531,191,6.397590361,13.62264151,8.698795181,3.603773585,573,0.144851658,0,0,0,WR,167.2000029,15
2015,00-0029269,T.Benjamin,CLE,116,63,913,5,617,296,5.318965517,14.49206349,7.870689655,4.698412698,559,0.207513417,3,12,0,WR,185.5000018,14
2015,00-0029293,M.Jones,CIN,98,60,778,4,507,271,5.173469388,12.96666667,7.93877551,4.516666667,471,0.208067941,5,33,0,WR,165.1000028,15
2015,00-0029319,J.Bellamy,CHI,30,16,175,1,112,63,3.733333333,10.9375,5.833333333,3.9375,499,0.06012024,0,0,0,WR,39.50000036,7
2015,00-0029415,K.Martin,NE,35,23,265,2,190,75,5.428571429,11.52173913,7.571428571,3.260869565,599,0.058430718,1,6,0,WR,62.10000074,8
2015,00-0029572,J.Wright,MIN,47,32,421,0,249,172,5.29787234,13.15625,8.957446809,5.375,426,0.110328638,1,29,0,WR,77.00000119,14
2015,00-0029580,R.Matthews,MIA,61,43,662,4,426,236,6.983606557,15.39534884,10.85245902,5.488372093,545,0.111926606,1,4,0,WR,133.6000029,10
2015,00-0029608,T.Hilton,IND,127,65,1080,5,717,363,5.645669291,16.61538462,8.503937008,5.584615385,569,0.223198594,0,0,0,WR,203.0000018,15
2015,00-0029614,C.Givens,BAL,50,20,353,1,253,52,5.06,17.65,7.06,2.6,617,0.081037277,4,18,0,WR,63.1000011,11
2015,00-0029632,M.Sanu,CIN,47,32,388,0,185,203,3.936170213,12.125,8.255319149,6.34375,471,0.099787686,8,60,2,WR,88.80000108,15
2015,00-0029638,M.Floyd,ARI,85,51,833,6,627,206,7.376470588,16.33333333,9.8,4.039215686,507,0.16765286,0,0,0,WR,170.3000031,13
2015,00-0029708,K.Wright,TEN,60,36,408,3,265,143,4.416666667,11.33333333,6.8,3.972222222,521,0.115163148,5,17,0,WR,96.50000144,10
2015,00-0030047,M.Wilson,CHI,51,28,464,1,278,186,5.450980392,16.57142857,9.098039216,6.642857143,499,0.102204409,0,0,0,WR,80.40000057,10
2015,00-0030085,K.Stills,MIA,59,26,429,3,330,99,5.593220339,16.5,7.271186441,3.807692308,545,0.108256881,0,0,0,WR,86.90000111,11
2015,00-0030279,K.Allen,SD,90,67,725,4,489,236,5.433333333,10.82089552,8.055555556,3.52238806,0,0,0,0,0,WR,163.5000018,8
2015,00-0030400,M.Brown,BAL,30,14,112,0,66,46,2.2,8,3.733333333,3.285714286,617,0.048622366,0,0,0,WR,25.20000029,8
2015,00-0030431,R.Woods,BUF,80,47,552,3,397,155,4.9625,11.74468085,6.9,3.29787234,435,0.183908046,1,0,0,WR,120.2000006,13
2015,00-0030450,Q.Patton,SF,55,29,361,1,182,179,3.309090909,12.44827586,6.563636364,6.172413793,483,0.113871636,1,5,0,WR,71.60000145,13
2015,00-0030460,M.Wheaton,PIT,75,41,692,4,539,153,7.186666667,16.87804878,9.226666667,3.731707317,557,0.13464991,0,0,0,WR,136.2000028,15
2015,00-0030521,J.Hunter,TEN,31,22,264,1,231,33,7.451612903,12,8.516129032,1.5,521,0.05950096,0,0,0,WR,54.40000081,9
2015,00-0030525,T.Austin,STL,79,47,443,5,116,327,1.46835443,9.425531915,5.607594937,6.957446809,0,0,46,402,4,WR,185.5000017,15
2015,00-0030542,T.Williams,DAL,84,44,667,3,463,204,5.511904762,15.15909091,7.94047619,4.636363636,472,0.177966102,0,0,0,WR,128.7000017,14
2015,00-0030564,D.Hopkins,HOU,181,104,1432,11,1226,206,6.773480663,13.76923077,7.91160221,1.980769231,575,0.314782609,0,0,0,WR,315.200004,15
2015,00-0030663,W.Snead,NO,98,66,949,3,616,333,6.285714286,14.37878788,9.683673469,5.045454545,622,0.15755627,0,0,0,WR,178.9000009,13
2015,00-0030669,A.Wilson,KC,51,32,427,2,211,216,4.137254902,13.34375,8.37254902,6.75,444,0.114864865,5,26,0,WR,89.30000116,11
2015,00-0030691,J.Butler,BAL,36,25,306,0,178,128,4.944444444,12.24,8.5,5.12,617,0.05834684,0,0,0,WR,55.6000005,7
2015,00-0030801,B.Coleman,NO,41,25,373,2,274,99,6.682926829,14.92,9.097560976,3.96,622,0.065916399,0,0,0,WR,74.30000055,11
2015,00-0030821,A.Hurns,JAX,101,61,1014,10,670,344,6.633663366,16.62295082,10.03960396,5.639344262,574,0.175958188,0,0,0,WR,222.4000026,14
2015,00-0030990,J.Huff,PHI,38,27,312,3,131,181,3.447368421,11.55555556,8.210526316,6.703703704,582,0.065292096,0,0,0,WR,76.20000035,12
2015,00-0031023,Q.Enunwa,NYJ,42,21,310,0,168,142,4,14.76190476,7.380952381,6.761904762,566,0.074204947,0,0,0,WR,52.00000095,9
2015,00-0031051,JO.Brown,ARI,54,37,562,3,412,150,7.62962963,15.18918919,10.40740741,4.054054054,507,0.106508876,1,13,0,WR,112.5000014,7
2015,00-0031051,Jo.Brown,ARI,36,24,396,4,234,162,6.5,16.5,11,6.75,507,0.071005917,2,9,0,WR,112.5000014,7
2015,00-0031068,R.Grant,WAS,38,20,250,1,161,89,4.236842105,12.5,6.578947368,4.45,532,0.071428571,0,0,0,WR,51.00000012,10
2015,00-0031118,C.Brown,CAR,48,28,389,4,343,46,7.145833333,13.89285714,8.104166667,1.642857143,468,0.102564103,6,38,0,WR,94.70000023,13
2015,00-0031166,S.Roberts,OAK,53,29,460,5,328,132,6.188679245,15.86206897,8.679245283,4.551724138,0,0,0,0,0,WR,107.0000026,12
2015,00-0031228,T.Gabriel,CLE,49,28,241,0,130,108,2.653061224,8.607142857,4.918367347,3.857142857,559,0.08765653,0,0,0,WR,54.10000008,11
2015,00-0031235,O.Beckham Jr.,NYG,151,91,1400,13,828,572,5.483443709,15.38461538,9.271523179,6.285714286,573,0.263525305,1,3,0,WR,309.3000041,14
2015,00-0031236,B.Cooks,NO,123,79,1116,9,741,375,6.024390244,14.12658228,9.073170732,4.746835443,622,0.197749196,8,18,0,WR,246.4000022,15
2015,00-0031299,J.Matthews,PHI,119,78,943,6,552,391,4.638655462,12.08974359,7.924369748,5.012820513,582,0.204467354,0,0,0,WR,208.300002,15
2015,00-0031325,S.Watkins,BUF,81,49,911,9,786,121,9.703703704,18.59183673,11.24691358,2.469387755,435,0.186206897,1,1,0,WR,194.2000025,11
2015,00-0031339,D.Moncrief,IND,103,63,735,6,469,266,4.553398058,11.66666667,7.13592233,4.222222222,569,0.181019332,0,0,0,WR,172.5000035,15
2015,00-0031373,M.Bryant,PIT,89,49,765,6,417,348,4.685393258,15.6122449,8.595505618,7.102040816,557,0.15978456,5,37,1,WR,171.2000007,10
2015,00-0031381,D.Adams,GB,89,46,441,1,322,119,3.617977528,9.586956522,4.95505618,2.586956522,526,0.169201521,0,0,0,WR,96.1000011,11
2015,00-0031382,J.Landry,MIA,156,104,1085,4,569,516,3.647435897,10.43269231,6.955128205,4.961538462,545,0.286238532,16,107,1,WR,255.5600028,15
2015,00-0031408,M.Evans,TB,139,70,1112,3,904,208,6.503597122,15.88571429,8,2.971428571,481,0.288981289,0,0,0,WR,199.2000026,13
2015,00-0031428,A.Robinson,JAX,142,75,1292,14,974,318,6.85915493,17.22666667,9.098591549,4.24,574,0.24738676,0,0,0,WR,288.2000031,15
2015,00-0031544,A.Cooper,OAK,125,70,1062,6,689,373,5.512,15.17142857,8.496,5.328571429,0,0,3,-3,0,WR,211.9000038,14
2015,00-0031547,D.Parker,MIA,45,21,388,2,298,90,6.622222222,18.47619048,8.622222222,4.285714286,545,0.082568807,0,0,0,WR,71.80000138,7
2015,00-0031549,N.Agholor,PHI,41,21,256,1,189,67,4.609756098,12.19047619,6.243902439,3.19047619,582,0.070446735,0,0,0,WR,52.60000062,9
2015,00-0031570,J.Hardy,ATL,30,17,160,0,106,54,3.533333333,9.411764706,5.333333333,3.176470588,583,0.051457976,0,0,0,WR,33.00000012,8
2015,00-0031588,S.Diggs,MIN,82,51,712,4,423,289,5.158536585,13.96078431,8.682926829,5.666666667,426,0.192488263,3,13,0,WR,147.5000013,12
2015,00-0031941,J.Crowder,WAS,73,54,495,1,245,250,3.356164384,9.166666667,6.780821918,4.62962963,532,0.137218045,2,2,0,WR,113.7000029,15
2015,00-0032009,A.Humphries,TB,39,27,260,1,137,123,3.512820513,9.62962963,6.666666667,4.555555556,481,0.081081081,0,0,0,WR,59.00000012,10
2015,00-0032055,D.Funchess,CAR,55,24,353,4,299,54,5.436363636,14.70833333,6.418181818,2.25,468,0.117521368,0,0,0,WR,83.29999971,13
2015,00-0032170,R.Greene,JAX,34,18,88,2,34,54,1,4.888888889,2.588235294,3,574,0.059233449,0,0,0,WR,38.80000019,8
2015,00-0032208,P.Dorsett,IND,30,14,197,1,147,50,4.9,14.07142857,6.566666667,3.571428571,569,0.052724077,2,6,0,WR,40.30000041,9
2015,00-0032211,T.Lockett,SEA,65,49,628,6,378,250,5.815384615,12.81632653,9.661538462,5.102040816,443,0.146726862,3,13,0,WR,149.1000002,13
2015,00-0032218,D.Green-Beckham,TEN,63,30,528,3,384,144,6.095238095,17.6,8.380952381,4.8,521,0.120921305,0,0,0,WR,102.8000026,10
2016,00-0020337,S.Smith,BAL,99,67,765,5,504,261,5.090909091,11.41791045,7.727272727,3.895522388,620,0.159677419,0,0,0,WR,177.5000026,13
2016,00-0022084,A.Boldin,DET,89,63,527,7,309,218,3.471910112,8.365079365,5.921348315,3.46031746,541,0.164510166,0,0,0,WR,157.7000009,15
2016,00-0022921,L.Fitzgerald,ARI,143,102,980,5,635,345,4.440559441,9.607843137,6.853146853,3.382352941,598,0.239130435,2,5,0,WR,230.5000019,15
2016,00-0023496,V.Jackson,TB,34,15,173,0,157,16,4.617647059,11.53333333,5.088235294,1.066666667,542,0.062730627,0,0,0,WR,32.30000055,5
2016,00-0024334,B.Marshall,NYJ,128,59,788,4,612,176,4.78125,13.3559322,6.15625,2.983050847,516,0.248062016,0,0,0,WR,161.8000019,15
2016,00-0025396,T.Ginn,CAR,88,50,683,4,542,141,6.159090909,13.66,7.761363636,2.82,526,0.16730038,12,74,0,WR,149.7000014,15
2016,00-0026176,J.Nelson,GB,146,91,1191,14,865,326,5.924657534,13.08791209,8.157534247,3.582417582,576,0.253472222,0,0,0,WR,294.1000044,15
2016,00-0026182,E.Royal,CHI,43,33,369,2,182,187,4.23255814,11.18181818,8.581395349,5.666666667,530,0.081132075,0,0,0,WR,81.90000129,9
2016,00-0026189,D.Jackson,WAS,95,54,971,4,694,277,7.305263158,17.98148148,10.22105263,5.12962963,561,0.169340463,0,0,0,WR,175.100003,14
2016,00-0026345,P.Garcon,WAS,107,75,945,3,651,294,6.08411215,12.6,8.831775701,3.92,561,0.190730838,0,0,0,WR,187.5000011,15
2016,00-0026739,J.Norwood,DEN,35,21,232,1,163,69,4.657142857,11.04761905,6.628571429,3.285714286,530,0.066037736,1,0,0,WR,50.20000112,10
2016,00-0026901,M.Wallace,BAL,112,68,984,4,569,415,5.080357143,14.47058824,8.785714286,6.102941176,620,0.180645161,5,31,0,WR,193.5000018,15
2016,00-0026986,M.Crabtree,OAK,138,84,956,8,710,246,5.144927536,11.38095238,6.927536232,2.928571429,0,0,0,0,0,WR,227.6000025,15
2016,00-0026995,J.Maclin,KC,71,40,483,2,354,129,4.985915493,12.075,6.802816901,3.225,510,0.139215686,1,-1,0,WR,100.2000009,10
2016,00-0027006,K.Britt,LAR,111,68,1002,5,707,295,6.369369369,14.73529412,9.027027027,4.338235294,0,0,0,0,0,WR,198.2000024,15
2016,00-0027150,J.Edelman,NE,146,90,955,2,578,377,3.95890411,10.61111111,6.54109589,4.188888889,513,0.28460039,11,51,0,WR,202.600002,15
2016,00-0027265,V.Cruz,NYG,68,37,579,1,401,178,5.897058824,15.64864865,8.514705882,4.810810811,571,0.119089317,0,0,0,WR,100.9000007,12
2016,00-0027681,B.LaFell,CIN,96,57,795,6,485,310,5.052083333,13.94736842,8.28125,5.438596491,517,0.185686654,1,-2,0,WR,172.3000012,15
2016,00-0027685,E.Sanders,DEN,137,79,1032,5,780,252,5.693430657,13.06329114,7.532846715,3.189873418,530,0.258490566,1,4,0,WR,212.6000033,15
2016,00-0027793,A.Brown,PIT,157,106,1284,12,850,434,5.414012739,12.11320755,8.178343949,4.094339623,562,0.279359431,3,9,0,WR,307.3000031,15
2016,00-0027874,D.Thomas,DEN,139,86,1036,5,737,299,5.302158273,12.04651163,7.45323741,3.476744186,530,0.262264151,0,0,0,WR,221.6000036,15
2016,00-0027891,G.Tate,DET,126,85,1000,3,421,579,3.341269841,11.76470588,7.936507937,6.811764706,541,0.232902033,9,-3,0,WR,204.7000025,15
2016,00-0027902,D.Bryant,DAL,97,50,796,8,656,140,6.762886598,15.92,8.206185567,2.8,453,0.214128035,0,0,0,WR,182.0000015,12
2016,00-0027918,A.Hawkins,CLE,49,28,315,3,184,131,3.755102041,11.25,6.428571429,4.678571429,522,0.093869732,2,0,0,WR,77.50000083,13
2016,00-0027942,A.Green,CIN,100,66,964,4,706,258,7.06,14.60606061,9.64,3.909090909,517,0.193423598,0,0,0,WR,186.400001,9
2016,00-0027944,J.Jones,ATL,121,76,1313,5,951,362,7.859504132,17.27631579,10.85123967,4.763157895,498,0.242971888,0,0,0,WR,237.3000025,13
2016,00-0027996,T.Smith,SF,49,20,267,3,206,61,4.204081633,13.35,5.448979592,3.05,465,0.105376344,0,0,0,WR,64.7000007,9
2016,00-0028002,R.Cobb,GB,84,60,610,4,246,364,2.928571429,10.16666667,7.261904762,6.066666667,576,0.145833333,10,33,0,WR,148.3000017,12
2016,00-0028091,J.Kerley,SF,107,58,606,3,423,183,3.953271028,10.44827586,5.663551402,3.155172414,465,0.230107527,0,0,0,WR,136.6000025,14
2016,00-0028116,A.Robinson,ATL,30,18,287,2,211,76,7.033333333,15.94444444,9.566666667,4.222222222,498,0.060240964,0,0,0,WR,58.70000064,9
2016,00-0028237,C.Hogan,NE,54,34,653,4,433,220,8.018518519,19.20588235,12.09259259,6.470588235,513,0.105263158,3,9,0,WR,124.2000005,12
2016,00-0028411,D.Inman,SD,92,54,759,4,554,205,6.02173913,14.05555556,8.25,3.796296296,0,0,0,0,0,WR,153.9000021,15
2016,00-0028434,D.Baldwin,SEA,122,92,1084,7,624,461,5.114754098,11.7826087,8.885245902,5.010869565,513,0.237816764,3,2,0,WR,247.2000038,15
2016,00-0028497,K.Aiken,BAL,47,27,306,1,201,105,4.276595745,11.33333333,6.510638298,3.888888889,620,0.075806452,0,0,0,WR,63.60000092,12
2016,00-0028825,T.Pryor,CLE,60,33,413,3,333,80,5.55,12.51515152,6.883333333,2.424242424,522,0.114942529,8,21,1,WR,102.040001,9
2016,00-0028825,T.Pryor Sr.,CLE,71,37,500,1,396,104,5.577464789,13.51351351,7.042253521,2.810810811,522,0.136015326,0,0,0,WR,102.040001,9
2016,00-0029000,C.Beasley,DAL,94,72,784,5,412,372,4.382978723,10.88888889,8.340425532,5.166666667,453,0.207505519,1,7,0,WR,181.1000023,15
2016,00-0029137,A.Jeffery,CHI,91,51,811,2,612,199,6.725274725,15.90196078,8.912087912,3.901960784,530,0.171698113,0,0,0,WR,144.1000015,11
2016,00-0029159,J.Kearse,SEA,82,39,466,1,332,134,4.048780488,11.94871795,5.682926829,3.435897436,513,0.159844055,0,0,0,WR,91.60000145,14
2016,00-0029269,T.Benjamin,SD,75,47,677,4,431,246,5.746666667,14.40425532,9.026666667,5.234042553,0,0,2,-3,0,WR,138.4000011,14
2016,00-0029293,M.Jones,DET,94,50,854,4,624,230,6.638297872,17.08,9.085106383,4.6,541,0.173752311,1,3,0,WR,159.7000011,14
2016,00-0029319,J.Bellamy,CHI,37,19,282,1,233,49,6.297297297,14.84210526,7.621621622,2.578947368,530,0.069811321,2,19,0,WR,55.10000056,10
2016,00-0029388,D.Thompson,CHI,34,22,249,2,206,43,6.058823529,11.31818182,7.323529412,1.954545455,530,0.064150943,0,0,0,WR,58.90000069,7
2016,00-0029580,R.Matthews,TEN,96,56,831,8,642,189,6.6875,14.83928571,8.65625,3.375,468,0.205128205,0,0,0,WR,187.1000013,15
2016,00-0029608,T.Hilton,IND,145,85,1353,6,1030,323,7.103448276,15.91764706,9.331034483,3.8,536,0.270522388,0,0,0,WR,258.3000031,15
2016,00-0029632,M.Sanu,ATL,78,55,621,3,358,263,4.58974359,11.29090909,7.961538462,4.781818182,498,0.156626506,1,5,0,WR,137.6000018,14
2016,00-0029638,M.Floyd,ARI,73,34,452,4,397,55,5.438356164,13.29411765,6.191780822,1.617647059,598,0.122073579,0,0,0,WR,103.2000006,12
2016,00-0029640,B.Quick,LAR,70,39,549,3,373,176,5.328571429,14.07692308,7.842857143,4.512820513,0,0,0,0,0,WR,111.9000008,14
2016,00-0029708,K.Wright,TEN,43,29,416,3,292,124,6.790697674,14.34482759,9.674418605,4.275862069,468,0.091880342,1,15,0,WR,90.1000011,10
2016,00-0030035,A.Thielen,MIN,91,68,960,5,662,298,7.274725275,14.11764706,10.54945055,4.382352941,552,0.164855072,2,15,0,WR,195.500003,14
2016,00-0030068,M.Goodwin,BUF,63,28,405,3,327,78,5.19047619,14.46428571,6.428571429,2.785714286,430,0.146511628,0,0,0,WR,86.50000143,12
2016,00-0030085,K.Stills,MIA,74,38,685,8,500,185,6.756756757,18.02631579,9.256756757,4.868421053,435,0.170114943,0,0,0,WR,154.500001,14
2016,00-0030113,C.Johnson,MIN,36,19,221,0,152,69,4.222222222,11.63157895,6.138888889,3.631578947,552,0.065217391,0,0,0,WR,41.10000014,10
2016,00-0030147,R.Shepard,TB,33,21,312,2,246,66,7.454545455,14.85714286,9.454545455,3.142857143,542,0.060885609,1,9,0,WR,65.10000008,11
2016,00-0030431,R.Woods,BUF,71,47,570,1,447,123,6.295774648,12.12765957,8.028169014,2.617021277,430,0.165116279,1,6,0,WR,110.6000017,12
2016,00-0030450,Q.Patton,SF,63,37,408,0,208,200,3.301587302,11.02702703,6.476190476,5.405405405,465,0.135483871,0,0,0,WR,77.80000144,13
2016,00-0030516,B.Butler,DAL,30,15,216,3,200,16,6.666666667,14.4,7.2,1.066666667,453,0.066225166,0,0,0,WR,54.60000086,9
2016,00-0030525,T.Austin,LAR,102,56,491,3,241,250,2.362745098,8.767857143,4.81372549,4.464285714,0,0,26,157,1,WR,144.8000008,14
2016,00-0030542,T.Williams,DAL,56,41,561,3,399,162,7.125,13.68292683,10.01785714,3.951219512,453,0.123620309,0,0,0,WR,115.1000021,14
2016,00-0030564,D.Hopkins,HOU,140,71,831,4,621,210,4.435714286,11.70422535,5.935714286,2.957746479,530,0.264150943,0,0,0,WR,178.1000011,15
2016,00-0030578,C.Patterson,MIN,68,51,414,2,95,319,1.397058824,8.117647059,6.088235294,6.254901961,552,0.123188406,7,43,0,WR,108.7000005,15
2016,00-0030663,W.Snead,NO,100,69,813,4,493,320,4.93,11.7826087,8.13,4.637681159,616,0.162337662,0,0,0,WR,180.3000019,14
2016,00-0030669,A.Wilson,KC,50,30,237,2,114,123,2.28,7.9,4.74,4.1,510,0.098039216,2,50,1,WR,76.70000064,11
2016,00-0030801,B.Coleman,NO,35,25,273,3,206,67,5.885714286,10.92,7.8,2.68,616,0.056818182,0,0,0,WR,70.30000079,11
2016,00-0030821,A.Hurns,JAX,76,35,477,3,266,211,3.5,13.62857143,6.276315789,6.028571429,585,0.12991453,0,0,0,WR,100.7000018,10
2016,00-0031023,Q.Enunwa,NYJ,97,53,776,4,459,317,4.731958763,14.64150943,8,5.981132075,516,0.187984496,1,12,0,WR,155.8000014,15
2016,00-0031051,Jo.Brown,ARI,62,35,470,2,372,98,6,13.42857143,7.580645161,2.8,598,0.10367893,1,10,0,WR,95.00000167,9
2016,00-0031118,C.Brown,CAR,51,25,251,1,165,86,3.235294118,10.04,4.921568627,3.44,526,0.096958175,2,6,0,WR,56.70000041,13
2016,00-0031166,S.Roberts,OAK,76,35,371,5,189,182,2.486842105,10.6,4.881578947,5.2,0,0,0,0,0,WR,106.1000008,14
2016,00-0031228,T.Gabriel,ATL,50,35,579,6,295,284,5.9,16.54285714,11.58,8.114285714,498,0.100401606,4,51,1,WR,140.0000021,12
2016,00-0031235,O.Beckham,NYG,162,96,1323,10,806,517,4.975308642,13.78125,8.166666667,5.385416667,571,0.283712785,1,9,0,WR,289.2000044,15
2016,00-0031236,B.Cooks,NO,111,75,1154,8,777,377,7,15.38666667,10.3963964,5.026666667,616,0.180194805,6,30,0,WR,241.4000005,14
2016,00-0031299,J.Matthews,PHI,119,73,804,3,561,243,4.714285714,11.01369863,6.756302521,3.328767123,564,0.210992908,0,0,0,WR,171.4000002,14
2016,00-0031325,S.Watkins,BUF,43,24,399,2,349,50,8.11627907,16.625,9.279069767,2.083333333,430,0.1,0,0,0,WR,75.90000153,7
2016,00-0031339,D.Moncrief,IND,56,30,307,7,229,78,4.089285714,10.23333333,5.482142857,2.6,536,0.104477612,1,-1,0,WR,102.6,8
2016,00-0031359,K.Benjamin,CAR,111,57,848,6,643,205,5.792792793,14.87719298,7.63963964,3.596491228,526,0.211026616,0,0,0,WR,177.8000015,14
2016,00-0031381,D.Adams,GB,113,69,966,10,601,365,5.318584071,14,8.548672566,5.289855072,576,0.196180556,0,0,0,WR,225.6000001,15
2016,00-0031382,J.Landry,MIA,121,85,1060,3,475,585,3.925619835,12.47058824,8.760330579,6.882352941,435,0.27816092,5,17,0,WR,212.7000034,15
2016,00-0031408,M.Evans,TB,164,91,1256,11,1084,172,6.609756098,13.8021978,7.658536585,1.89010989,542,0.302583026,0,0,0,WR,286.6000019,15
2016,00-0031428,A.Robinson,JAX,140,68,801,6,629,172,4.492857143,11.77941176,5.721428571,2.529411765,585,0.239316239,0,0,0,WR,186.1000019,15
2016,00-0031431,M.Lee,JAX,96,57,765,3,473,292,4.927083333,13.42105263,7.96875,5.122807018,585,0.164102564,6,35,0,WR,159.8000027,14
2016,00-0031544,A.Cooper,OAK,126,79,1114,4,692,422,5.492063492,14.10126582,8.841269841,5.341772152,0,0,1,0,0,WR,218.400001,15
2016,00-0031545,K.White,CHI,36,19,187,0,133,54,3.694444444,9.842105263,5.194444444,2.842105263,530,0.067924528,1,9,0,WR,38.60000068,4
2016,00-0031547,D.Parker,MIA,81,51,699,4,481,218,5.938271605,13.70588235,8.62962963,4.274509804,435,0.186206897,0,0,0,WR,144.9000021,14
2016,00-0031549,N.Agholor,PHI,70,36,365,2,267,98,3.814285714,10.13888889,5.214285714,2.722222222,564,0.124113475,4,15,0,WR,88.00000096,14
2016,00-0031588,S.Diggs,MIN,112,84,903,3,584,319,5.214285714,10.75,8.0625,3.797619048,552,0.202898551,3,10,0,WR,193.3000027,13
2016,00-0031782,E.Rogers,PIT,60,42,533,3,338,195,5.633333333,12.69047619,8.883333333,4.642857143,562,0.106761566,1,6,0,WR,113.9000008,12
2016,00-0031912,C.Meredith,CHI,91,62,827,4,528,299,5.802197802,13.33870968,9.087912088,4.822580645,530,0.171698113,1,6,0,WR,169.3000022,13
2016,00-0031941,J.Crowder,WAS,96,65,831,7,457,374,4.760416667,12.78461538,8.65625,5.753846154,561,0.171122995,2,-2,0,WR,189.9000027,15
2016,00-0032009,A.Humphries,TB,71,45,528,2,215,313,3.028169014,11.73333333,7.436619718,6.955555556,542,0.13099631,5,18,0,WR,113.6000028,14
2016,00-0032054,B.Perriman,BAL,58,29,437,3,317,120,5.465517241,15.06896552,7.534482759,4.137931034,620,0.093548387,1,2,0,WR,90.90000005,13
2016,00-0032055,D.Funchess,CAR,59,23,371,4,268,103,4.542372881,16.13043478,6.288135593,4.47826087,526,0.1121673,0,0,0,WR,86.10000038,12
2016,00-0032112,J.Nelson,ARI,63,30,493,6,344,149,5.46031746,16.43333333,7.825396825,4.966666667,598,0.105351171,4,83,1,WR,129.6000018,12
2016,00-0032128,C.Conley,KC,64,40,475,0,312,163,4.875,11.875,7.421875,4.075,510,0.125490196,0,0,0,WR,87.50000298,14
2016,00-0032160,Ty.Williams,SD,112,63,989,7,609,380,5.4375,15.6984127,8.830357143,6.031746032,0,0,0,0,0,WR,203.9000008,15
2016,00-0032166,S.Coates,PIT,49,21,435,2,326,109,6.653061224,20.71428571,8.87755102,5.19047619,562,0.087188612,4,14,0,WR,77.90000214,7
2016,00-0032208,P.Dorsett,IND,55,29,472,2,334,138,6.072727273,16.27586207,8.581818182,4.75862069,536,0.10261194,2,10,0,WR,89.20000035,14
2016,00-0032211,T.Lockett,SEA,66,41,597,1,381,216,5.772727273,14.56097561,9.045454545,5.268292683,513,0.128654971,6,114,1,WR,124.1000024,14
2016,00-0032218,D.Green-Beckham,PHI,69,35,377,2,240,137,3.47826087,10.77142857,5.463768116,3.914285714,564,0.122340426,0,0,0,WR,84.70000124,12
2016,00-0032385,S.Shepard,NYG,100,62,653,8,403,250,4.03,10.53225806,6.53,4.032258065,571,0.175131349,2,24,0,WR,177.7000011,15
2016,00-0032400,M.Mitchell,NE,48,32,401,4,234,167,4.875,12.53125,8.354166667,5.21875,513,0.093567251,0,0,0,WR,96.10000163,11
2016,00-0032688,R.Anderson,NYJ,71,38,544,2,420,124,5.915492958,14.31578947,7.661971831,3.263157895,516,0.137596899,3,42,0,WR,108.6000009,12
2016,00-0032765,M.Thomas,NO,107,82,981,8,543,438,5.074766355,11.96341463,9.168224299,5.341463415,616,0.173701299,0,0,0,WR,228.1000013,14
2016,00-0032778,T.Sharpe,TEN,81,41,522,2,432,90,5.333333333,12.73170732,6.444444444,2.195121951,468,0.173076923,1,1,0,WR,105.3000008,14
2016,00-0032959,C.Peake,NYJ,30,17,164,0,95,69,3.166666667,9.647058824,5.466666667,4.058823529,516,0.058139535,0,0,0,WR,33.40000021,9
2016,00-0032966,C.Coleman,CLE,64,28,373,3,283,90,4.421875,13.32142857,5.828125,3.214285714,522,0.122605364,1,1,0,WR,83.40000168,9
2016,00-0033009,T.Boyd,CIN,78,52,564,1,373,191,4.782051282,10.84615385,7.230769231,3.673076923,517,0.150870406,3,43,0,WR,118.7000015,15
2016,00-0033040,T.Hill,KC,76,56,553,6,296,257,3.894736842,9.875,7.276315789,4.589285714,510,0.149019608,21,252,3,WR,190.5000017,15
2016,00-0033079,R.Louis,CLE,34,16,183,0,114,69,3.352941176,11.4375,5.382352941,4.3125,522,0.0651341,0,0,0,WR,34.30000043,6
2016,00-0033127,W.Fuller,HOU,85,44,606,2,385,221,4.529411765,13.77272727,7.129411765,5.022727273,530,0.160377358,1,-3,0,WR,116.3000019,13
2017,00-0022921,L.Fitzgerald,ARI,149,101,1101,6,709,392,4.758389262,10.9009901,7.389261745,3.881188119,561,0.265597148,0,0,0,WR,249.9400014,15
2017,00-0024334,B.Marshall,NYG,33,18,154,0,115,39,3.484848485,8.555555556,4.666666667,2.166666667,576,0.057291667,0,0,0,WR,33.40000033,5
2017,00-0025396,T.Ginn,NO,64,50,754,4,458,296,7.15625,15.08,11.78125,5.92,499,0.128256513,9,37,0,WR,153.1000019,14
2017,00-0026035,D.Amendola,NE,79,57,616,2,420,196,5.316455696,10.80701754,7.797468354,3.438596491,547,0.144424132,0,0,0,WR,130.6000015,14
2017,00-0026176,J.Nelson,GB,89,53,482,6,354,128,3.97752809,9.094339623,5.415730337,2.41509434,525,0.16952381,0,0,0,WR,137.2000017,14
2017,00-0026189,D.Jackson,TB,92,50,668,3,477,191,5.184782609,13.36,7.260869565,3.82,549,0.167577413,3,38,0,WR,138.6000007,14
2017,00-0026345,P.Garcon,SF,67,40,500,0,310,190,4.626865672,12.5,7.462686567,4.75,567,0.118165785,0,0,0,WR,90.00000083,8
2017,00-0026901,M.Wallace,BAL,79,47,708,3,563,145,7.126582278,15.06382979,8.962025316,3.085106383,516,0.153100775,1,4,0,WR,136.200002,14
2017,00-0026986,M.Crabtree,OAK,101,56,601,8,411,190,4.069306931,10.73214286,5.95049505,3.392857143,0,0,0,0,0,WR,168.1000018,11
2017,00-0026995,J.Maclin,BAL,72,40,440,3,332,108,4.611111111,11,6.111111111,2.7,516,0.139534884,0,0,0,WR,102.0000003,12
2017,00-0027006,K.Britt,CLE,41,20,256,2,168,88,4.097560976,12.8,6.243902439,4.4,536,0.076492537,0,0,0,WR,57.6000011,11
2017,00-0027681,B.LaFell,CIN,85,50,513,3,280,233,3.294117647,10.26,6.035294118,4.66,447,0.1901566,0,0,0,WR,119.3000005,15
2017,00-0027685,E.Sanders,DEN,92,47,555,2,388,167,4.217391304,11.80851064,6.032608696,3.553191489,524,0.175572519,0,0,0,WR,114.5000015,12
2017,00-0027690,E.Decker,TEN,77,51,545,1,434,111,5.636363636,10.68627451,7.077922078,2.176470588,463,0.166306695,0,0,0,WR,111.5000018,14
2017,00-0027793,A.Brown,PIT,165,101,1533,9,1052,481,6.375757576,15.17821782,9.290909091,4.762376238,560,0.294642857,0,0,0,WR,310.3000032,14
2017,00-0027874,D. Thomas,DEN,105,58,666,3,453,213,4.314285714,11.48275862,6.342857143,3.672413793,524,0.200381679,0,0,0,WR,142.600001,12
2017,00-0027891,G.Tate,DET,113,85,899,4,370,529,3.274336283,10.57647059,7.955752212,6.223529412,539,0.209647495,5,22,0,WR,201.1000023,15
2017,00-0027902,D.Bryant,DAL,124,66,814,6,566,248,4.564516129,12.33333333,6.564516129,3.757575758,458,0.270742358,1,-4,0,WR,183.0000032,15
2017,00-0027942,A.Green,CIN,133,73,1061,8,772,289,5.804511278,14.53424658,7.977443609,3.95890411,447,0.29753915,0,0,0,WR,227.1000043,15
2017,00-0027944,Ju.Jones,ATL,137,83,1364,3,918,446,6.700729927,16.43373494,9.95620438,5.373493976,475,0.288421053,1,15,0,WR,238.9000034,15
2017,00-0027996,T.Smith,PHI,65,36,430,2,299,131,4.6,11.94444444,6.615384615,3.638888889,526,0.123574144,1,-3,0,WR,90.70000023,13
2017,00-0028002,R.Cobb,GB,86,62,608,3,222,386,2.581395349,9.806451613,7.069767442,6.225806452,525,0.163809524,8,13,0,WR,142.1000012,13
2017,00-0028116,A.Robinson,SF,45,18,248,1,203,45,4.511111111,13.77777778,5.511111111,2.5,567,0.079365079,0,0,0,WR,48.80000055,12
2017,00-0028237,C.Hogan,NE,59,34,439,5,268,171,4.542372881,12.91176471,7.440677966,5.029411765,547,0.10786106,3,17,0,WR,109.6000011,9
2017,00-0028411,D.Inman,CHI,34,20,249,1,230,19,6.764705882,12.45,7.323529412,0.95,433,0.07852194,0,0,0,WR,50.90000117,8
2017,00-0028434,D.Baldwin,SEA,112,71,901,6,652,249,5.821428571,12.69014085,8.044642857,3.507042254,503,0.222664016,2,-8,0,WR,198.3000021,15
2017,00-0028497,K.Aiken,IND,43,14,131,0,85,46,1.976744186,9.357142857,3.046511628,3.285714286,449,0.095768374,0,0,0,WR,27.10000086,8
2017,00-0028825,T.Pryor,WAS,37,20,240,1,182,58,4.918918919,12,6.486486486,2.9,497,0.07444668,0,0,0,WR,49.99999976,7
2017,00-0029000,C.Beasley,DAL,63,36,314,4,189,125,3,8.722222222,4.984126984,3.472222222,458,0.137554585,0,0,0,WR,91.40000021,15
2017,00-0029137,A.Jeffery,PHI,120,56,781,9,580,201,4.833333333,13.94642857,6.508333333,3.589285714,526,0.228136882,0,0,0,WR,192.1000028,14
2017,00-0029159,J.Kearse,NYJ,96,60,751,5,499,252,5.197916667,12.51666667,7.822916667,4.2,462,0.207792208,0,0,0,WR,165.1000013,15
2017,00-0029269,T.Benjamin,LAC,60,30,471,3,298,173,4.966666667,15.7,7.85,5.766666667,538,0.111524164,11,92,0,WR,104.3000017,14
2017,00-0029293,M.Jones,DET,98,54,970,8,803,167,8.193877551,17.96296296,9.897959184,3.092592593,539,0.181818182,0,0,0,WR,199.0000032,14
2017,00-0029319,J.Bellamy,CHI,41,23,346,1,256,90,6.243902439,15.04347826,8.43902439,3.913043478,433,0.094688222,0,0,0,WR,63.60000098,8
2017,00-0029388,D.Thompson,BUF,66,36,532,2,434,98,6.575757576,14.77777778,8.060606061,2.722222222,441,0.149659864,2,-5,0,WR,100.7000015,14
2017,00-0029580,R.Matthews,TEN,85,52,788,4,520,268,6.117647059,15.15384615,9.270588235,5.153846154,463,0.183585313,1,-3,0,WR,154.500002,13
2017,00-0029608,T.Hilton,IND,103,54,952,4,656,296,6.368932039,17.62962963,9.242718447,5.481481481,449,0.229398664,0,0,0,WR,173.2000014,15
2017,00-0029632,M.Sanu,ATL,85,60,632,5,442,190,5.2,10.53333333,7.435294118,3.166666667,475,0.178947368,3,10,0,WR,160.2400018,14
2017,00-0029664,J.Gordon,CLE,35,14,220,1,143,77,4.085714286,15.71428571,6.285714286,5.5,536,0.065298507,0,0,0,WR,42.00000095,4
2017,00-0029708,K.Wright,CHI,84,54,585,1,423,162,5.035714286,10.83333333,6.964285714,3,433,0.193995381,0,0,0,WR,118.5000021,13
2017,00-0030035,A.Thielen,MIN,135,85,1215,4,788,427,5.837037037,14.29411765,9,5.023529412,494,0.273279352,1,11,0,WR,231.600003,15
2017,00-0030068,M.Goodwin,SF,101,54,934,1,749,185,7.415841584,17.2962963,9.247524752,3.425925926,567,0.178130511,3,34,0,WR,156.8000031,14
2017,00-0030085,K.Stills,MIA,98,55,813,6,659,154,6.724489796,14.78181818,8.295918367,2.8,545,0.179816514,0,0,0,WR,172.3000025,15
2017,00-0030091,T.King,NYG,37,18,240,3,162,78,4.378378378,13.33333333,6.486486486,4.333333333,576,0.064236111,2,3,0,WR,60.30000168,8
2017,00-0030147,R.Shepard,CAR,32,17,202,1,96,106,3,11.88235294,6.3125,6.235294118,461,0.069414317,2,19,0,WR,45.10000116,11
2017,00-0030279,K.Allen,LAC,147,93,1260,5,818,442,5.56462585,13.5483871,8.571428571,4.752688172,538,0.273234201,2,9,0,WR,249.9000041,15
2017,00-0030300,Ja.Brown,ARI,64,30,452,3,361,91,5.640625,15.06666667,7.0625,3.033333333,561,0.114081996,0,0,0,WR,93.20000172,13
2017,00-0030431,R.Woods,LAR,85,56,781,5,477,304,5.611764706,13.94642857,9.188235294,5.428571429,0,0,2,12,0,WR,165.3000037,12
2017,00-0030542,T.Williams,DAL,76,51,563,0,334,229,4.394736842,11.03921569,7.407894737,4.490196078,458,0.165938865,1,6,0,WR,107.9000005,14
2017,00-0030564,D.Hopkins,HOU,174,96,1378,13,1019,359,5.856321839,14.35416667,7.91954023,3.739583333,495,0.351515152,0,0,0,WR,311.8000026,15
2017,00-0030578,C.Patterson,OAK,41,30,301,0,123,178,3,10.03333333,7.341463415,5.933333333,0,0,13,121,2,WR,84.20000186,13
2017,00-0030669,A.Wilson,KC,51,32,407,3,174,233,3.411764706,12.71875,7.980392157,7.28125,494,0.103238866,3,6,0,WR,91.30000055,11
2017,00-0030670,B.Fowler,DEN,50,25,294,3,200,94,4,11.76,5.88,3.76,524,0.095419847,0,0,0,WR,72.40000045,10
2017,00-0030801,B.Coleman,NO,36,23,364,3,221,143,6.138888889,15.82608696,10.11111111,6.217391304,499,0.072144289,0,0,0,WR,77.40000141,13
2017,00-0030821,A.Hurns,JAX,52,36,446,2,290,156,5.576923077,12.38888889,8.576923077,4.333333333,487,0.106776181,0,0,0,WR,92.60000157,9
2017,00-0031051,J.Brown,ARI,52,21,299,3,240,59,4.615384615,14.23809524,5.75,2.80952381,561,0.092691622,1,10,0,WR,69.90000176,9
2017,00-0031068,R.Grant,WAS,60,43,550,4,333,217,5.55,12.79069767,9.166666667,5.046511628,497,0.120724346,0,0,0,WR,122.0000017,15
2017,00-0031166,S.Roberts,OAK,59,38,407,1,332,75,5.627118644,10.71052632,6.898305085,1.973684211,0,0,0,0,0,WR,84.70000023,13
2017,00-0031189,T.Jones,DET,50,30,399,1,322,77,6.44,13.3,7.98,2.566666667,539,0.092764378,0,0,0,WR,77.90000051,11
2017,00-0031228,T.Gabriel,ATL,50,33,378,1,161,217,3.22,11.45454545,7.56,6.575757576,475,0.105263158,8,49,0,WR,81.7000013,14
2017,00-0031235,O.Beckham,NYG,42,25,302,3,237,65,5.642857143,12.08,7.19047619,2.6,576,0.072916667,1,8,0,WR,74.00000125,4
2017,00-0031236,B.Cooks,NE,104,60,1003,6,792,211,7.615384615,16.71666667,9.644230769,3.516666667,547,0.190127971,6,32,0,WR,201.500004,15
2017,00-0031257,P.Richardson,SEA,79,44,703,6,578,125,7.316455696,15.97727273,8.898734177,2.840909091,503,0.157057654,0,0,0,WR,150.3000021,15
2017,00-0031299,J.Matthews,BUF,36,25,282,1,158,124,4.388888889,11.28,7.833333333,4.96,441,0.081632653,0,0,0,WR,59.20000076,10
2017,00-0031325,S.Watkins,LAR,70,39,593,8,408,185,5.828571429,15.20512821,8.471428571,4.743589744,0,0,0,0,0,WR,146.3000027,14
2017,00-0031326,B.Ellington,HOU,58,29,330,2,194,136,3.344827586,11.37931034,5.689655172,4.689655172,495,0.117171717,3,17,0,WR,75.7000009,10
2017,00-0031339,D.Moncrief,IND,47,26,391,2,312,79,6.638297872,15.03846154,8.319148936,3.038461538,449,0.10467706,0,0,0,WR,77.1000005,11
2017,00-0031344,C.Latimer,DEN,32,19,287,2,223,64,6.96875,15.10526316,8.96875,3.368421053,524,0.061068702,0,0,0,WR,61.70000017,9
2017,00-0031359,K.Benjamin,CAR,74,45,644,3,505,139,6.824324324,14.31111111,8.702702703,3.088888889,461,0.160520607,0,0,0,WR,127.400002,13
2017,00-0031373,M.Bryant,PIT,78,44,538,3,388,150,4.974358974,12.22727273,6.897435897,3.409090909,560,0.139285714,6,22,0,WR,120.0000015,14
2017,00-0031381,D.Adams,GB,118,74,885,10,547,338,4.63559322,11.95945946,7.5,4.567567568,525,0.224761905,0,0,0,WR,222.5000017,14
2017,00-0031382,J.Landry,MIA,151,103,895,8,458,437,3.033112583,8.689320388,5.927152318,4.242718447,545,0.27706422,1,-7,0,WR,239.8000018,15
2017,00-0031408,M.Evans,TB,124,66,949,5,813,136,6.556451613,14.37878788,7.653225806,2.060606061,549,0.225865209,0,0,0,WR,190.9000021,14
2017,00-0031431,M.Lee,JAX,97,56,702,3,413,289,4.257731959,12.53571429,7.237113402,5.160714286,487,0.199178645,1,17,0,WR,147.9000024,12
2017,00-0031544,A.Cooper,OAK,90,45,565,6,324,241,3.6,12.55555556,6.277777778,5.355555556,0,0,1,4,0,WR,137.9000019,12
2017,00-0031547,D.Parker,MIA,89,51,606,1,429,177,4.820224719,11.88235294,6.808988764,3.470588235,545,0.163302752,0,0,0,WR,117.6000032,12
2017,00-0031549,N.Agholor,PHI,92,59,757,8,468,289,5.086956522,12.83050847,8.22826087,4.898305085,526,0.174904943,0,0,0,WR,182.7000013,15
2017,00-0031588,S.Diggs,MIN,89,58,784,7,520,264,5.842696629,13.51724138,8.808988764,4.551724138,494,0.180161943,7,21,0,WR,180.5000009,13
2017,00-0031782,E.Rogers,PIT,35,17,148,1,70,78,2,8.705882353,4.228571429,4.588235294,560,0.0625,0,0,0,WR,37.79999995,9
2017,00-0031941,J.Crowder,WAS,96,63,764,3,395,369,4.114583333,12.12698413,7.958333333,5.857142857,497,0.193158954,6,35,0,WR,160.9000019,14
2017,00-0032009,A.Humphries,TB,72,54,529,1,279,250,3.875,9.796296296,7.347222222,4.62962963,549,0.131147541,1,6,0,WR,113.5000017,15
2017,00-0032054,B.Perriman,BAL,35,10,77,0,72,5,2.057142857,7.7,2.2,0.5,516,0.067829457,0,0,0,WR,17.70000041,6
2017,00-0032055,D.Funchess,CAR,106,61,792,7,500,292,4.716981132,12.98360656,7.471698113,4.786885246,461,0.229934924,0,0,0,WR,182.200002,15
2017,00-0032112,J.Nelson,ARI,60,28,490,2,431,59,7.183333333,17.5,8.166666667,2.107142857,561,0.106951872,3,37,0,WR,92.70000118,13
2017,00-0032160,Ty.Williams,LAC,65,40,661,3,362,299,5.569230769,16.525,10.16923077,7.475,538,0.120817844,0,0,0,WR,124.1000011,15
2017,00-0032211,T.Lockett,SEA,67,42,530,2,344,186,5.134328358,12.61904762,7.910447761,4.428571429,503,0.133200795,10,58,0,WR,112.8000001,15
2017,00-0032355,C.Rogers,IND,33,21,245,1,141,104,4.272727273,11.66666667,7.424242424,4.952380952,449,0.073496659,3,8,0,WR,52.30000083,9
2017,00-0032385,S.Shepard,NYG,84,59,731,2,436,295,5.19047619,12.38983051,8.702380952,5,576,0.145833333,4,4,0,WR,144.500003,11
2017,00-0032398,C.Moore,BAL,35,17,242,2,201,41,5.742857143,14.23529412,6.914285714,2.411764706,516,0.067829457,2,-9,0,WR,52.30000028,7
2017,00-0032626,G.Allison,GB,36,21,238,0,128,110,3.555555556,11.33333333,6.611111111,5.238095238,525,0.068571429,0,0,0,WR,44.80000138,7
2017,00-0032659,R.Lewis,NYG,72,36,416,2,340,76,4.722222222,11.55555556,5.777777778,2.111111111,576,0.125,0,0,0,WR,89.59999985,14
2017,00-0032688,R.Anderson,NYJ,112,62,939,7,667,272,5.955357143,15.14516129,8.383928571,4.387096774,462,0.242424242,2,8,0,WR,198.6999998,15
2017,00-0032760,J.Doctson,WAS,68,31,465,6,337,128,4.955882353,15,6.838235294,4.129032258,497,0.136820926,1,-14,0,WR,112.1000015,13
2017,00-0032765,M.Thomas,NO,141,98,1151,5,760,391,5.390070922,11.74489796,8.163120567,3.989795918,499,0.28256513,0,0,0,WR,243.1000031,15
2017,00-0032951,L.Treadwell,MIN,32,17,184,0,126,58,3.9375,10.82352941,5.75,3.411764706,494,0.064777328,0,0,0,WR,35.40000045,9
2017,00-0032966,C.Coleman,CLE,52,22,287,2,229,58,4.403846154,13.04545455,5.519230769,2.636363636,536,0.097014925,0,0,0,WR,62.70000076,7
2017,00-0032977,R.Higgins,CLE,46,24,244,0,149,95,3.239130435,10.16666667,5.304347826,3.958333333,536,0.085820896,1,4,0,WR,48.80000034,10
2017,00-0033040,T.Hill,KC,105,75,1183,7,728,455,6.933333333,15.77333333,11.26666667,6.066666667,494,0.212550607,17,59,0,WR,239.2000017,15
2017,00-0033079,R.Louis,CLE,59,27,357,0,275,82,4.661016949,13.22222222,6.050847458,3.037037037,536,0.110074627,0,0,0,WR,62.70000064,11
2017,00-0033127,W.Fuller V,HOU,49,26,406,7,310,96,6.326530612,15.61538462,8.285714286,3.692307692,495,0.098989899,2,9,0,WR,109.5000005,9
2017,00-0033292,T.Taylor,SF,59,41,401,2,222,179,3.762711864,9.780487805,6.796610169,4.365853659,567,0.104056437,0,0,0,WR,93.10000134,14
2017,00-0033681,K.Cole,JAX,75,38,715,3,419,296,5.586666667,18.81578947,9.533333333,7.789473684,487,0.154004107,0,0,0,WR,127.5000024,14
2017,00-0033839,D.Westbrook,JAX,42,26,330,1,235,95,5.595238095,12.69230769,7.857142857,3.653846154,487,0.0862423,0,0,0,WR,65.00000083,6
2017,00-0033857,J.Smith-Schuster,PIT,69,49,774,6,379,395,5.492753623,15.79591837,11.2173913,8.06122449,560,0.123214286,0,0,0,WR,162.4000036,12
2017,00-0033871,C.Davis,TEN,63,34,375,0,274,101,4.349206349,11.02941176,5.952380952,2.970588235,463,0.136069114,0,0,0,WR,71.50000048,10
2017,00-0033891,Z.Jones,BUF,71,25,291,2,247,44,3.478873239,11.64,4.098591549,1.76,441,0.160997732,0,0,0,WR,66.10000169,10
2017,00-0033908,C.Kupp,LAR,94,62,869,5,505,364,5.372340426,14.01612903,9.244680851,5.870967742,0,0,0,0,0,WR,178.9000021,15
2017,00-0033921,C.Godwin,TB,43,27,414,0,274,140,6.372093023,15.33333333,9.627906977,5.185185185,549,0.078324226,0,0,0,WR,68.40000129,13
2017,00-0033932,K.Golladay,DET,46,26,397,2,247,150,5.369565217,15.26923077,8.630434783,5.769230769,539,0.085343228,1,9,0,WR,78.60000139,10
2018,00-0022921,L.Fitzgerald,ARI,104,65,698,5,496,202,4.769230769,10.73846154,6.711538462,3.107692308,442,0.235294118,0,0,0,WR,172.0800011,15
2018,00-0025396,T.Ginn,NO,31,17,209,2,161,48,5.193548387,12.29411765,6.741935484,2.823529412,492,0.06300813,3,26,0,WR,54.50000075,5
2018,00-0026035,D.Amendola,MIA,74,55,549,1,335,214,4.527027027,9.981818182,7.418918919,3.890909091,406,0.18226601,1,-2,0,WR,120.8200016,14
2018,00-0026176,J.Nelson,OAK,77,54,661,3,443,218,5.753246753,12.24074074,8.584415584,4.037037037,0,0,1,-2,0,WR,139.9000006,13
2018,00-0026189,D.Jackson,TB,74,41,774,4,593,181,8.013513514,18.87804878,10.45945946,4.414634146,589,0.125636672,6,29,1,WR,151.3000025,12
2018,00-0026345,P.Garcon,SF,47,24,286,1,188,98,4,11.91666667,6.085106383,4.083333333,485,0.096907216,0,0,0,WR,58.60000038,8
2018,00-0026986,M.Crabtree,BAL,98,52,587,3,473,114,4.826530612,11.28846154,5.989795918,2.192307692,518,0.189189189,0,0,0,WR,128.700002,14
2018,00-0027150,J.Edelman,NE,102,69,781,5,454,327,4.450980392,11.31884058,7.656862745,4.739130435,525,0.194285714,7,83,0,WR,187.1200013,11
2018,00-0027685,E.Sanders,DEN,98,71,866,4,571,295,5.826530612,12.1971831,8.836734694,4.154929577,518,0.189189189,4,53,1,WR,198.0200024,12
2018,00-0027793,A.Brown,PIT,168,104,1297,15,812,485,4.833333333,12.47115385,7.720238095,4.663461538,636,0.264150943,0,0,0,WR,323.7000036,15
2018,00-0027874,De.Thomas,DEN,90,59,677,5,400,277,4.444444444,11.47457627,7.522222222,4.694915254,518,0.173745174,0,0,0,WR,156.7000018,14
2018,00-0027891,G.Tate,DET,108,70,756,4,350,406,3.240740741,10.8,7,5.8,531,0.203389831,4,34,0,WR,175.0000013,14
2018,00-0027942,A.Green,CIN,78,46,694,6,531,163,6.807692308,15.08695652,8.897435897,3.543478261,509,0.15324165,0,0,0,WR,151.4000021,9
2018,00-0027944,J.Jones,ATL,157,104,1539,7,1113,426,7.089171975,14.79807692,9.802547771,4.096153846,566,0.277385159,2,12,0,WR,301.1000048,15
2018,00-0027996,T.Smith,CAR,30,17,190,2,142,48,4.733333333,11.17647059,6.333333333,2.823529412,518,0.057915058,0,0,0,WR,50.0000006,6
2018,00-0028002,R.Cobb,GB,56,37,356,2,123,233,2.196428571,9.621621622,6.357142857,6.297297297,582,0.096219931,0,0,0,WR,84.60000038,8
2018,00-0028116,A.Robinson,MIN,31,17,231,5,189,42,6.096774194,13.58823529,7.451612903,2.470588235,566,0.054770318,0,0,0,WR,70.0999999,9
2018,00-0028237,C.Hogan,NE,44,29,468,3,297,171,6.75,16.13793103,10.63636364,5.896551724,525,0.083809524,0,0,0,WR,93.80000055,11
2018,00-0028411,D.Inman,IND,33,23,227,2,180,47,5.454545455,9.869565217,6.878787879,2.043478261,602,0.054817276,0,0,0,WR,57.70000005,6
2018,00-0028434,D.Baldwin,SEA,68,48,591,5,446,145,6.558823529,12.3125,8.691176471,3.020833333,381,0.17847769,0,0,0,WR,137.1000009,11
2018,00-0028825,T.Pryor,NYJ,31,16,252,2,190,62,6.129032258,15.75,8.129032258,3.875,478,0.064853556,1,-1,0,WR,53.10000028,6
2018,00-0029000,C.Beasley,DAL,81,59,578,2,394,184,4.864197531,9.796610169,7.135802469,3.118644068,474,0.170886076,0,0,0,WR,128.8000015,15
2018,00-0029137,A.Jeffery,PHI,87,60,781,5,523,258,6.011494253,13.01666667,8.977011494,4.3,559,0.155635063,0,0,0,WR,168.1000035,12
2018,00-0029159,J.Kearse,NYJ,76,37,371,1,246,125,3.236842105,10.02702703,4.881578947,3.378378378,478,0.158995816,0,0,0,WR,80.10000122,12
2018,00-0029293,M.Jones,DET,62,35,508,5,401,107,6.467741935,14.51428571,8.193548387,3.057142857,531,0.116760829,0,0,0,WR,115.8000004,9
2018,00-0029388,D.Thompson,DAL,30,17,161,0,123,38,4.1,9.470588235,5.366666667,2.235294118,474,0.063291139,0,0,0,WR,33.10000026,9
2018,00-0029572,J.Wright,CAR,57,41,427,1,241,186,4.228070175,10.41463415,7.49122807,4.536585366,518,0.11003861,2,39,0,WR,95.60000134,15
2018,00-0029608,T.Hilton,IND,114,74,1209,6,803,406,7.043859649,16.33783784,10.60526316,5.486486486,602,0.189368771,0,0,0,WR,230.9000025,13
2018,00-0029632,M.Sanu,ATL,86,59,748,4,410,338,4.76744186,12.6779661,8.697674419,5.728813559,566,0.151943463,6,42,0,WR,164.0000001,15
2018,00-0029664,J.Gordon,NE,71,41,737,4,473,264,6.661971831,17.97560976,10.38028169,6.43902439,525,0.135238095,0,0,0,WR,138.7000008,12
2018,00-0030035,A.Thielen,MIN,150,110,1335,9,926,409,6.173333333,12.13636364,8.9,3.718181818,566,0.265017668,4,31,0,WR,302.6000016,15
2018,00-0030068,M.Goodwin,SF,44,23,395,4,269,126,6.113636364,17.17391304,8.977272727,5.47826087,485,0.090721649,4,9,0,WR,87.40000239,10
2018,00-0030085,K.Stills,MIA,58,34,526,7,397,129,6.844827586,15.47058824,9.068965517,3.794117647,406,0.142857143,0,0,0,WR,130.6000005,14
2018,00-0030279,K.Allen,LAC,130,93,1132,6,757,375,5.823076923,12.17204301,8.707692308,4.032258065,489,0.265848671,9,75,0,WR,251.7000011,14
2018,00-0030431,R.Woods,LAR,127,84,1195,6,793,402,6.244094488,14.22619048,9.409448819,4.785714286,0,0,18,156,1,WR,261.1000041,15
2018,00-0030564,D.Hopkins,HOU,147,103,1425,11,1092,333,7.428571429,13.83495146,9.693877551,3.233009709,460,0.319565217,1,-7,0,WR,310.8000044,15
2018,00-0030663,W.Snead IV,BAL,87,57,577,0,335,242,3.850574713,10.12280702,6.632183908,4.245614035,518,0.167953668,1,13,0,WR,116.000002,12
2018,00-0030669,A.Wilson,MIA,35,26,391,4,56,335,1.6,15.03846154,11.17142857,12.88461538,406,0.086206897,8,16,0,WR,96.77999961,7
2018,00-0030821,A.Hurns,DAL,34,19,246,2,183,63,5.382352941,12.94736842,7.235294118,3.315789474,474,0.071729958,0,0,0,WR,55.60000134,11
2018,00-0031023,Q.Enunwa,NYJ,69,38,449,1,164,285,2.376811594,11.81578947,6.507246377,7.5,478,0.144351464,1,0,0,WR,88.90000045,10
2018,00-0031051,J.Brown,BAL,95,41,710,5,553,157,5.821052632,17.31707317,7.473684211,3.829268293,518,0.183397683,3,4,0,WR,142.4000013,14
2018,00-0031068,R.Grant,IND,50,34,330,1,238,92,4.76,9.705882353,6.6,2.705882353,602,0.083056478,0,0,0,WR,73.00000095,12
2018,00-0031166,S.Roberts,OAK,59,40,463,2,257,206,4.355932203,11.575,7.847457627,5.15,0,0,2,9,0,WR,99.20000105,14
2018,00-0031228,T.Gabriel,CHI,89,63,627,2,422,205,4.741573034,9.952380952,7.04494382,3.253968254,482,0.184647303,9,61,0,WR,143.8000022,14
2018,00-0031235,O.Beckham,NYG,125,77,1052,6,737,315,5.896,13.66233766,8.416,4.090909091,539,0.231910946,5,19,0,WR,232.3400025,12
2018,00-0031236,B.Cooks,LAR,108,75,1142,3,824,319,7.62962963,15.22666667,10.57407407,4.253333333,0,0,10,68,1,WR,220.0000033,14
2018,00-0031257,P.Richardson,WAS,35,20,262,2,216,46,6.171428571,13.1,7.485714286,2.3,465,0.075268817,2,9,0,WR,59.1000004,7
2018,00-0031325,S.Watkins,KC,55,40,519,3,281,238,5.109090909,12.975,9.436363636,5.95,538,0.102230483,5,52,0,WR,115.1000009,9
2018,00-0031326,B.Ellington,DET,42,31,224,1,116,108,2.761904762,7.225806452,5.333333333,3.483870968,531,0.079096045,1,2,0,WR,59.6000004,7
2018,00-0031339,D.Moncrief,JAX,86,46,651,3,417,234,4.848837209,14.15217391,7.569767442,5.086956522,498,0.172690763,0,0,0,WR,129.100003,13
2018,00-0031359,K.Benjamin,BUF,66,24,371,1,307,64,4.651515152,15.45833333,5.621212121,2.666666667,457,0.144420131,0,0,0,WR,67.10000002,12
2018,00-0031381,D.Adams,GB,170,111,1386,13,911,475,5.358823529,12.48648649,8.152941176,4.279279279,582,0.29209622,0,0,0,WR,329.6000012,15
2018,00-0031382,J.Landry,CLE,141,76,874,3,632,244,4.482269504,11.5,6.19858156,3.210526316,523,0.26959847,3,60,1,WR,195.9200026,15
2018,00-0031408,M.Evans,TB,131,80,1418,6,1181,237,9.015267176,17.725,10.82442748,2.9625,589,0.222410866,0,0,0,WR,257.8000042,15
2018,00-0031428,A.Robinson II,CHI,95,55,754,4,538,216,5.663157895,13.70909091,7.936842105,3.927272727,482,0.197095436,1,9,0,WR,155.300002,13
2018,00-0031544,A.Cooper,DAL,96,70,974,7,558,416,5.8125,13.91428571,10.14583333,5.942857143,474,0.202531646,2,20,0,WR,211.4000027,13
2018,00-0031547,D.Parker,MIA,44,24,306,1,215,91,4.886363636,12.75,6.954545455,3.791666667,406,0.108374384,0,0,0,WR,60.6000011,8
2018,00-0031549,N.Agholor,PHI,91,59,703,2,396,311,4.351648352,11.91525424,7.725274725,5.271186441,559,0.162790698,3,32,0,WR,145.1000017,14
2018,00-0031588,S.Diggs,MIN,140,94,974,8,555,419,3.964285714,10.36170213,6.957142857,4.457446809,566,0.247349823,10,62,0,WR,247.600003,14
2018,00-0031941,J.Crowder,WAS,41,28,381,2,179,202,4.365853659,13.60714286,9.292682927,7.214285714,465,0.088172043,4,30,0,WR,81.10000041,8
2018,00-0032009,A.Humphries,TB,99,71,750,5,346,404,3.494949495,10.56338028,7.575757576,5.690140845,589,0.168081494,2,11,0,WR,177.1000015,15
2018,00-0032055,D.Funchess,CAR,79,44,549,4,473,76,5.987341772,12.47727273,6.949367089,1.727272727,518,0.152509653,0,0,0,WR,122.9000013,12
2018,00-0032128,C.Conley,KC,49,32,334,5,194,140,3.959183673,10.4375,6.816326531,4.375,538,0.091078067,0,0,0,WR,95.40000105,14
2018,00-0032160,Ty.Williams,LAC,62,39,630,5,450,180,7.258064516,16.15384615,10.16129032,4.615384615,489,0.126789366,2,15,0,WR,133.5000012,14
2018,00-0032208,P.Dorsett,NE,37,27,256,2,171,85,4.621621622,9.481481481,6.918918919,3.148148148,525,0.07047619,2,13,0,WR,65.90000102,9
2018,00-0032211,T.Lockett,SEA,69,55,899,9,698,201,10.11594203,16.34545455,13.02898551,3.654545455,381,0.181102362,12,59,0,WR,206.8000026,15
2018,00-0032355,C.Rogers,IND,70,50,453,2,202,251,2.885714286,9.06,6.471428571,5.02,602,0.11627907,1,-4,0,WR,110.9000002,14
2018,00-0032362,M.Harris,WAS,47,28,304,0,204,100,4.340425532,10.85714286,6.468085106,3.571428571,465,0.101075269,2,10,0,WR,59.4000015,8
2018,00-0032385,S.Shepard,NYG,99,62,805,4,526,279,5.313131313,12.98387097,8.131313131,4.5,539,0.183673469,2,24,0,WR,170.9000017,15
2018,00-0032626,G.Allison,GB,30,20,303,2,197,106,6.566666667,15.15,10.1,5.3,582,0.051546392,0,0,0,WR,62.29999995,5
2018,00-0032688,R.Anderson,NYJ,86,47,728,6,557,171,6.476744186,15.4893617,8.465116279,3.638297872,478,0.179916318,2,-8,0,WR,155.0000015,13
2018,00-0032760,J.Doctson,WAS,74,42,499,2,370,129,5,11.88095238,6.743243243,3.071428571,465,0.159139785,0,0,0,WR,103.900001,12
2018,00-0032765,M.Thomas,NO,141,120,1376,9,869,507,6.163120567,11.46666667,9.758865248,4.225,492,0.286585366,0,0,0,WR,311.6000029,15
2018,00-0032775,D.Robinson,KC,31,21,199,3,130,69,4.193548387,9.476190476,6.419354839,3.285714286,538,0.057620818,0,0,0,WR,58.90000105,11
2018,00-0032778,T.Sharpe,TEN,46,26,316,2,233,83,5.065217391,12.15384615,6.869565217,3.192307692,397,0.115869018,1,16,0,WR,71.20000076,11
2018,00-0032791,J.Grant,MIA,34,21,268,2,128,140,3.764705882,12.76190476,7.882352941,6.666666667,406,0.083743842,1,5,0,WR,60.30000126,8
2018,00-0032951,L.Treadwell,MIN,51,34,295,1,175,120,3.431372549,8.676470588,5.784313725,3.529411765,566,0.090106007,0,0,0,WR,69.50000048,13
2018,00-0032977,R.Higgins,CLE,47,35,486,4,390,96,8.29787234,13.88571429,10.34042553,2.742857143,523,0.089866157,0,0,0,WR,107.6000001,12
2018,00-0033009,T.Boyd,CIN,108,76,1028,7,610,418,5.648148148,13.52631579,9.518518519,5.5,509,0.212180747,2,3,0,WR,221.100001,14
2018,00-0033040,T.Hill,KC,130,82,1378,11,901,477,6.930769231,16.80487805,10.6,5.817073171,538,0.241635688,21,136,0,WR,299.400002,15
2018,00-0033127,W.Fuller,HOU,45,32,503,4,337,166,7.488888889,15.71875,11.17777778,5.1875,460,0.097826087,0,0,0,WR,106.3000002,7
2018,00-0033251,Z.Pascal,IND,46,27,268,2,187,81,4.065217391,9.925925926,5.826086957,3,602,0.07641196,2,10,0,WR,66.80000068,11
2018,00-0033282,C.Samuel,CAR,61,37,422,4,323,99,5.295081967,11.40540541,6.918032787,2.675675676,518,0.117760618,8,84,2,WR,123.6000004,11
2018,00-0033292,T.Taylor,SF,36,23,198,1,108,90,3,8.608695652,5.5,3.913043478,485,0.074226804,0,0,0,WR,48.80000007,11
2018,00-0033307,K.Bourne,SF,61,37,428,3,299,129,4.901639344,11.56756757,7.016393443,3.486486486,485,0.125773196,0,0,0,WR,97.80000103,13
2018,00-0033375,T.Patrick,DEN,34,19,267,1,160,107,4.705882353,14.05263158,7.852941176,5.631578947,518,0.065637066,3,17,0,WR,53.40000075,7
2018,00-0033460,J.Ross,CIN,53,20,209,7,153,56,2.886792453,10.45,3.943396226,2.8,509,0.104125737,4,9,0,WR,83.79999937,11
2018,00-0033466,I.McKenzie,BUF,30,18,179,0,103,76,3.433333333,9.944444444,5.966666667,4.222222222,457,0.065645514,10,66,2,WR,54.50000019,6
2018,00-0033536,M.Williams,LAC,62,38,599,9,487,112,7.85483871,15.76315789,9.661290323,2.947368421,489,0.126789366,6,39,1,WR,163.800002,14
2018,00-0033562,R.Switzer,PIT,41,35,251,1,119,132,2.902439024,7.171428571,6.12195122,3.771428571,636,0.064465409,6,21,0,WR,68.20000091,14
2018,00-0033589,D.Moore,SEA,49,24,429,5,341,88,6.959183673,17.875,8.755102041,3.666666667,381,0.128608924,1,5,0,WR,97.40000045,10
2018,00-0033681,K.Cole,JAX,62,34,446,1,328,118,5.290322581,13.11764706,7.193548387,3.470588235,498,0.124497992,0,0,0,WR,84.60000074,10
2018,00-0033839,D.Westbrook,JAX,96,63,705,5,359,346,3.739583333,11.19047619,7.34375,5.492063492,498,0.192771084,9,98,0,WR,173.3000012,15
2018,00-0033857,J.Smith-Schuster,PIT,157,106,1346,6,775,571,4.936305732,12.69811321,8.573248408,5.386792453,636,0.246855346,1,13,0,WR,279.9000043,15
2018,00-0033871,C.Davis,TEN,105,60,843,4,594,249,5.657142857,14.05,8.028571429,4.15,397,0.264483627,6,55,0,WR,173.8000021,15
2018,00-0033891,Z.Jones,BUF,94,50,559,5,451,108,4.79787234,11.18,5.946808511,2.16,457,0.205689278,1,0,0,WR,137.9000022,14
2018,00-0033908,C.Kupp,LAR,55,40,566,6,263,303,4.781818182,14.15,10.29090909,7.575,0,0,4,25,0,WR,135.1000003,8
2018,00-0033911,T.Taylor,TEN,51,35,458,1,312,146,6.117647059,13.08571429,8.980392157,4.171428571,397,0.128463476,0,0,0,WR,86.80000103,11
2018,00-0033921,C.Godwin,TB,87,53,728,5,505,223,5.804597701,13.73584906,8.367816092,4.20754717,589,0.14770798,0,0,0,WR,157.8000019,14
2018,00-0033932,K.Golladay,DET,122,70,1063,5,713,350,5.844262295,15.18571429,8.713114754,5,531,0.229755179,1,8,0,WR,207.1000021,15
2018,00-0033933,C.Williams,ARI,35,12,120,1,114,6,3.257142857,10,3.428571429,0.5,442,0.07918552,0,0,0,WR,30.00000012,7
2018,00-0033943,J.Reynolds,LAR,46,25,347,3,226,121,4.913043478,13.88,7.543478261,4.84,0,0,2,8,0,WR,78.50000082,9
2018,00-0034272,M.Valdes-Scantling,GB,66,35,538,2,332,206,5.03030303,15.37142857,8.151515152,5.885714286,582,0.113402062,2,29,0,WR,103.7000014,13
2018,00-0034279,E.St. Brown,GB,36,21,328,0,208,120,5.777777778,15.61904762,9.111111111,5.714285714,582,0.06185567,1,5,0,WR,54.30000067,10
2018,00-0034348,C.Sutton,DEN,81,41,679,4,519,160,6.407407407,16.56097561,8.382716049,3.902439024,518,0.156370656,1,-1,0,WR,132.8000021,15
2018,00-0034353,A.Miller,CHI,54,33,423,7,253,170,4.685185185,12.81818182,7.833333333,5.151515152,482,0.112033195,4,19,0,WR,119.5200006,12
2018,00-0034366,K.Coutee,HOU,41,28,287,1,77,210,1.87804878,10.25,7,7.5,460,0.089130435,3,0,0,WR,62.70000066,6
2018,00-0034370,D.Hamilton,DEN,38,25,194,2,138,56,3.631578947,7.76,5.105263158,2.24,518,0.073359073,0,0,0,WR,56.40000075,6
2018,00-0034510,R.Foster,BUF,39,23,520,2,362,158,9.282051282,22.60869565,13.33333333,6.869565217,457,0.085339168,0,0,0,WR,87.00000203,7
2018,00-0034676,J.Washington,PIT,35,13,153,1,114,39,3.257142857,11.76923077,4.371428571,3,636,0.055031447,0,0,0,WR,34.29999983,7
2018,00-0034764,M.Gallup,DAL,62,30,457,2,312,145,5.032258065,15.23333333,7.370967742,4.833333333,474,0.130801688,0,0,0,WR,87.70000088,14
2018,00-0034765,T.Smith,NO,40,25,397,4,296,101,7.4,15.88,9.925,4.04,492,0.081300813,0,0,0,WR,88.70000207,8
2018,00-0034772,A.Callaway,CLE,75,39,507,4,277,230,3.693333333,13,6.76,5.897435897,523,0.143403442,2,7,0,WR,116.4000022,13
2018,00-0034775,C.Kirk,ARI,69,43,590,3,365,225,5.289855072,13.72093023,8.550724638,5.23255814,442,0.156108597,3,35,0,WR,123.5000004,12
2018,00-0034777,D.Chark,JAX,30,14,174,0,129,45,4.3,12.42857143,5.8,3.214285714,498,0.060240964,0,0,0,WR,31.40000045,6
2018,00-0034827,D.Moore,CAR,74,51,707,2,303,404,4.094594595,13.8627451,9.554054054,7.921568627,518,0.142857143,13,172,0,WR,150.9000019,15
2018,00-0034837,C.Ridley,ATL,87,59,789,9,441,348,5.068965517,13.37288136,9.068965517,5.898305085,566,0.153710247,6,27,0,WR,194.6000022,14
2018,00-0034860,D.Pettis,SF,45,27,467,5,262,205,5.822222222,17.2962963,10.37777778,7.592592593,485,0.092783505,1,-2,0,WR,103.5000005,8
2019,00-0022921,L.Fitzgerald,ARI,102,71,759,4,444,315,4.352941176,10.69014085,7.441176471,4.436619718,493,0.206896552,0,0,0,WR,170.9000005,15
2019,00-0025396,T.Ginn,NO,54,29,411,2,364,47,6.740740741,14.17241379,7.611111111,1.620689655,531,0.101694915,3,18,0,WR,83.90000019,12
2019,00-0026035,D.Amendola,DET,93,60,662,1,455,207,4.892473118,11.03333333,7.11827957,3.45,523,0.177820268,0,0,0,WR,132.2000018,13
2019,00-0027150,J.Edelman,NE,147,97,1091,6,763,328,5.19047619,11.24742268,7.421768707,3.381443299,560,0.2625,8,27,0,WR,252.6800027,15
2019,00-0027685,E.Sanders,SF,94,63,844,5,607,237,6.457446809,13.3968254,8.978723404,3.761904762,447,0.210290828,0,0,0,WR,184.8000016,16
2019,00-0027874,D.Thomas,NYJ,58,36,433,1,263,170,4.534482759,12.02777778,7.465517241,4.722222222,463,0.125269978,0,0,0,WR,85.30000019,11
2019,00-0027891,G.Tate,NYG,77,44,602,5,322,280,4.181818182,13.68181818,7.818181818,6.363636364,545,0.141284404,1,16,0,WR,135.8000015,10
2019,00-0027944,J.Jones,ATL,145,92,1316,6,996,320,6.868965517,14.30434783,9.075862069,3.47826087,614,0.236156352,2,-3,0,WR,259.3000026,14
2019,00-0028002,R.Cobb,DAL,77,50,747,3,466,281,6.051948052,14.94,9.701298701,5.62,546,0.141025641,3,11,0,WR,143.8000013,14
2019,00-0029000,C.Beasley,BUF,108,67,778,6,448,330,4.148148148,11.6119403,7.203703704,4.925373134,448,0.241071429,0,0,0,WR,184.8000013,15
2019,00-0029137,A.Jeffery,PHI,74,43,490,4,374,116,5.054054054,11.39534884,6.621621622,2.697674419,566,0.130742049,1,2,1,WR,122.2000003,8
2019,00-0029293,M.Jones,DET,70,53,677,8,584,93,8.342857143,12.77358491,9.671428571,1.754716981,523,0.133843212,2,0,0,WR,168.7000022,11
2019,00-0029572,J.Wright,CAR,53,26,286,0,202,84,3.811320755,11,5.396226415,3.230769231,553,0.095840868,1,-7,0,WR,53.90000111,15
2019,00-0029608,T.Hilton,IND,65,42,429,5,278,151,4.276923077,10.21428571,6.6,3.595238095,466,0.139484979,0,0,0,WR,114.9000005,9
2019,00-0029632,M.Sanu,ATL,71,51,448,2,272,176,3.830985915,8.784313725,6.309859155,3.450980392,614,0.115635179,3,11,0,WR,108.8999999,12
2019,00-0029664,J.Gordon,NE,47,27,426,1,277,149,5.893617021,15.77777778,9.063829787,5.518518519,560,0.083928571,1,1,0,WR,73.70000146,11
2019,00-0030035,A.Thielen,MIN,48,30,418,6,301,117,6.270833333,13.93333333,8.708333333,3.9,425,0.112941176,4,6,1,WR,114.4000007,9
2019,00-0030085,K.Stills,HOU,55,40,561,4,417,144,7.581818182,14.025,10.2,3.6,487,0.112936345,0,0,0,WR,120.1000011,13
2019,00-0030279,K.Allen,LAC,139,95,1117,5,773,344,5.561151079,11.75789474,8.035971223,3.621052632,533,0.260787992,3,16,0,WR,238.300002,15
2019,00-0030431,R.Woods,LAR,127,83,1067,1,516,551,4.062992126,12.85542169,8.401574803,6.638554217,0,0,16,106,1,WR,212.3000032,14
2019,00-0030564,D.Hopkins,HOU,151,104,1165,7,778,387,5.152317881,11.20192308,7.715231788,3.721153846,487,0.310061602,2,18,0,WR,268.5400037,15
2019,00-0030669,A.Wilson,MIA,54,38,292,1,125,167,2.314814815,7.684210526,5.407407407,4.394736842,565,0.095575221,5,45,0,WR,77.70000143,12
2019,00-0030670,B.Fowler,NYG,37,23,193,0,164,29,4.432432432,8.391304348,5.216216216,1.260869565,545,0.067889908,1,20,0,WR,46.30000019,8
2019,00-0030821,A.Hurns,MIA,48,32,416,2,320,96,6.666666667,13,8.666666667,3,565,0.084955752,0,0,0,WR,85.60000098,14
2019,00-0031051,J.Brown,BUF,115,72,1060,6,850,210,7.391304348,14.72222222,9.217391304,2.916666667,448,0.256696429,2,7,0,WR,219.8200017,15
2019,00-0031166,S.Roberts,BAL,34,21,271,2,201,70,5.911764706,12.9047619,7.970588235,3.333333333,405,0.083950617,0,0,0,WR,60.1000005,11
2019,00-0031228,T.Gabriel,CHI,48,29,353,4,274,79,5.708333333,12.17241379,7.354166667,2.724137931,532,0.090225564,3,20,0,WR,90.30000099,9
2019,00-0031235,O.Beckham,CLE,127,71,954,3,637,317,5.015748031,13.43661972,7.511811024,4.464788732,495,0.256565657,3,10,0,WR,186.2000031,15
2019,00-0031236,B.Cooks,LAR,68,39,543,2,381,162,5.602941176,13.92307692,7.985294118,4.153846154,0,0,6,52,0,WR,110.5000011,11
2019,00-0031257,P.Richardson,WAS,42,28,245,2,195,50,4.642857143,8.75,5.833333333,1.785714286,434,0.096774194,1,0,0,WR,64.50000119,8
2019,00-0031325,S.Watkins,KC,89,51,665,3,368,297,4.134831461,13.03921569,7.471910112,5.823529412,535,0.16635514,2,12,0,WR,138.7000009,11
2019,00-0031344,C.Latimer,NYG,39,22,288,2,224,64,5.743589744,13.09090909,7.384615385,2.909090909,545,0.071559633,0,0,0,WR,62.8000015,9
2019,00-0031381,D.Adams,GB,115,76,904,4,532,372,4.626086957,11.89473684,7.860869565,4.894736842,490,0.234693878,0,0,0,WR,192.4000019,11
2019,00-0031382,J.Landry,CLE,132,81,1092,5,675,417,5.113636364,13.48148148,8.272727273,5.148148148,495,0.266666667,1,10,0,WR,221.2000025,15
2019,00-0031408,M.Evans,TB,119,67,1157,8,896,261,7.529411765,17.26865672,9.722689076,3.895522388,587,0.202725724,0,0,0,WR,232.7000036,12
2019,00-0031428,A.Robinson,CHI,142,89,1076,7,822,254,5.788732394,12.08988764,7.577464789,2.853932584,532,0.266917293,0,0,0,WR,238.6000037,15
2019,00-0031544,A.Cooper,DAL,114,75,1097,8,876,221,7.684210526,14.62666667,9.622807018,2.946666667,546,0.208791209,0,0,0,WR,232.7000017,14
2019,00-0031547,D.Parker,MIA,117,64,1065,9,839,226,7.170940171,16.640625,9.102564103,3.53125,565,0.207079646,0,0,0,WR,224.5000011,14
2019,00-0031549,N.Agholor,PHI,69,39,363,3,231,132,3.347826087,9.307692308,5.260869565,3.384615385,566,0.121908127,2,7,0,WR,94.00000054,10
2019,00-0031588,S.Diggs,MIN,95,63,1126,6,828,298,8.715789474,17.87301587,11.85263158,4.73015873,425,0.223529412,5,61,0,WR,217.7000029,15
2019,00-0031868,D.Byrd,ARI,38,25,285,0,164,121,4.315789474,11.4,7.5,4.84,493,0.077079108,0,0,0,WR,53.50000066,9
2019,00-0031941,J.Crowder,NYJ,112,70,767,5,441,326,3.9375,10.95714286,6.848214286,4.657142857,463,0.241900648,1,4,0,WR,177.1000012,15
2019,00-0032009,A.Humphries,TEN,48,37,374,2,254,120,5.291666667,10.10810811,7.791666667,3.243243243,408,0.117647059,1,1,0,WR,86.50000105,12
2019,00-0032054,B.Perriman,TB,62,31,511,5,401,110,6.467741935,16.48387097,8.241935484,3.548387097,587,0.105621806,2,16,0,WR,113.7000008,10
2019,00-0032128,C.Conley,JAX,87,44,737,5,506,231,5.816091954,16.75,8.471264368,5.25,531,0.163841808,0,0,0,WR,149.7000035,14
2019,00-0032160,T.Williams,OAK,64,42,651,6,461,190,7.203125,15.5,10.171875,4.523809524,0,0,0,0,0,WR,143.1000024,13
2019,00-0032208,P.Dorsett,NE,51,28,347,5,280,67,5.490196078,12.39285714,6.803921569,2.392857143,560,0.091071429,3,21,0,WR,94.80000103,9
2019,00-0032211,T.Lockett,SEA,103,76,1006,7,723,283,7.019417476,13.23684211,9.766990291,3.723684211,458,0.22489083,4,-5,0,WR,218.1000012,14
2019,00-0032385,S.Shepard,NYG,74,52,537,3,362,175,4.891891892,10.32692308,7.256756757,3.365384615,545,0.135779817,6,72,0,WR,132.9000015,9
2019,00-0032543,A.Erickson,CIN,74,42,513,0,296,217,4,12.21428571,6.932432432,5.166666667,564,0.131205674,4,28,0,WR,97.14000195,14
2019,00-0032626,G.Allison,GB,52,31,270,2,166,104,3.192307692,8.709677419,5.192307692,3.35483871,490,0.106122449,1,7,0,WR,72.69999999,14
2019,00-0032688,Ro.Anderson,NYJ,90,49,761,5,572,189,6.355555556,15.53061224,8.455555556,3.857142857,463,0.194384449,1,4,0,WR,157.5000031,15
2019,00-0032765,M.Thomas,NO,176,145,1688,9,1123,565,6.380681818,11.64137931,9.590909091,3.896551724,531,0.331450094,1,-9,0,WR,366.9000044,15
2019,00-0032775,D.Robinson,KC,53,31,425,3,322,103,6.075471698,13.70967742,8.018867925,3.322580645,535,0.099065421,0,0,0,WR,91.50000036,12
2019,00-0032778,T.Sharpe,TEN,33,24,316,4,258,58,7.818181818,13.16666667,9.575757576,2.416666667,408,0.080882353,0,0,0,WR,79.60000074,10
2019,00-0032791,J.Grant,MIA,33,19,164,0,77,87,2.333333333,8.631578947,4.96969697,4.578947368,565,0.05840708,4,5,1,WR,41.90000008,8
2019,00-0033009,T.Boyd,CIN,141,85,987,5,659,328,4.673758865,11.61176471,7,3.858823529,564,0.25,4,23,0,WR,216.0000024,15
2019,00-0033040,T.Hill,KC,84,54,799,7,533,266,6.345238095,14.7962963,9.511904762,4.925925926,535,0.157009346,8,23,0,WR,178.2000033,10
2019,00-0033111,P.Cooper,ARI,31,24,219,1,149,70,4.806451613,9.125,7.064516129,2.916666667,493,0.062880325,1,2,0,WR,52.10000058,10
2019,00-0033127,W.Fuller,HOU,71,49,670,3,451,219,6.352112676,13.67346939,9.436619718,4.469387755,487,0.145790554,0,0,0,WR,134.0000005,11
2019,00-0033251,Z.Pascal,IND,70,40,597,5,362,235,5.171428571,14.925,8.528571429,5.875,466,0.150214592,1,12,0,WR,132.9000014,12
2019,00-0033282,C.Samuel,CAR,101,52,614,6,466,148,4.613861386,11.80769231,6.079207921,2.846153846,553,0.182640145,19,130,1,WR,168.4000017,15
2019,00-0033307,K.Bourne,SF,45,30,358,5,236,122,5.244444444,11.93333333,7.955555556,4.066666667,447,0.100671141,0,0,0,WR,97.79999983,15
2019,00-0033460,J.Ross III,CIN,48,24,436,3,269,167,5.604166667,18.16666667,9.083333333,6.958333333,564,0.085106383,2,6,0,WR,86.20000086,6
2019,00-0033466,I.McKenzie,BUF,34,25,247,1,41,206,1.205882353,9.88,7.264705882,8.24,448,0.075892857,6,19,0,WR,57.59999987,11
2019,00-0033536,M.Williams,LAC,85,47,963,2,781,182,9.188235294,20.4893617,11.32941176,3.872340426,533,0.159474672,1,2,0,WR,155.5000017,14
2019,00-0033589,D.Moore,SEA,32,15,271,2,159,112,4.96875,18.06666667,8.46875,7.466666667,458,0.069868996,3,25,0,WR,56.60000072,11
2019,00-0033681,K.Cole,JAX,32,21,294,2,200,94,6.25,14,9.1875,4.476190476,531,0.060263653,1,6,0,WR,63.00000072,10
2019,00-0033733,G.Ward,PHI,33,22,211,1,118,93,3.575757576,9.590909091,6.393939394,4.227272727,566,0.058303887,1,5,0,WR,49.60000145,5
2019,00-0033839,D.Westbrook,JAX,94,59,588,2,304,284,3.234042553,9.966101695,6.255319149,4.813559322,531,0.177024482,5,27,0,WR,134.5000006,13
2019,00-0033857,J.Smith-Schuster,PIT,65,40,546,3,340,206,5.230769231,13.65,8.4,5.15,466,0.139484979,0,0,0,WR,112.6000021,11
2019,00-0033871,C.Davis,TEN,64,39,557,2,349,208,5.453125,14.28205128,8.703125,5.333333333,408,0.156862745,0,0,0,WR,106.7000014,13
2019,00-0033891,Z.Jones,OAK,43,25,195,0,118,77,2.744186047,7.8,4.534883721,3.08,0,0,1,3,0,WR,44.80000031,13
2019,00-0033908,C.Kupp,LAR,125,87,1062,9,556,506,4.448,12.20689655,8.496,5.816091954,0,0,2,4,0,WR,247.6000011,14
2019,00-0033921,C.Godwin,TB,122,86,1333,9,756,577,6.196721311,15.5,10.92622951,6.709302326,587,0.207836457,1,8,0,WR,276.1000044,14
2019,00-0033932,K.Golladay,DET,113,62,1118,11,826,292,7.309734513,18.03225806,9.89380531,4.709677419,523,0.216061185,0,0,0,WR,239.8000034,15
2019,00-0033943,J.Reynolds,LAR,42,21,326,1,187,139,4.452380952,15.52380952,7.761904762,6.619047619,0,0,5,23,0,WR,61.90000125,10
2019,00-0034272,M.Valdes-Scantling,GB,49,24,433,2,289,144,5.897959184,18.04166667,8.836734694,6,490,0.1,2,9,0,WR,80.20000052,10
2019,00-0034339,T.Quinn,WAS,48,26,198,1,137,61,2.854166667,7.615384615,4.125,2.346153846,434,0.110599078,0,0,0,WR,53.80000067,10
2019,00-0034348,C.Sutton,DEN,116,68,1060,6,725,335,6.25,15.58823529,9.137931034,4.926470588,456,0.254385965,3,17,0,WR,213.2200031,15
2019,00-0034353,A.Miller,CHI,84,51,651,2,434,217,5.166666667,12.76470588,7.75,4.254901961,532,0.157894737,1,-1,0,WR,128.0000009,13
2019,00-0034366,K.Coutee,HOU,33,21,247,0,112,135,3.393939394,11.76190476,7.484848485,6.428571429,487,0.067761807,2,14,1,WR,53.10000014,7
2019,00-0034370,D.Hamilton,DEN,46,23,232,1,121,111,2.630434783,10.08695652,5.043478261,4.826086957,456,0.100877193,0,0,0,WR,52.20000106,9
2019,00-0034411,R.Gage,ATL,61,42,378,1,253,125,4.147540984,9,6.196721311,2.976190476,614,0.099348534,4,12,0,WR,87.0000016,12
2019,00-0034426,J.Wims,CHI,32,15,163,1,124,39,3.875,10.86666667,5.09375,2.6,532,0.060150376,0,0,0,WR,37.29999983,6
2019,00-0034521,A.Lazard,GB,44,31,408,2,290,118,6.590909091,13.16129032,9.272727273,3.806451613,490,0.089795918,1,21,0,WR,85.90000117,10
2019,00-0034676,J.Washington,PIT,77,44,735,3,550,185,7.142857143,16.70454545,9.545454545,4.204545455,466,0.165236052,0,0,0,WR,135.5000018,13
2019,00-0034686,A.Tate,CIN,80,40,575,1,441,134,5.5125,14.375,7.1875,3.35,564,0.141843972,0,0,0,WR,103.500001,12
2019,00-0034764,M.Gallup,DAL,106,61,1009,3,737,272,6.952830189,16.54098361,9.518867925,4.459016393,546,0.194139194,0,0,0,WR,179.9000034,13
2019,00-0034775,C.Kirk,ARI,99,61,649,3,391,258,3.949494949,10.63934426,6.555555556,4.229508197,493,0.200811359,9,87,0,WR,154.6000016,12
2019,00-0034777,D.Chark,JAX,44,30,528,5,385,143,8.75,17.6,12,4.766666667,531,0.082862524,0,0,0,WR,112.8000019,8
2019,00-0034777,D.Chark Jr.,JAX,71,39,446,3,290,156,4.084507042,11.43589744,6.281690141,4,531,0.133709981,2,20,0,WR,112.8000019,8
2019,00-0034827,D.Moore,CAR,136,87,1175,4,785,390,5.772058824,13.50574713,8.639705882,4.482758621,553,0.245931284,6,40,0,WR,232.5000046,15
2019,00-0034837,C.Ridley,ATL,95,63,866,7,728,138,7.663157895,13.74603175,9.115789474,2.19047619,614,0.154723127,2,34,0,WR,197.0000018,13
2019,00-0034928,S.Sims,WAS,48,29,229,3,113,116,2.354166667,7.896551724,4.770833333,4,434,0.110599078,8,91,1,WR,85.0000001,11
2019,00-0034960,J.Meyers,NE,41,26,359,0,245,114,5.975609756,13.80769231,8.756097561,4.384615385,560,0.073214286,0,0,0,WR,61.9000001,11
2019,00-0034983,H.Renfrow,OAK,62,43,503,3,223,280,3.596774194,11.69767442,8.112903226,6.511627907,0,0,0,0,0,WR,111.3000007,12
2019,00-0035006,O.Johnson,MIN,41,28,260,3,210,50,5.12195122,9.285714286,6.341463415,1.785714286,425,0.096470588,1,6,0,WR,72.60000026,12
2019,00-0035140,M.Hardman,KC,40,25,508,6,216,292,5.4,20.32,12.7,11.68,535,0.074766355,4,17,0,WR,113.5000028,13
2019,00-0035216,D.Johnson,PIT,85,55,626,5,352,274,4.141176471,11.38181818,7.364705882,4.981818182,466,0.182403433,4,41,0,WR,151.7000012,15
2019,00-0035287,K.Johnson,ARI,43,21,187,1,144,43,3.348837209,8.904761905,4.348837209,2.047619048,493,0.087221095,1,3,0,WR,48.00000077,9
2019,00-0035297,K.Harmon,WAS,39,27,332,0,240,92,6.153846154,12.2962963,8.512820513,3.407407407,434,0.089861751,0,0,0,WR,60.64000112,12
2019,00-0035350,P.Williams,MIA,60,32,428,3,367,61,6.116666667,13.375,7.133333333,1.90625,565,0.10619469,0,0,0,WR,92.80000067,8
2019,00-0035535,D.Slayton,NYG,76,44,690,8,506,184,6.657894737,15.68181818,9.078947368,4.181818182,545,0.139449541,0,0,0,WR,161.000001,12
2019,00-0035640,DK.Metcalf,SEA,90,52,819,6,551,268,6.122222222,15.75,9.1,5.153846154,458,0.19650655,2,11,0,WR,173.0000013,14
2019,00-0035659,T.McLaurin,WAS,94,58,919,7,702,217,7.468085106,15.84482759,9.776595745,3.74137931,434,0.216589862,0,0,0,WR,191.9000012,14
2019,00-0035662,M.Brown,BAL,69,44,569,7,350,219,5.072463768,12.93181818,8.246376812,4.977272727,405,0.17037037,0,0,0,WR,142.9000019,13
2019,00-0035676,A.Brown,TEN,76,48,927,7,515,412,6.776315789,19.3125,12.19736842,8.583333333,408,0.18627451,3,60,1,WR,194.700002,15
2019,00-0035719,D.Samuel,SF,77,52,700,3,289,411,3.753246753,13.46153846,9.090909091,7.903846154,447,0.172259508,12,126,2,WR,166.6000028,14
2020,00-0022921,L.Fitzgerald,ARI,72,54,409,1,224,185,3.111111111,7.574074074,5.680555556,3.425925926,520,0.138461538,0,0,0,WR,100.9000006,13
2020,00-0026035,D.Amendola,DET,67,45,596,0,304,289,4.537313433,13.24444444,8.895522388,6.422222222,533,0.125703565,1,2,0,WR,104.8000013,13
2020,00-0027150,J.Edelman,NE,39,21,315,0,251,64,6.435897436,15,8.076923077,3.047619048,391,0.099744246,2,22,0,WR,56.22000059,6
2020,00-0027685,E.Sanders,NO,69,52,663,4,525,138,7.608695652,12.75,9.608695652,2.653846154,480,0.14375,1,12,0,WR,143.5000021,13
2020,00-0027793,A.Brown,TB,47,34,345,2,185,160,3.936170213,10.14705882,7.340425532,4.705882353,570,0.08245614,2,-2,0,WR,80.30000065,7
2020,00-0027891,G.Tate,NYG,34,24,270,2,205,65,6.029411765,11.25,7.941176471,2.708333333,479,0.070981211,0,0,0,WR,63.71999961,8
2020,00-0027942,A.Green,CIN,98,47,523,2,437,86,4.459183673,11.12765957,5.336734694,1.829787234,546,0.179487179,0,0,0,WR,111.3000013,11
2020,00-0027944,J.Jones,ATL,68,51,771,3,540,231,7.941176471,15.11764706,11.33823529,4.529411765,567,0.119929453,0,0,0,WR,146.1000023,9
2020,00-0028002,R.Cobb,HOU,50,38,441,3,270,171,5.4,11.60526316,8.82,4.5,488,0.102459016,0,0,0,WR,100.1000017,10
2020,00-0029000,C.Beasley,BUF,108,82,967,4,612,355,5.666666667,11.79268293,8.953703704,4.329268293,536,0.201492537,0,0,0,WR,207.5000035,15
2020,00-0029293,M.Jones,DET,104,68,798,7,640,158,6.153846154,11.73529412,7.673076923,2.323529412,533,0.195121951,0,0,0,WR,189.8000005,15
2020,00-0029608,T.Hilton,IND,86,53,735,4,544,191,6.325581395,13.86792453,8.546511628,3.603773585,510,0.168627451,0,0,0,WR,150.5000022,14
2020,00-0030035,A.Thielen,MIN,104,70,868,14,646,222,6.211538462,12.4,8.346153846,3.171428571,454,0.22907489,3,15,0,WR,242.3000018,14
2020,00-0030279,K.Allen,LAC,149,100,992,8,555,437,3.724832215,9.92,6.657718121,4.37,583,0.255574614,1,-1,0,WR,249.100002,14
2020,00-0030431,R.Woods,LAR,122,86,900,6,423,477,3.467213115,10.46511628,7.37704918,5.546511628,0,0,24,155,2,WR,239.5000029,15
2020,00-0030564,D.Hopkins,ARI,151,111,1372,6,878,494,5.814569536,12.36036036,9.086092715,4.45045045,520,0.290384615,1,1,0,WR,284.3000027,15
2020,00-0030663,W.Snead,BAL,48,33,432,3,245,187,5.104166667,13.09090909,9,5.666666667,374,0.128342246,0,0,0,WR,94.20000052,11
2020,00-0031051,J.Brown,BUF,48,29,386,2,213,173,4.4375,13.31034483,8.041666667,5.965517241,536,0.089552239,0,0,0,WR,79.60000163,6
2020,00-0031235,O.Beckham,CLE,42,23,319,3,273,46,6.5,13.86956522,7.595238095,2,442,0.095022624,3,72,1,WR,86.82000097,6
2020,00-0031236,B.Cooks,HOU,103,70,977,4,655,322,6.359223301,13.95714286,9.485436893,4.6,488,0.211065574,0,0,0,WR,191.7000036,13
2020,00-0031325,S.Watkins,KC,55,37,421,2,264,157,4.8,11.37837838,7.654545455,4.243243243,583,0.094339623,1,3,0,WR,89.40000051,10
2020,00-0031381,D.Adams,GB,143,109,1328,17,742,586,5.188811189,12.18348624,9.286713287,5.376146789,477,0.299790356,0,0,0,WR,343.8000018,13
2020,00-0031382,J.Landry,CLE,95,67,789,3,464,325,4.884210526,11.7761194,8.305263158,4.850746269,442,0.214932127,3,7,0,WR,171.560001,14
2020,00-0031408,M.Evans,TB,107,67,960,13,706,254,6.598130841,14.32835821,8.971962617,3.791044776,570,0.187719298,0,0,0,WR,241.0000017,15
2020,00-0031428,A.Robinson,CHI,146,100,1213,6,902,311,6.178082192,12.13,8.308219178,3.11,557,0.262118492,1,-1,0,WR,257.2000025,15
2020,00-0031544,A.Cooper,DAL,121,86,1073,5,675,398,5.578512397,12.47674419,8.867768595,4.627906977,575,0.210434783,7,14,0,WR,226.700001,15
2020,00-0031547,D.Parker,MIA,89,56,677,4,532,145,5.97752809,12.08928571,7.606741573,2.589285714,492,0.180894309,0,0,0,WR,147.7000016,12
2020,00-0031549,N.Agholor,LV,78,47,839,8,617,222,7.91025641,17.85106383,10.75641026,4.723404255,488,0.159836066,0,0,0,WR,178.9000019,14
2020,00-0031588,S.Diggs,BUF,158,120,1459,8,1027,432,6.5,12.15833333,9.234177215,3.6,536,0.294776119,1,1,0,WR,314.0000028,15
2020,00-0031868,D.Byrd,NE,74,46,597,1,426,171,5.756756757,12.97826087,8.067567568,3.717391304,391,0.189258312,1,11,0,WR,112.8000015,13
2020,00-0031941,J.Crowder,NYJ,85,55,668,6,354,314,4.164705882,12.14545455,7.858823529,5.709090909,432,0.196759259,1,14,0,WR,164.9200009,11
2020,00-0032009,A.Humphries,TEN,35,23,228,2,183,45,5.228571429,9.913043478,6.514285714,1.956521739,444,0.078828829,0,0,0,WR,57.80000019,6
2020,00-0032054,B.Perriman,NYJ,54,27,421,3,298,123,5.518518519,15.59259259,7.796296296,4.555555556,432,0.125,1,6,0,WR,87.70000046,11
2020,00-0032128,C.Conley,JAX,54,33,384,2,235,149,4.351851852,11.63636364,7.111111111,4.515151515,553,0.097649186,0,0,0,WR,83.40000153,13
2020,00-0032211,T.Lockett,SEA,118,88,964,8,684,280,5.796610169,10.95454545,8.169491525,3.181818182,507,0.232741617,0,0,0,WR,232.4000026,15
2020,00-0032385,S.Shepard,NYG,82,58,544,2,364,180,4.43902439,9.379310345,6.634146341,3.103448276,479,0.171189979,4,25,0,WR,128.9000011,11
2020,00-0032688,R.Anderson,CAR,130,92,1053,3,565,488,4.346153846,11.44565217,8.1,5.304347826,493,0.263691684,4,15,0,WR,218.8000026,15
2020,00-0032765,M.Thomas,NO,55,40,438,0,356,82,6.472727273,10.95,7.963636364,2.05,480,0.114583333,1,1,0,WR,83.90000115,7
2020,00-0032775,D.Robinson,KC,52,39,408,3,259,149,4.980769231,10.46153846,7.846153846,3.820512821,583,0.089193825,0,0,0,WR,97.80000091,13
2020,00-0032791,J.Grant,MIA,54,36,373,1,201,172,3.722222222,10.36111111,6.907407407,4.777777778,492,0.109756098,3,20,0,WR,81.3000018,14
2020,00-0032977,R.Higgins,CLE,49,35,544,4,486,58,9.918367347,15.54285714,11.10204082,1.657142857,442,0.110859729,0,0,0,WR,113.4000024,11
2020,00-0033009,T.Boyd,CIN,107,78,840,4,492,348,4.598130841,10.76923077,7.85046729,4.461538462,546,0.195970696,4,38,0,WR,190.4400035,13
2020,00-0033040,T.Hill,KC,135,87,1276,15,842,434,6.237037037,14.66666667,9.451851852,4.988505747,583,0.231560892,13,123,2,WR,328.900003,15
2020,00-0033094,M.Hall,DET,32,18,302,2,244,58,7.625,16.77777778,9.4375,3.222222222,533,0.060037523,1,1,0,WR,60.30000053,9
2020,00-0033127,W.Fuller,HOU,75,53,879,8,588,291,7.84,16.58490566,11.72,5.490566038,488,0.153688525,1,0,0,WR,188.900001,10
2020,00-0033251,Z.Pascal,IND,68,42,588,5,377,211,5.544117647,14,8.647058824,5.023809524,510,0.133333333,0,0,0,WR,130.8000019,15
2020,00-0033282,C.Samuel,CAR,86,70,733,3,432,301,5.023255814,10.47142857,8.523255814,4.3,493,0.174442191,38,197,2,WR,192.9999995,14
2020,00-0033307,K.Bourne,SF,69,44,591,2,410,181,5.942028986,13.43181818,8.565217391,4.113636364,522,0.132183908,0,0,0,WR,117.1000001,13
2020,00-0033375,T.Patrick,DEN,76,49,696,6,497,199,6.539473684,14.20408163,9.157894737,4.06122449,497,0.152917505,0,0,0,WR,154.6000007,13
2020,00-0033471,I.Ford,MIA,37,25,239,0,183,56,4.945945946,9.56,6.459459459,2.24,492,0.075203252,0,0,0,WR,48.90000021,8
2020,00-0033536,M.Williams,LAC,78,42,648,4,504,144,6.461538462,15.42857143,8.307692308,3.428571429,583,0.133790738,1,1,0,WR,130.9,13
2020,00-0033589,D.Moore,SEA,46,34,412,6,252,160,5.47826087,12.11764706,8.956521739,4.705882353,507,0.090729783,8,61,0,WR,117.3000018,14
2020,00-0033681,K.Cole Sr.,JAX,64,37,471,3,355,116,5.546875,12.72972973,7.359375,3.135135135,553,0.115732369,1,2,0,WR,102.3000016,12
2020,00-0033733,G.Ward,PHI,77,52,413,6,258,155,3.350649351,7.942307692,5.363636364,2.980769231,538,0.143122677,2,-4,0,WR,130.9000001,15
2020,00-0033857,J.Smith-Schuster,PIT,121,91,766,8,384,382,3.173553719,8.417582418,6.330578512,4.197802198,614,0.197068404,0,0,0,WR,217.6000024,15
2020,00-0033871,C.Davis,TEN,81,60,945,5,668,277,8.24691358,15.75,11.66666667,4.616666667,444,0.182432432,0,0,0,WR,184.5000024,11
2020,00-0033908,C.Kupp,LAR,124,92,974,3,449,525,3.620967742,10.58695652,7.85483871,5.706521739,0,0,4,33,0,WR,210.7000023,15
2020,00-0033921,C.Godwin,TB,77,60,707,5,461,246,5.987012987,11.78333333,9.181818182,4.1,570,0.135087719,0,0,0,WR,160.7000015,11
2020,00-0033932,K.Golladay,DET,32,20,338,2,300,38,9.375,16.9,10.5625,1.9,533,0.060037523,0,0,0,WR,65.80000138,4
2020,00-0033943,J.Reynolds,LAR,75,48,589,2,370,219,4.933333333,12.27083333,7.853333333,4.5625,0,0,1,5,0,WR,119.4000028,15
2020,00-0034104,C.Sims,WAS,43,27,434,1,210,224,4.88372093,16.07407407,10.09302326,8.296296296,547,0.078610603,1,5,0,WR,76.90000063,10
2020,00-0034272,M.Valdes-Scantling,GB,60,31,603,5,408,195,6.8,19.4516129,10.05,6.290322581,477,0.125786164,3,9,0,WR,122.2000019,12
2020,00-0034286,R.James,SF,30,20,325,1,154,171,5.133333333,16.25,10.83333333,8.55,522,0.057471264,0,0,0,WR,58.50000119,5
2020,00-0034353,A.Miller,CHI,74,47,472,2,327,145,4.418918919,10.04255319,6.378378378,3.085106383,557,0.132854578,2,12,0,WR,107.4000017,14
2020,00-0034366,K.Coutee,HOU,34,27,310,3,193,117,5.676470588,11.48148148,9.117647059,4.333333333,488,0.069672131,0,0,0,WR,78.00000072,7
2020,00-0034370,D.Hamilton,DEN,38,21,275,2,188,87,4.947368421,13.0952381,7.236842105,4.142857143,497,0.076458753,0,0,0,WR,60.50000155,9
2020,00-0034411,R.Gage,ATL,99,63,695,3,445,250,4.494949495,11.03174603,7.02020202,3.968253968,567,0.174603175,1,-2,0,WR,155.8600013,15
2020,00-0034419,B.Berrios,NYJ,52,34,374,3,179,195,3.442307692,11,7.192307692,5.735294118,432,0.12037037,1,13,0,WR,90.70000118,11
2020,00-0034521,A.Lazard,GB,42,31,434,3,254,180,6.047619048,14,10.33333333,5.806451613,477,0.088050314,2,17,0,WR,94.10000198,9
2020,00-0034676,J.Washington,PIT,54,30,392,5,253,139,4.685185185,13.06666667,7.259259259,4.633333333,614,0.087947883,0,0,0,WR,99.20000052,12
2020,00-0034764,M.Gallup,DAL,97,55,794,5,554,240,5.711340206,14.43636364,8.18556701,4.363636364,575,0.168695652,0,0,0,WR,164.400003,14
2020,00-0034765,T.Smith,NO,50,34,448,4,313,135,6.26,13.17647059,8.96,3.970588235,480,0.104166667,1,3,0,WR,103.1000009,12
2020,00-0034775,C.Kirk,ARI,79,48,621,6,446,175,5.64556962,12.9375,7.860759494,3.645833333,520,0.151923077,2,3,0,WR,146.4000012,14
2020,00-0034777,D.Chark Jr.,JAX,87,46,597,4,454,143,5.218390805,12.97826087,6.862068966,3.108695652,553,0.157323689,0,0,0,WR,129.7000021,11
2020,00-0034827,D.Moore,CAR,107,61,1092,4,720,372,6.728971963,17.90163934,10.20560748,6.098360656,493,0.21703854,2,22,0,WR,196.4000028,14
2020,00-0034837,C.Ridley,ATL,133,82,1322,9,1058,264,7.954887218,16.12195122,9.939849624,3.219512195,567,0.234567901,4,7,0,WR,270.9000038,13
2020,00-0034928,S.Sims,WAS,36,26,259,1,134,125,3.722222222,9.961538462,7.194444444,4.807692308,547,0.065813528,0,0,0,WR,57.90000015,10
2020,00-0034960,J.Meyers,NE,75,53,661,0,466,195,6.213333333,12.47169811,8.813333333,3.679245283,391,0.191815857,1,2,0,WR,126.2600017,11
2020,00-0034983,H.Renfrow,LV,70,53,632,2,311,321,4.442857143,11.9245283,9.028571429,6.056603774,488,0.143442623,0,0,0,WR,128.2000012,15
2020,00-0035140,M.Hardman,KC,61,39,535,4,280,255,4.590163934,13.71794872,8.770491803,6.538461538,583,0.104631218,4,31,0,WR,121.6000006,14
2020,00-0035208,O.Zaccheaus,ATL,32,20,274,1,211,63,6.59375,13.7,8.5625,3.15,567,0.05643739,1,0,0,WR,53.40000117,7
2020,00-0035216,D.Johnson,PIT,106,65,654,5,326,328,3.075471698,10.06153846,6.169811321,5.046153846,614,0.172638436,2,13,0,WR,161.7000023,11
2020,00-0035216,Di.Johnson,PIT,34,20,173,2,117,56,3.441176471,8.65,5.088235294,2.8,614,0.055374593,1,2,0,WR,161.7000023,11
2020,00-0035298,S.Miller,TB,50,32,489,3,388,101,7.76,15.28125,9.78,3.15625,570,0.087719298,3,14,0,WR,100.3000008,12
2020,00-0035350,P.Williams,MIA,37,18,288,4,246,42,6.648648649,16,7.783783784,2.333333333,492,0.075203252,0,0,0,WR,74.80000079,8
2020,00-0035414,J.Guyton,LAC,51,28,511,3,332,179,6.509803922,18.25,10.01960784,6.392857143,583,0.087478559,2,0,0,WR,97.1000008,15
2020,00-0035510,J.Smith,NYJ,37,17,167,0,118,49,3.189189189,9.823529412,4.513513514,2.882352941,432,0.085648148,0,0,0,WR,33.70000005,7
2020,00-0035527,A.Isabella,ARI,35,21,224,2,142,82,4.057142857,10.66666667,6.4,3.904761905,520,0.067307692,1,-6,0,WR,54.80000114,10
2020,00-0035535,D.Slayton,NYG,92,48,729,3,576,153,6.260869565,15.1875,7.923913043,3.1875,479,0.192066806,2,-1,0,WR,138.8000015,14
2020,00-0035592,T.Fulgham,PHI,65,37,524,4,424,100,6.523076923,14.16216216,8.061538462,2.702702703,538,0.120817844,0,0,0,WR,113.4000027,10
2020,00-0035624,N.Harry,NE,55,31,292,2,189,103,3.436363636,9.419354839,5.309090909,3.322580645,391,0.140664962,2,0,0,WR,72.20000148,11
2020,00-0035640,D.Metcalf,SEA,120,80,1282,10,926,356,7.716666667,16.025,10.68333333,4.45,507,0.236686391,0,0,0,WR,268.2000028,15
2020,00-0035659,T.McLaurin,WAS,127,80,1078,3,603,475,4.748031496,13.475,8.488188976,5.9375,547,0.232175503,2,30,0,WR,208.8000033,14
2020,00-0035662,M.Brown,BAL,92,53,728,6,465,263,5.054347826,13.73584906,7.913043478,4.962264151,374,0.245989305,1,1,0,WR,161.900001,14
2020,00-0035676,A.Brown,TEN,95,60,924,10,531,393,5.589473684,15.4,9.726315789,6.55,444,0.213963964,0,0,0,WR,212.4000014,13
2020,00-0035703,M.Boykin,BAL,31,18,223,3,148,75,4.774193548,12.38888889,7.193548387,4.166666667,374,0.082887701,0,0,0,WR,58.30000079,11
2020,00-0035719,D.Samuel,SF,44,33,391,1,-7,398,-0.159090909,11.84848485,8.886363636,12.06060606,522,0.084291188,8,26,0,WR,80.70000086,7
2020,00-0036142,I.Wright,WAS,35,27,197,0,54,143,1.542857143,7.296296296,5.628571429,5.296296296,547,0.063985375,3,16,0,WR,48.30000047,10
2020,00-0036196,G.Davis,BUF,57,33,492,6,388,104,6.807017544,14.90909091,8.631578947,3.151515152,536,0.106343284,1,0,0,WR,118.2000017,13
2020,00-0036252,M.Pittman,IND,59,38,475,1,196,279,3.322033898,12.5,8.050847458,7.342105263,510,0.115686275,2,24,0,WR,93.90000182,12
2020,00-0036254,C.Johnson,JAX,33,18,272,2,207,65,6.272727273,15.11111111,8.242424242,3.611111111,553,0.059674503,0,0,0,WR,59.20000148,9
2020,00-0036255,D.Mims,NYJ,43,22,342,0,237,105,5.511627907,15.54545455,7.953488372,4.772727273,432,0.099537037,0,0,0,WR,58.20000017,7
2020,00-0036261,B.Aiyuk,SF,96,60,748,5,459,289,4.78125,12.46666667,7.791666667,4.816666667,522,0.183908046,6,77,2,WR,184.5000023,12
2020,00-0036268,L.Shenault Jr.,JAX,56,41,427,2,184,243,3.285714286,10.41463415,7.625,5.926829268,553,0.101265823,9,45,0,WR,100.2000009,10
2020,00-0036277,Q.Cephus,DET,32,18,298,1,214,84,6.6875,16.55555556,9.3125,4.666666667,533,0.060037523,0,0,0,WR,53.80000067,10
2020,00-0036309,D.Mooney,CHI,86,50,538,4,317,221,3.686046512,10.76,6.255813953,4.42,557,0.154398564,4,20,0,WR,131.8000018,15
2020,00-0036322,J.Jefferson,MIN,116,79,1267,7,863,404,7.439655172,16.03797468,10.92241379,5.113924051,454,0.255506608,1,2,0,WR,251.9000025,15
2020,00-0036326,C.Claypool,PIT,100,57,758,8,456,302,4.56,13.29824561,7.58,5.298245614,614,0.16286645,10,16,2,WR,194.4000017,15
2020,00-0036357,H.Ruggs,LV,40,23,414,2,271,143,6.775,18,10.35,6.217391304,488,0.081967213,8,49,0,WR,81.30000191,12
2020,00-0036358,C.Lamb,DAL,104,69,892,5,597,295,5.740384615,12.92753623,8.576923077,4.275362319,575,0.180869565,10,79,1,WR,204.1000033,15
2020,00-0036387,J.Reagor,PHI,54,30,381,1,208,173,3.851851852,12.7,7.055555556,5.766666667,538,0.100371747,4,26,0,WR,78.69999981,10
2020,00-0036407,J.Jeudy,DEN,107,47,716,2,528,188,4.934579439,15.23404255,6.691588785,4,497,0.215291751,0,0,0,WR,130.6000018,14
2020,00-0036410,T.Higgins,CIN,107,67,908,6,598,310,5.588785047,13.55223881,8.485981308,4.626865672,546,0.195970696,5,28,0,WR,196.6000023,14
2020,00-0036412,K.Hamler,DEN,56,30,381,3,257,124,4.589285714,12.7,6.803571429,4.133333333,497,0.112676056,9,40,0,WR,90.10000031,12
2021,00-0026189,D.Jackson,LV,34,20,454,2,279,175,8.205882353,22.7,13.35294118,8.75,571,0.059544658,1,4,0,WR,77.80000129,13
2021,00-0027685,E.Sanders,BUF,73,42,626,4,541,85,7.410958904,14.9047619,8.575342466,2.023809524,582,0.125429553,2,31,0,WR,131.7000016,13
2021,00-0027793,A.Brown,TB,62,42,545,4,355,190,5.725806452,12.97619048,8.790322581,4.523809524,679,0.091310751,1,6,0,WR,121.1000024,7
2021,00-0027942,A.Green,ARI,84,50,825,3,652,173,7.761904762,16.5,9.821428571,3.46,533,0.157598499,0,0,0,WR,150.5000033,15
2021,00-0027944,J.Jones,TEN,39,26,376,0,277,99,7.102564103,14.46153846,9.641025641,3.807692308,491,0.079429735,0,0,0,WR,63.60000062,8
2021,00-0028002,R.Cobb,GB,39,28,375,5,237,138,6.076923077,13.39285714,9.615384615,4.928571429,536,0.072761194,1,1,0,WR,95.59999976,10
2021,00-0029000,C.Beasley,BUF,108,78,662,1,368,294,3.407407407,8.487179487,6.12962963,3.769230769,582,0.18556701,0,0,0,WR,152.2000021,15
2021,00-0029293,M.Jones,JAX,112,66,744,3,634,110,5.660714286,11.27272727,6.642857143,1.666666667,556,0.201438849,0,0,0,WR,158.4000025,16
2021,00-0029608,T.Hilton,IND,32,21,292,3,225,67,7.03125,13.9047619,9.125,3.19047619,476,0.067226891,0,0,0,WR,68.20000076,9
2021,00-0030035,A.Thielen,MIN,95,67,726,10,487,239,5.126315789,10.8358209,7.642105263,3.567164179,560,0.169642857,1,2,0,WR,199.8000007,13
2021,00-0030068,M.Goodwin,CHI,37,18,300,1,217,83,5.864864865,16.66666667,8.108108108,4.611111111,481,0.076923077,2,-1,0,WR,53.89999988,10
2021,00-0030279,K.Allen,LAC,150,100,1086,6,753,333,5.02,10.86,7.24,3.33,602,0.249169435,0,0,0,WR,244.6000027,15
2021,00-0030431,R.Woods,LAR,70,45,556,4,358,198,5.114285714,12.35555556,7.942857143,4.4,0,0,8,46,1,WR,137.2000006,9
2021,00-0030525,T.Austin,JAX,37,24,213,1,145,68,3.918918919,8.875,5.756756757,2.833333333,556,0.066546763,3,21,0,WR,53.40000057,10
2021,00-0030564,D.Hopkins,ARI,64,42,572,8,432,140,6.75,13.61904762,8.9375,3.333333333,533,0.120075047,0,0,0,WR,147.2000003,10
2021,00-0030669,A.Wilson,MIA,39,25,213,0,70,143,1.794871795,8.52,5.461538462,5.72,581,0.067125645,4,17,0,WR,48.00000028,9
2021,00-0031235,O.Beckham,LAR,78,42,519,5,369,150,4.730769231,12.35714286,6.653846154,3.571428571,0,0,2,14,0,WR,125.3000002,13
2021,00-0031236,B.Cooks,HOU,130,87,1009,6,674,335,5.184615385,11.59770115,7.761538462,3.850574713,491,0.264765784,2,21,0,WR,226.0000019,15
2021,00-0031325,S.Watkins,BAL,48,27,394,1,287,107,5.979166667,14.59259259,8.208333333,3.962962963,565,0.084955752,0,0,0,WR,72.40000117,9
2021,00-0031381,D.Adams,GB,162,117,1498,11,930,568,5.740740741,12.8034188,9.24691358,4.854700855,536,0.302238806,0,0,0,WR,332.8000036,15
2021,00-0031382,J.Landry,CLE,79,46,495,1,248,247,3.139240506,10.76086957,6.265822785,5.369565217,478,0.165271967,6,40,2,WR,117.5000011,11
2021,00-0031408,M.Evans,TB,107,68,946,12,745,201,6.962616822,13.91176471,8.841121495,2.955882353,679,0.157584683,1,10,0,WR,235.6000024,15
2021,00-0031428,A.Robinson,CHI,62,36,388,1,296,92,4.774193548,10.77777778,6.258064516,2.555555556,481,0.128898129,0,0,0,WR,80.80000138,11
2021,00-0031544,A.Cooper,DAL,97,63,786,8,574,212,5.917525773,12.47619048,8.103092784,3.365079365,614,0.157980456,0,0,0,WR,189.6000013,14
2021,00-0031547,D.Parker,MIA,69,38,503,2,403,100,5.84057971,13.23684211,7.289855072,2.631578947,581,0.118760757,0,0,0,WR,100.3000008,8
2021,00-0031549,N.Agholor,NE,61,36,450,3,350,100,5.737704918,12.5,7.37704918,2.777777778,496,0.122983871,3,11,0,WR,100.1000006,13
2021,00-0031588,S.Diggs,BUF,150,94,1144,9,847,297,5.646666667,12.17021277,7.626666667,3.159574468,582,0.257731959,0,0,0,WR,262.4000017,16
2021,00-0031763,D.Carter,WAS,43,24,296,3,218,78,5.069767442,12.33333333,6.88372093,3.25,520,0.082692308,9,78,0,WR,79.40000124,13
2021,00-0031868,D.Byrd,CHI,33,21,282,1,176,106,5.333333333,13.42857143,8.545454545,5.047619048,481,0.068607069,0,0,0,WR,57.19999969,9
2021,00-0031941,J.Crowder,NYJ,72,50,431,2,257,174,3.569444444,8.62,5.986111111,3.48,567,0.126984127,0,0,0,WR,107.100001,11
2021,00-0032009,A.Humphries,WAS,60,40,380,0,222,158,3.7,9.5,6.333333333,3.95,520,0.115384615,0,0,0,WR,78.00000113,16
2021,00-0032128,C.Conley,HOU,37,22,323,2,197,126,5.324324324,14.68181818,8.72972973,5.727272727,491,0.075356415,1,3,0,WR,66.60000122,11
2021,00-0032211,T.Lockett,SEA,103,68,1077,6,821,256,7.970873786,15.83823529,10.45631068,3.764705882,450,0.228888889,1,7,0,WR,214.400001,15
2021,00-0032355,C.Rogers,TEN,41,28,297,1,201,96,4.902439024,10.60714286,7.243902439,3.428571429,491,0.083503055,1,9,0,WR,64.60000098,13
2021,00-0032385,S.Shepard,NYG,53,36,366,1,255,111,4.811320755,10.16666667,6.905660377,3.083333333,536,0.098880597,1,-9,0,WR,77.70000058,7
2021,00-0032464,K.Raymond,DET,66,44,475,3,273,202,4.136363636,10.79545455,7.196969697,4.590909091,542,0.121771218,3,15,0,WR,111.0000005,12
2021,00-0032688,R.Anderson,CAR,101,46,469,4,325,144,3.217821782,10.19565217,4.643564356,3.130434783,536,0.188432836,3,36,0,WR,120.5000018,15
2021,00-0032775,D.Robinson,KC,35,22,245,3,187,58,5.342857143,11.13636364,7,2.636363636,596,0.058724832,0,0,0,WR,64.50000012,12
2021,00-0032778,T.Sharpe,ATL,35,25,230,0,161,69,4.6,9.2,6.571428571,2.76,524,0.066793893,0,0,0,WR,48.00000107,12
2021,00-0032951,L.Treadwell,JAX,46,30,410,0,297,113,6.456521739,13.66666667,8.913043478,3.766666667,556,0.082733813,0,0,0,WR,71.00000048,8
2021,00-0032977,R.Higgins,CLE,47,24,275,1,234,41,4.978723404,11.45833333,5.85106383,1.708333333,478,0.09832636,0,0,0,WR,57.5000003,10
2021,00-0033009,T.Boyd,CIN,95,67,828,5,439,389,4.621052632,12.35820896,8.715789474,5.805970149,513,0.185185185,2,22,0,WR,183.8400018,16
2021,00-0033040,T.Hill,KC,156,110,1237,9,794,443,5.08974359,11.24545455,7.929487179,4.027272727,596,0.261744966,9,96,0,WR,297.3000011,16
2021,00-0033251,Z.Pascal,IND,67,37,377,3,258,119,3.850746269,10.18918919,5.626865672,3.216216216,476,0.140756303,2,21,0,WR,94.80000204,14
2021,00-0033307,K.Bourne,NE,66,52,776,5,413,363,6.257575758,14.92307692,11.75757576,6.980769231,496,0.133064516,11,117,0,WR,176.3000022,16
2021,00-0033375,T.Patrick,DEN,75,47,639,5,468,171,6.24,13.59574468,8.52,3.638297872,496,0.151209677,0,0,0,WR,140.9000015,15
2021,00-0033536,M.Williams,LAC,113,67,1027,8,652,375,5.769911504,15.32835821,9.088495575,5.597014925,602,0.187707641,0,0,0,WR,219.700003,15
2021,00-0033572,J.Agnew,JAX,40,24,229,1,111,118,2.775,9.541666667,5.725,4.916666667,556,0.071942446,7,111,1,WR,70.00000079,7
2021,00-0033681,K.Cole,NYJ,49,25,395,0,342,53,6.979591837,15.8,8.06122449,2.12,567,0.086419753,0,0,0,WR,64.50000107,12
2021,00-0033871,C.Davis,NYJ,59,34,492,4,363,129,6.152542373,14.47058824,8.338983051,3.794117647,567,0.104056437,0,0,0,WR,107.2000015,9
2021,00-0033891,Z.Jones,LV,62,42,519,1,352,167,5.677419355,12.35714286,8.370967742,3.976190476,571,0.108581436,2,3,0,WR,100.2000018,14
2021,00-0033908,C.Kupp,LAR,185,138,1829,15,1023,806,5.52972973,13.25362319,9.886486486,5.84057971,0,0,3,0,0,WR,412.9000043,16
2021,00-0033921,C.Godwin,TB,127,98,1103,5,517,586,4.070866142,11.25510204,8.68503937,5.979591837,679,0.187039764,5,21,1,WR,246.4000024,14
2021,00-0033932,K.Golladay,NYG,72,34,499,0,388,111,5.388888889,14.67647059,6.930555556,3.264705882,536,0.134328358,0,0,0,WR,83.90000141,11
2021,00-0033943,J.Reynolds,DET,46,28,385,2,266,119,5.782608696,13.75,8.369565217,4.25,542,0.084870849,0,0,0,WR,78.49999988,8
2021,00-0034272,M.Valdes-Scantling,GB,55,26,430,3,284,146,5.163636364,16.53846154,7.818181818,5.615384615,536,0.10261194,0,0,0,WR,87.0000006,9
2021,00-0034297,B.Pringle,KC,52,37,512,5,343,169,6.596153846,13.83783784,9.846153846,4.567567568,596,0.087248322,0,0,0,WR,118.2000008,15
2021,00-0034348,C.Sutton,DEN,97,57,763,2,637,126,6.567010309,13.38596491,7.865979381,2.210526316,496,0.195564516,0,0,0,WR,147.300002,16
2021,00-0034407,R.McCloud,PIT,57,35,240,0,138,102,2.421052632,6.857142857,4.210526316,2.914285714,614,0.092833876,2,15,0,WR,60.50000036,13
2021,00-0034411,R.Gage,ATL,81,57,645,3,435,210,5.37037037,11.31578947,7.962962963,3.684210526,524,0.154580153,0,0,0,WR,139.5000017,10
2021,00-0034418,C.Wilson,DAL,56,40,483,4,258,225,4.607142857,12.075,8.625,5.625,614,0.091205212,3,11,0,WR,118.9200011,13
2021,00-0034419,B.Berrios,NYJ,65,46,409,2,167,242,2.569230769,8.891304348,6.292307692,5.260869565,567,0.114638448,7,40,2,WR,114.9000004,14
2021,00-0034521,A.Lazard,GB,54,35,438,6,291,147,5.388888889,12.51428571,8.111111111,4.2,536,0.100746269,3,32,0,WR,118.0000018,13
2021,00-0034676,J.Washington,PIT,44,24,285,2,206,79,4.681818182,11.875,6.477272727,3.291666667,614,0.071661238,2,13,0,WR,65.80000059,11
2021,00-0034764,M.Gallup,DAL,62,35,445,2,322,123,5.193548387,12.71428571,7.177419355,3.514285714,614,0.100977199,0,0,0,WR,91.50000054,9
2021,00-0034765,T.Smith,NO,44,27,301,2,224,77,5.090909091,11.14814815,6.840909091,2.851851852,455,0.096703297,0,0,0,WR,69.10000181,9
2021,00-0034775,C.Kirk,ARI,100,75,939,5,711,228,7.11,12.52,9.39,3.04,533,0.187617261,1,11,0,WR,201.3200031,16
2021,00-0034827,Dj.Moore,CAR,154,86,1070,4,692,376,4.493506494,12.44186047,6.948051948,4.372093023,536,0.287313433,7,35,0,WR,222.500004,16
2021,00-0034837,C.Ridley,ATL,52,31,281,2,190,91,3.653846154,9.064516129,5.403846154,2.935483871,524,0.099236641,0,0,0,WR,71.10000062,5
2021,00-0034960,J.Meyers,NE,120,79,796,2,577,219,4.808333333,10.07594937,6.633333333,2.772151899,496,0.241935484,1,9,0,WR,177.3000019,15
2021,00-0034983,H.Renfrow,LV,123,99,1025,7,574,451,4.666666667,10.35353535,8.333333333,4.555555556,571,0.215411559,2,7,0,WR,244.2000024,16
2021,00-0035140,M.Hardman,KC,72,51,590,2,187,403,2.597222222,11.56862745,8.194444444,7.901960784,596,0.120805369,7,36,0,WR,125.6000019,16
2021,00-0035208,O.Zaccheaus,ATL,51,28,359,3,271,88,5.31372549,12.82142857,7.039215686,3.142857143,524,0.097328244,1,2,0,WR,82.10000129,14
2021,00-0035215,D.Harris,NO,55,33,546,3,308,238,5.6,16.54545455,9.927272727,7.212121212,455,0.120879121,4,32,0,WR,108.8000025,12
2021,00-0035216,D.Johnson,PIT,163,100,1110,8,608,502,3.73006135,11.1,6.809815951,5.02,614,0.265472313,5,53,0,WR,266.300001,15
2021,00-0035414,J.Guyton,LAC,39,25,396,3,264,132,6.769230769,15.84,10.15384615,5.28,602,0.064784053,7,34,0,WR,86.00000069,14
2021,00-0035535,D.Slayton,NYG,55,24,310,1,247,63,4.490909091,12.91666667,5.636363636,2.625,536,0.10261194,1,-13,0,WR,59.70000124,9
2021,00-0035640,D.Metcalf,SEA,118,70,909,12,600,309,5.084745763,12.98571429,7.703389831,4.414285714,450,0.262222222,1,6,0,WR,233.5000027,16
2021,00-0035659,T.McLaurin,WAS,124,73,960,5,697,263,5.620967742,13.15068493,7.741935484,3.602739726,520,0.238461538,1,12,0,WR,200.200002,15
2021,00-0035662,M.Brown,BAL,139,88,981,6,602,379,4.330935252,11.14772727,7.057553957,4.306818182,565,0.246017699,1,5,0,WR,222.600001,15
2021,00-0035676,A.Brown,TEN,99,59,801,4,591,210,5.96969697,13.57627119,8.090909091,3.559322034,491,0.201629328,2,10,0,WR,164.1000023,12
2021,00-0035719,D.Samuel,SF,115,73,1310,6,591,719,5.139130435,17.94520548,11.39130435,9.849315068,467,0.246252677,51,320,7,WR,314.0000013,15
2021,00-0036182,N.Westbrook-Ikhine,TEN,52,34,398,3,276,122,5.307692308,11.70588235,7.653846154,3.588235294,491,0.105906314,0,0,0,WR,91.80000138,13
2021,00-0036196,G.Davis,BUF,49,32,510,6,387,123,7.897959184,15.9375,10.40816327,3.84375,582,0.08419244,0,0,0,WR,119.0000001,12
2021,00-0036219,M.Callaway,NO,83,46,698,6,554,144,6.674698795,15.17391304,8.409638554,3.130434783,455,0.182417582,0,0,0,WR,151.800001,16
2021,00-0036233,D.Peoples-Jones,CLE,55,31,559,3,448,111,8.145454545,18.03225806,10.16363636,3.580645161,478,0.115062762,0,0,0,WR,104.9000026,12
2021,00-0036247,F.Swain,SEA,40,24,318,3,118,200,2.95,13.25,7.95,8.333333333,450,0.088888889,5,32,0,WR,77.00000095,13
2021,00-0036252,M.Pittman,IND,122,82,1018,5,689,329,5.647540984,12.41463415,8.344262295,4.012195122,476,0.256302521,5,44,0,WR,218.2000047,16
2021,00-0036259,J.Jennings,SF,31,18,188,3,123,65,3.967741935,10.44444444,6.064516129,3.611111111,467,0.066381156,0,0,0,WR,54.80000114,10
2021,00-0036261,B.Aiyuk,SF,79,50,719,5,410,309,5.189873418,14.38,9.101265823,6.18,467,0.169164882,5,17,0,WR,155.6000022,15
2021,00-0036268,L.Shenault,JAX,93,58,557,0,196,361,2.107526882,9.603448276,5.989247312,6.224137931,556,0.167266187,11,41,0,WR,117.8000014,15
2021,00-0036271,Q.Watkins,PHI,56,38,563,0,366,197,6.535714286,14.81578947,10.05357143,5.184210526,437,0.128146453,1,3,0,WR,96.60000134,15
2021,00-0036309,D.Mooney,CHI,125,69,929,4,640,289,5.12,13.46376812,7.432,4.188405797,481,0.25987526,6,32,1,WR,195.100002,16
2021,00-0036322,J.Jefferson,MIN,163,103,1509,9,1030,479,6.319018405,14.65048544,9.257668712,4.650485437,560,0.291071429,5,10,0,WR,310.3000035,16
2021,00-0036326,C.Claypool,PIT,98,54,811,1,537,274,5.479591837,15.01851852,8.275510204,5.074074074,614,0.159609121,11,63,0,WR,147.400001,14
2021,00-0036331,D.Duvernay,BAL,47,33,272,2,131,141,2.787234043,8.242424242,5.787234043,4.272727273,565,0.083185841,6,48,0,WR,77.00000019,14
2021,00-0036345,K.Osborn,MIN,78,49,634,6,455,179,5.833333333,12.93877551,8.128205128,3.653061224,560,0.139285714,1,10,0,WR,149.4000007,15
2021,00-0036357,H.Ruggs,LV,36,24,469,2,360,109,10,19.54166667,13.02777778,4.541666667,571,0.063047285,3,16,0,WR,84.50000115,7
2021,00-0036358,C.Lamb,DAL,119,77,1057,6,635,422,5.336134454,13.72727273,8.882352941,5.480519481,614,0.193811075,9,76,0,WR,226.3000024,15
2021,00-0036365,B.Edwards,LV,55,30,508,3,336,172,6.109090909,16.93333333,9.236363636,5.733333333,571,0.096322242,1,0,0,WR,98.80000031,12
2021,00-0036387,J.Reagor,PHI,54,31,280,2,136,144,2.518518519,9.032258065,5.185185185,4.64516129,437,0.123569794,7,22,0,WR,73.200001,15
2021,00-0036407,J.Jeudy,DEN,51,36,437,0,262,175,5.137254902,12.13888889,8.568627451,4.861111111,496,0.102822581,2,3,0,WR,80.00000215,8
2021,00-0036410,T.Higgins,CIN,111,74,1091,6,806,285,7.261261261,14.74324324,9.828828829,3.851351351,513,0.216374269,0,0,0,WR,221.1000011,14
2021,00-0036415,V.Jefferson,LAR,86,48,771,6,556,215,6.465116279,16.0625,8.965116279,4.479166667,0,0,2,20,0,WR,163.1000025,16
2021,00-0036427,T.Johnson,TB,49,31,338,0,209,129,4.265306122,10.90322581,6.897959184,4.161290323,679,0.072164948,0,0,0,WR,64.80000126,12
2021,00-0036550,R.Bateman,BAL,64,44,493,1,342,151,5.34375,11.20454545,7.703125,3.431818182,565,0.113274336,0,0,0,WR,99.30000103,10
2021,00-0036554,N.Collins,HOU,53,30,381,1,262,119,4.943396226,12.7,7.188679245,3.966666667,491,0.107942974,0,0,0,WR,74.10000122,12
2021,00-0036613,J.Waddle,MIA,133,99,988,5,567,421,4.263157895,9.97979798,7.428571429,4.252525253,581,0.228915663,2,3,1,WR,234.1000027,15
2021,00-0036900,J.Chase,CIN,124,79,1429,13,807,622,6.508064516,18.08860759,11.52419355,7.873417722,513,0.2417154,7,21,0,WR,302.0000035,16
2021,00-0036912,D.Smith,PHI,101,61,875,5,668,207,6.613861386,14.3442623,8.663366337,3.393442623,437,0.231121281,0,0,0,WR,180.5000021,16
2021,00-0036913,K.Toney,NYG,57,39,420,0,192,228,3.368421053,10.76923077,7.368421053,5.846153846,536,0.106343284,3,6,0,WR,82.36000069,9
2021,00-0036936,R.Moore,ARI,64,54,435,1,-3,438,-0.046875,8.055555556,6.796875,8.111111111,533,0.120075047,18,76,0,WR,111.100002,14
2021,00-0036955,T.Marshall,CAR,31,17,138,0,75,63,2.419354839,8.117647059,4.451612903,3.705882353,536,0.057835821,0,0,0,WR,32.79999983,9
2021,00-0036963,A.St. Brown,DET,111,82,803,4,431,372,3.882882883,9.792682927,7.234234234,4.536585366,542,0.204797048,6,49,1,WR,201.2000026,15
2021,00-0036980,E.Moore,NYJ,78,43,538,5,331,207,4.243589744,12.51162791,6.897435897,4.813953488,567,0.137566138,5,54,1,WR,138.2000012,10
2021,00-0036988,J.Palmer,LAC,40,29,308,3,213,95,5.325,10.62068966,7.7,3.275862069,602,0.066445183,1,6,0,WR,78.40000081,13
2022,00-0027942,A.Green,ARI,44,21,145,1,129,16,2.931818182,6.904761905,3.295454545,0.761904762,614,0.071661238,0,0,0,WR,43.50000024,9
2022,00-0027944,J.Jones,TB,43,24,299,2,185,114,4.302325581,12.45833333,6.953488372,4.75,697,0.06169297,5,45,0,WR,70.40000165,10
2022,00-0028002,R.Cobb,GB,48,32,406,1,228,178,4.75,12.6875,8.458333333,5.5625,517,0.092843327,0,0,0,WR,78.60000086,11
2022,00-0029293,M.Jones,JAX,75,44,500,3,415,85,5.533333333,11.36363636,6.666666667,1.931818182,551,0.136116152,0,0,0,WR,112.0000013,13
2022,00-0030035,A.Thielen,MIN,106,68,708,5,556,152,5.245283019,10.41176471,6.679245283,2.235294118,613,0.172920065,0,0,0,WR,170.8000014,16
2022,00-0030068,M.Goodwin,SEA,42,27,387,4,273,114,6.5,14.33333333,9.214285714,4.222222222,527,0.079696395,2,5,0,WR,90.20000003,10
2022,00-0030279,K.Allen,LAC,78,58,650,2,439,211,5.628205128,11.20689655,8.333333333,3.637931034,644,0.121118012,1,8,0,WR,135.8000014,9
2022,00-0030431,R.Woods,TEN,86,49,487,2,343,144,3.988372093,9.93877551,5.662790698,2.93877551,410,0.209756098,0,0,0,WR,109.7000008,15
2022,00-0030564,D.Hopkins,ARI,98,64,717,3,552,165,5.632653061,11.203125,7.316326531,2.578125,614,0.159609121,0,0,0,WR,153.7000017,9
2022,00-0031236,B.Cooks,HOU,87,52,593,2,409,184,4.701149425,11.40384615,6.816091954,3.538461538,523,0.166347992,2,7,0,WR,124.0000009,12
2022,00-0031381,D.Adams,LV,172,95,1443,14,963,480,5.598837209,15.18947368,8.389534884,5.052631579,527,0.326375712,3,-1,0,WR,323.2000022,16
2022,00-0031382,J.Landry,NO,40,25,272,1,211,61,5.275,10.88,6.8,2.44,470,0.085106383,0,0,0,WR,60.20000064,8
2022,00-0031408,M.Evans,TB,128,77,1124,6,908,216,7.09375,14.5974026,8.78125,2.805194805,697,0.183644189,0,0,0,WR,225.4000028,15
2022,00-0031428,Al.Robinson,LAR,52,33,339,3,268,71,5.153846154,10.27272727,6.519230769,2.151515152,0,0,0,0,0,WR,84.90000081,10
2022,00-0031544,A.Cooper,CLE,129,76,1109,9,825,284,6.395348837,14.59210526,8.596899225,3.736842105,481,0.268191268,0,0,0,WR,238.9000037,16
2022,00-0031547,D.Parker,NE,40,25,460,1,364,96,9.1,18.4,11.5,3.84,482,0.082987552,0,0,0,WR,77.00000203,9
2022,00-0031549,N.Agholor,NE,52,31,362,2,215,147,4.134615385,11.67741935,6.961538462,4.741935484,482,0.107883817,0,0,0,WR,79.19999999,10
2022,00-0031588,S.Diggs,BUF,144,101,1325,10,913,412,6.340277778,13.11881188,9.201388889,4.079207921,521,0.276391555,1,-3,0,WR,293.2000037,15
2022,00-0031763,D.Carter,LAC,60,43,495,3,316,179,5.266666667,11.51162791,8.25,4.162790698,644,0.093167702,2,-15,0,WR,109.000001,15
2022,00-0032208,P.Dorsett,HOU,40,20,257,1,195,62,4.875,12.85,6.425,3.1,523,0.076481836,0,0,0,WR,51.70000076,10
2022,00-0032211,T.Lockett,SEA,110,80,979,8,717,262,6.518181818,12.2375,8.9,3.275,527,0.208728653,0,0,0,WR,225.9000031,15
2022,00-0032398,C.Moore,HOU,68,46,526,2,259,267,3.808823529,11.43478261,7.735294118,5.804347826,523,0.13001912,2,5,0,WR,111.1000023,13
2022,00-0032464,K.Raymond,DET,58,43,550,0,340,210,5.862068966,12.79069767,9.482758621,4.88372093,531,0.109227872,7,36,0,WR,101.6000017,14
2022,00-0032688,R.Anderson,CAR,44,20,282,1,190,92,4.318181818,14.1,6.409090909,4.6,417,0.105515588,0,0,0,WR,54.20000076,9
2022,00-0032775,D.Robinson,BAL,66,46,434,2,301,137,4.560606061,9.434782609,6.575757576,2.97826087,424,0.155660377,0,0,0,WR,101.4000008,14
2022,00-0033009,T.Boyd,CIN,78,53,711,5,481,230,6.166666667,13.41509434,9.115384615,4.339622642,559,0.139534884,0,0,0,WR,157.0200028,14
2022,00-0033040,T.Hill,MIA,165,117,1687,7,1206,481,7.309090909,14.41880342,10.22424242,4.111111111,537,0.30726257,7,32,1,WR,336.9000058,16
2022,00-0033282,C.Samuel,WAS,92,63,658,4,370,288,4.02173913,10.44444444,7.152173913,4.571428571,518,0.177606178,37,191,1,WR,177.9000009,16
2022,00-0033307,K.Bourne,NE,43,31,389,1,266,123,6.186046512,12.5483871,9.046511628,3.967741935,482,0.089211618,6,39,0,WR,79.79999997,13
2022,00-0033466,I.McKenzie,BUF,62,40,404,4,283,121,4.564516129,10.1,6.516129032,3.025,521,0.119001919,10,55,1,WR,115.9000001,13
2022,00-0033536,M.Williams,LAC,88,59,863,4,556,307,6.318181818,14.62711864,9.806818182,5.203389831,644,0.136645963,0,0,0,WR,169.3000015,12
2022,00-0033555,M.Hollins,LV,91,55,675,4,493,182,5.417582418,12.27272727,7.417582418,3.309090909,527,0.172675522,4,40,0,WR,150.6600029,15
2022,00-0033572,J.Agnew,JAX,30,22,179,3,66,113,2.2,8.136363636,5.966666667,5.136363636,551,0.054446461,12,86,0,WR,68.50000072,13
2022,00-0033591,N.Brown,DAL,69,42,545,3,421,124,6.101449275,12.97619048,7.898550725,2.952380952,510,0.135294118,0,0,0,WR,114.5000015,14
2022,00-0033857,J.Smith-Schuster,KC,100,76,898,3,452,446,4.52,11.81578947,8.98,5.868421053,593,0.168634064,0,0,0,WR,183.8000035,15
2022,00-0033871,C.Davis,NYJ,61,31,519,2,422,97,6.918032787,16.74193548,8.508196721,3.129032258,556,0.10971223,0,0,0,WR,94.90000141,11
2022,00-0033891,Z.Jones,JAX,116,78,813,5,526,287,4.534482759,10.42307692,7.00862069,3.679487179,551,0.210526316,4,18,0,WR,193.1000021,15
2022,00-0033908,C.Kupp,LAR,98,75,812,6,399,413,4.071428571,10.82666667,8.285714286,5.506666667,0,0,9,52,1,WR,203.400002,9
2022,00-0033921,C.Godwin,TB,138,98,964,3,484,480,3.507246377,9.836734694,6.985507246,4.897959184,697,0.197991392,3,5,0,WR,214.9000033,14
2022,00-0033943,J.Reynolds,DET,57,37,463,3,348,115,6.105263158,12.51351351,8.122807018,3.108108108,531,0.107344633,0,0,0,WR,101.3000017,11
2022,00-0034272,M.Valdes-Scantling,KC,75,39,660,2,542,118,7.226666667,16.92307692,8.8,3.025641026,593,0.126475548,1,-3,0,WR,116.7000027,14
2022,00-0034279,E.St. Brown,CHI,37,20,311,1,221,90,5.972972973,15.55,8.405405405,4.5,335,0.110447761,6,54,0,WR,62.50000065,13
2022,00-0034286,R.James,NYG,70,57,569,4,393,176,5.614285714,9.98245614,8.128571429,3.087719298,455,0.153846154,2,6,0,WR,138.4999999,14
2022,00-0034348,C.Sutton,DEN,102,61,796,1,651,145,6.382352941,13.04918033,7.803921569,2.37704918,520,0.196153846,1,5,0,WR,147.1000017,13
2022,00-0034386,Ju.Watson,KC,32,14,248,2,219,29,6.84375,17.71428571,7.75,2.071428571,593,0.053962901,0,0,0,WR,50.8000015,9
2022,00-0034411,R.Gage,TB,66,48,411,4,249,162,3.772727273,8.5625,6.227272727,3.375,697,0.094691535,0,0,0,WR,115.1000003,12
2022,00-0034419,B.Berrios,NYJ,32,18,145,0,53,92,1.65625,8.055555556,4.53125,5.111111111,556,0.057553957,9,91,2,WR,57.68000027,13
2022,00-0034487,T.Sherfield,MIA,51,30,417,2,279,138,5.470588235,13.9,8.176470588,4.6,537,0.094972067,0,0,0,WR,83.69999987,15
2022,00-0034521,A.Lazard,GB,95,56,747,5,514,233,5.410526316,13.33928571,7.863157895,4.160714286,517,0.183752418,0,0,0,WR,160.7000018,14
2022,00-0034764,M.Gallup,DAL,68,38,414,4,308,106,4.529411765,10.89473684,6.088235294,2.789473684,510,0.133333333,0,0,0,WR,103.400001,12
2022,00-0034775,C.Kirk,JAX,126,78,1003,7,649,354,5.150793651,12.85897436,7.96031746,4.538461538,551,0.228675136,5,11,0,WR,221.4000006,16
2022,00-0034777,D.Chark,DET,48,27,488,3,359,129,7.479166667,18.07407407,10.16666667,4.777777778,531,0.09039548,0,0,0,WR,93.80000061,8
2022,00-0034827,D.Moore,CAR,114,62,882,7,693,189,6.078947368,14.22580645,7.736842105,3.048387097,417,0.273381295,10,53,0,WR,197.5000038,16
2022,00-0034860,D.Pettis,CHI,36,17,226,3,171,55,4.75,13.29411765,6.277777778,3.235294118,335,0.107462687,2,37,0,WR,61.30000108,10
2022,00-0034960,J.Meyers,NE,91,64,772,5,555,217,6.098901099,12.0625,8.483516484,3.390625,482,0.18879668,2,9,0,WR,174.1000005,13
2022,00-0034983,H.Renfrow,LV,44,29,267,1,148,119,3.363636364,9.206896552,6.068181818,4.103448276,527,0.083491461,0,0,0,WR,61.70000005,9
2022,00-0035140,M.Hardman,KC,34,25,297,4,137,160,4.029411765,11.88,8.735294118,6.4,593,0.057335582,4,31,2,WR,93.80000141,8
2022,00-0035208,O.Zaccheaus,ATL,54,36,496,2,317,179,5.87037037,13.77777778,9.185185185,4.972222222,374,0.144385027,2,7,0,WR,98.30000103,14
2022,00-0035216,D.Johnson,PIT,138,84,844,0,629,215,4.557971014,10.04761905,6.115942029,2.55952381,522,0.264367816,7,25,0,WR,172.9000023,16
2022,00-0035298,S.Miller,TB,38,22,177,0,150,27,3.947368421,8.045454545,4.657894737,1.227272727,697,0.054519369,1,8,0,WR,40.50000042,8
2022,00-0035500,G.Dortch,ARI,60,48,437,2,169,268,2.816666667,9.104166667,7.283333333,5.583333333,614,0.09771987,5,29,0,WR,106.6000009,10
2022,00-0035535,D.Slayton,NYG,71,46,724,2,462,262,6.507042254,15.73913043,10.1971831,5.695652174,455,0.156043956,0,0,0,WR,130.400001,13
2022,00-0035639,P.Campbell,IND,83,57,581,3,310,271,3.734939759,10.19298246,7,4.754385965,549,0.151183971,4,32,0,WR,136.3000017,15
2022,00-0035640,D.Metcalf,SEA,134,87,1008,6,793,215,5.917910448,11.5862069,7.52238806,2.471264368,527,0.25426945,0,0,0,WR,223.8000037,16
2022,00-0035659,T.McLaurin,WAS,114,74,1117,4,748,369,6.561403509,15.09459459,9.798245614,4.986486486,518,0.22007722,7,29,0,WR,212.6000027,16
2022,00-0035662,M.Brown,ARI,103,66,702,3,466,236,4.524271845,10.63636364,6.815533981,3.575757576,614,0.167752443,1,1,0,WR,154.300002,11
2022,00-0035676,A.Brown,PHI,135,84,1401,11,883,518,6.540740741,16.67857143,10.37777778,6.166666667,475,0.284210526,0,0,0,WR,290.1000028,16
2022,00-0035719,D.Samuel,SF,91,54,612,2,147,465,1.615384615,11.33333333,6.725274725,8.611111111,484,0.188016529,41,228,3,WR,168.000002,12
2022,00-0035864,K.Hinton,DEN,33,24,311,0,172,139,5.212121212,12.95833333,9.424242424,5.791666667,520,0.063461538,2,13,0,WR,56.4000001,10
2022,00-0036165,I.Hodgins,NYG,49,37,392,4,304,88,6.204081633,10.59459459,8,2.378378378,455,0.107692308,0,0,0,WR,102.2000006,9
2022,00-0036182,N.Westbrook-Ikhine,TEN,49,25,397,3,290,107,5.918367347,15.88,8.102040816,4.28,410,0.119512195,0,0,0,WR,82.70000064,11
2022,00-0036196,G.Davis,BUF,83,45,797,7,655,142,7.891566265,17.71111111,9.602409639,3.155555556,521,0.159309021,0,0,0,WR,166.7000014,14
2022,00-0036219,M.Callaway,NO,31,16,158,1,123,35,3.967741935,9.875,5.096774194,2.1875,470,0.065957447,0,0,0,WR,37.80000055,8
2022,00-0036233,D.Peoples-Jones,CLE,92,59,797,3,632,165,6.869565217,13.50847458,8.663043478,2.796610169,481,0.191268191,1,2,0,WR,156.900002,15
2022,00-0036252,M.Pittman,IND,137,96,895,3,573,322,4.182481752,9.322916667,6.532846715,3.354166667,549,0.249544627,2,30,0,WR,206.5000015,15
2022,00-0036259,J.Jennings,SF,54,34,406,1,233,173,4.314814815,11.94117647,7.518518519,5.088235294,484,0.111570248,0,0,0,WR,80.60000116,14
2022,00-0036261,B.Aiyuk,SF,109,74,956,8,590,366,5.412844037,12.91891892,8.770642202,4.945945946,484,0.225206612,2,23,0,WR,219.9000006,16
2022,00-0036268,L.Shenault,CAR,31,26,264,1,-57,321,-1.838709677,10.15384615,8.516129032,12.34615385,417,0.074340528,8,64,1,WR,70.80000166,10
2022,00-0036271,Q.Watkins,PHI,47,31,340,3,204,136,4.340425532,10.96774194,7.234042553,4.387096774,475,0.098947368,3,1,0,WR,83.09999999,11
2022,00-0036309,D.Mooney,CHI,62,40,493,2,325,168,5.241935484,12.325,7.951612903,4.2,335,0.185074627,1,2,0,WR,101.5000027,11
2022,00-0036322,J.Jefferson,MIN,180,124,1771,8,1174,597,6.522222222,14.28225806,9.838888889,4.814516129,613,0.293637847,4,24,1,WR,360.8600047,16
2022,00-0036326,C.Claypool,PIT,73,44,428,1,285,143,3.904109589,9.727272727,5.863013699,3.25,522,0.139846743,9,59,0,WR,102.7400004,12
2022,00-0036331,D.Duvernay,BAL,49,37,407,3,248,159,5.06122449,11,8.306122449,4.297297297,424,0.115566038,12,84,1,WR,110.1000015,13
2022,00-0036345,K.Osborn,MIN,84,55,533,5,280,253,3.333333333,9.690909091,6.345238095,4.6,613,0.137030995,3,6,0,WR,138.9000003,15
2022,00-0036358,C.Lamb,DAL,149,102,1307,8,831,476,5.577181208,12.81372549,8.771812081,4.666666667,510,0.292156863,10,47,0,WR,285.4000035,16
2022,00-0036407,J.Jeudy,DEN,94,62,818,6,450,368,4.787234043,13.19354839,8.70212766,5.935483871,520,0.180769231,1,1,0,WR,179.9000008,13
2022,00-0036410,T.Higgins,CIN,103,73,1022,7,736,286,7.145631068,14,9.922330097,3.917808219,559,0.184257603,0,0,0,WR,219.2000023,13
2022,00-0036415,V.Jefferson,LAR,37,21,308,3,286,22,7.72972973,14.66666667,8.324324324,1.047619048,0,0,0,0,0,WR,69.80000007,8
2022,00-0036554,N.Collins,HOU,66,37,481,2,338,143,5.121212121,13,7.287878788,3.864864865,523,0.126195029,0,0,0,WR,97.10000092,10
2022,00-0036572,S.Smith,CAR,41,22,296,2,199,97,4.853658537,13.45454545,7.219512195,4.409090909,417,0.098321343,0,0,0,WR,63.60000056,11
2022,00-0036613,J.Waddle,MIA,113,70,1312,8,816,496,7.221238938,18.74285714,11.61061947,7.085714286,537,0.210428305,2,17,0,WR,250.9000037,16
2022,00-0036849,T.Atwell,LAR,32,16,271,1,217,54,6.78125,16.9375,8.46875,3.375,0,0,8,23,0,WR,51.40000124,9
2022,00-0036862,B.Skowronek,LAR,61,39,376,0,234,142,3.836065574,9.641025641,6.163934426,3.641025641,0,0,1,17,1,WR,84.29999959,13
2022,00-0036900,J.Chase,CIN,121,79,960,8,558,400,4.611570248,12.15189873,7.933884298,5.063291139,559,0.216457961,5,8,0,WR,223.8000015,11
2022,00-0036912,D.Smith,PHI,129,88,1143,7,703,440,5.449612403,12.98863636,8.860465116,5,475,0.271578947,0,0,0,WR,244.3000021,15
2022,00-0036936,R.Moore,ARI,56,41,414,1,133,281,2.375,10.09756098,7.392857143,6.853658537,614,0.091205212,6,-5,0,WR,87.9000016,8
2022,00-0036955,T.Marshall,CAR,44,26,467,1,344,123,7.818181818,17.96153846,10.61363636,4.730769231,417,0.105515588,0,0,0,WR,78.7000019,11
2022,00-0036963,A.St. Brown,DET,137,100,1112,6,602,510,4.394160584,11.12,8.116788321,5.1,531,0.258003766,9,95,0,WR,256.7000037,15
2022,00-0036980,E.Moore,NYJ,64,36,435,1,338,97,5.28125,12.08333333,6.796875,2.694444444,556,0.115107914,5,5,0,WR,86.00000082,12
2022,00-0036988,J.Palmer,LAC,101,68,730,3,505,225,5,10.73529412,7.227722772,3.308823529,644,0.156832298,1,4,0,WR,159.400001,14
2022,00-0037238,D.London,ATL,110,66,746,4,549,197,4.990909091,11.3030303,6.781818182,2.984848485,374,0.294117647,0,0,0,WR,166.6000012,16
2022,00-0037239,C.Olave,NO,108,67,982,3,800,182,7.407407407,14.65671642,9.092592593,2.71641791,470,0.229787234,0,0,0,WR,185.2000018,14
2022,00-0037247,G.Pickens,PIT,79,49,729,3,630,99,7.974683544,14.87755102,9.227848101,2.020408163,522,0.151340996,3,24,1,WR,150.3000013,15
2022,00-0037257,Dav.Bell,CLE,33,24,214,0,145,69,4.393939394,8.916666667,6.484848485,2.875,481,0.068607069,0,0,0,WR,45.40000129,12
2022,00-0037545,R.Shaheed,NO,30,25,454,2,284,170,9.466666667,18.16,15.13333333,6.8,470,0.063829787,3,50,1,WR,93.40000105,10
2022,00-0037664,A.Pierce,IND,74,38,551,2,441,110,5.959459459,14.5,7.445945946,2.894736842,549,0.134790528,0,0,0,WR,105.1000009,11
2022,00-0037740,G.Wilson,NYJ,130,74,1014,4,652,362,5.015384615,13.7027027,7.8,4.891891892,556,0.23381295,4,4,0,WR,199.8000031,16
2022,00-0037741,J.Dotson,WAS,59,32,451,7,363,88,6.152542373,14.09375,7.644067797,2.75,518,0.113899614,2,-7,0,WR,120.4000005,10
2022,00-0037742,T.Burks,TEN,47,29,425,1,287,138,6.106382979,14.65517241,9.042553191,4.75862069,410,0.114634146,4,47,0,WR,82.20000026,10
2022,00-0037816,R.Doubs,GB,65,42,425,3,234,191,3.6,10.11904762,6.538461538,4.547619048,517,0.125725338,1,11,0,WR,103.6000001,11
2022,00-0038090,S.Moore,KC,33,22,250,0,99,151,3,11.36363636,7.575757576,6.863636364,593,0.055649241,3,24,0,WR,49.40000117,12
2022,00-0038104,T.Thornton,NE,43,21,234,2,177,57,4.11627907,11.14285714,5.441860465,2.714285714,482,0.089211618,3,16,1,WR,64.00000066,11
2022,00-0038117,W.Robinson,NYG,31,23,227,1,101,126,3.258064516,9.869565217,7.322580645,5.47826087,455,0.068131868,2,-1,0,WR,51.60000077,6
2022,00-0038124,C.Watson,GB,60,36,507,7,279,228,4.65,14.08333333,8.45,6.333333333,517,0.116054159,5,68,2,WR,147.5000004,13
2023,00-0030035,A.Thielen,CAR,135,101,1002,4,664,338,4.918518519,9.920792079,7.422222222,3.346534653,517,0.261121857,1,6,0,WR,227.800002,16
2023,00-0030279,K.Allen,LAC,150,108,1243,7,847,396,5.646666667,11.50925926,8.286666667,3.666666667,570,0.263157895,2,6,0,WR,280.8600029,13
2023,00-0030431,R.Woods,HOU,75,40,426,1,300,126,4,10.65,5.68,3.15,543,0.138121547,1,7,0,WR,89.30000174,13
2023,00-0030564,D.Hopkins,TEN,127,68,1011,6,810,201,6.377952756,14.86764706,7.960629921,2.955882353,453,0.280353201,2,9,0,WR,206.0000046,16
2023,00-0031235,O.Beckham,BAL,64,35,565,3,410,155,6.40625,16.14285714,8.828125,4.428571429,451,0.141906874,0,0,0,WR,109.5000011,13
2023,00-0031236,B.Cooks,DAL,74,48,618,7,494,124,6.675675676,12.875,8.351351351,2.583333333,568,0.13028169,4,32,0,WR,157.0000005,15
2023,00-0031381,D.Adams,LV,167,98,1098,7,785,313,4.700598802,11.20408163,6.574850299,3.193877551,506,0.330039526,0,0,0,WR,249.8000052,16
2023,00-0031408,M.Evans,TB,129,76,1233,13,918,315,7.11627907,16.22368421,9.558139535,4.144736842,522,0.247126437,0,0,0,WR,277.3000008,16
2023,00-0031428,A.Robinson,PIT,48,34,280,0,212,68,4.416666667,8.235294118,5.833333333,2,466,0.103004292,0,0,0,WR,62.00000036,13
2023,00-0031544,A.Cooper,CLE,130,72,1250,5,979,271,7.530769231,17.36111111,9.615384615,3.763888889,574,0.226480836,0,0,0,WR,229.0000035,15
2023,00-0031547,D.Parker,NE,51,32,388,0,264,124,5.176470588,12.125,7.607843137,3.875,513,0.099415205,0,0,0,WR,70.80000067,12
2023,00-0031549,N.Agholor,BAL,40,30,342,4,212,130,5.3,11.4,8.55,4.333333333,451,0.088691796,0,0,0,WR,88.20000005,12
2023,00-0031588,S.Diggs,BUF,153,100,1096,8,722,374,4.718954248,10.96,7.163398693,3.74,511,0.299412916,1,5,0,WR,260.1000021,16
2023,00-0032211,T.Lockett,SEA,119,77,823,4,630,193,5.294117647,10.68831169,6.915966387,2.506493506,522,0.227969349,0,0,0,WR,185.3000019,16
2023,00-0032398,C.Moore,TEN,31,19,394,0,340,54,10.96774194,20.73684211,12.70967742,2.842105263,453,0.068432671,2,39,0,WR,62.30000053,13
2023,00-0032464,K.Raymond,DET,42,33,439,1,242,197,5.761904762,13.3030303,10.45238095,5.96969697,548,0.076642336,7,75,0,WR,90.40000062,16
2023,00-0032765,M.Thomas,NO,64,39,448,1,348,100,5.4375,11.48717949,7,2.564102564,556,0.115107914,0,0,0,WR,89.80000162,9
2023,00-0032775,D.Robinson,LAR,39,26,371,4,282,89,7.230769231,14.26923077,9.512820513,3.423076923,0,0,1,23,0,WR,89.39999986,8
2023,00-0033009,T.Boyd,CIN,96,66,663,2,384,279,4,10.04545455,6.90625,4.227272727,565,0.169911504,2,11,0,WR,143.4000016,16
2023,00-0033040,T.Hill,MIA,159,112,1717,12,1077,639,6.773584906,15.33035714,10.79874214,5.705357143,524,0.303435115,6,15,0,WR,357.200004,15
2023,00-0033282,C.Samuel,WAS,87,60,598,4,348,250,4,9.966666667,6.873563218,4.166666667,574,0.151567944,6,24,1,WR,152.2000007,15
2023,00-0033307,K.Bourne,NE,55,37,406,4,203,203,3.690909091,10.97297297,7.381818182,5.486486486,513,0.107212476,1,4,0,WR,102.0000012,8
2023,00-0033555,M.Hollins,ATL,30,18,251,0,196,55,6.533333333,13.94444444,8.366666667,3.055555556,477,0.062893082,0,0,0,WR,43.1000005,8
2023,00-0033591,N.Brown,HOU,56,33,567,2,344,223,6.142857143,17.18181818,10.125,6.757575758,543,0.103130755,1,-1,0,WR,101.6000015,8
2023,00-0033857,J.Smith-Schuster,NE,47,29,260,1,166,94,3.531914894,8.965517241,5.531914894,3.24137931,513,0.091617934,0,0,0,WR,61.00000036,11
2023,00-0033891,Z.Jones,JAX,55,28,274,2,234,40,4.254545455,9.785714286,4.981818182,1.428571429,569,0.096660808,0,0,0,WR,67.40000069,7
2023,00-0033908,C.Kupp,LAR,97,59,737,5,415,322,4.278350515,12.49152542,7.597938144,5.457627119,0,0,1,-3,0,WR,164.4000017,12
2023,00-0033921,C.Godwin,TB,124,77,973,2,621,352,5.008064516,12.63636364,7.846774194,4.571428571,522,0.237547893,3,34,1,WR,197.7000034,16
2023,00-0033943,J.Reynolds,DET,57,35,564,5,431,133,7.561403509,16.11428571,9.894736842,3.8,548,0.104014599,0,0,0,WR,121.4000015,15
2023,00-0034272,M.Valdes-Scantling,KC,42,21,315,1,223,92,5.30952381,15,7.5,4.380952381,570,0.073684211,0,0,0,WR,58.50000083,13
2023,00-0034348,C.Sutton,DEN,87,58,770,10,615,155,7.068965517,13.27586207,8.850574713,2.672413793,448,0.194196429,0,0,0,WR,195.000002,14
2023,00-0034386,Ju.Watson,KC,52,27,460,3,413,47,7.942307692,17.03703704,8.846153846,1.740740741,570,0.09122807,0,0,0,WR,91.00000143,13
2023,00-0034418,C.Wilson,MIA,35,21,272,3,219,53,6.257142857,12.95238095,7.771428571,2.523809524,524,0.066793893,0,0,0,WR,66.20000124,10
2023,00-0034419,B.Berrios,MIA,31,25,229,1,144,85,4.64516129,9.16,7.387096774,3.4,524,0.059160305,1,11,0,WR,55.00000072,11
2023,00-0034521,A.Lazard,NYJ,49,23,311,1,255,56,5.204081633,13.52173913,6.346938776,2.434782609,546,0.08974359,0,0,0,WR,60.10000074,10
2023,00-0034646,B.Powell,MIN,41,28,322,1,219,103,5.341463415,11.5,7.853658537,3.678571429,564,0.072695035,5,17,0,WR,67.90000104,10
2023,00-0034764,M.Gallup,DAL,55,34,418,2,314,104,5.709090909,12.29411765,7.6,3.058823529,568,0.096830986,0,0,0,WR,87.80000126,14
2023,00-0034775,C.Kirk,JAX,85,57,787,3,540,247,6.352941176,13.80701754,9.258823529,4.333333333,569,0.149384886,1,6,0,WR,154.260001,12
2023,00-0034777,D.Chark,CAR,62,33,479,5,414,65,6.677419355,14.51515152,7.725806452,1.96969697,517,0.119922631,0,0,0,WR,110.9000025,13
2023,00-0034827,D.Moore,CHI,132,92,1300,8,794,506,6.015151515,14.13043478,9.848484848,5.5,464,0.284482759,4,21,1,WR,278.100003,16
2023,00-0034837,C.Ridley,JAX,127,70,910,7,743,167,5.850393701,13,7.165354331,2.385714286,569,0.223198594,9,23,0,WR,207.3000023,16
2023,00-0034960,J.Meyers,LV,101,68,746,7,514,232,5.089108911,10.97058824,7.386138614,3.411764706,506,0.199604743,3,19,1,WR,196.980003,15
2023,00-0034983,H.Renfrow,LV,37,25,255,0,103,152,2.783783784,10.2,6.891891892,6.08,506,0.07312253,0,0,0,WR,50.50000137,11
2023,00-0035216,D.Johnson,PIT,82,47,621,4,435,186,5.304878049,13.21276596,7.573170732,3.957446809,466,0.175965665,0,0,0,WR,133.1000013,12
2023,00-0035341,T.Irwin,CIN,30,23,282,1,179,103,5.966666667,12.26086957,9.4,4.47826087,565,0.053097345,0,0,0,WR,57.20000052,9
2023,00-0035500,G.Dortch,ARI,37,22,266,2,120,146,3.243243243,12.09090909,7.189189189,6.636363636,517,0.071566731,1,5,0,WR,61.10000145,7
2023,00-0035535,D.Slayton,NYG,72,45,708,3,440,268,6.111111111,15.73333333,9.833333333,5.955555556,455,0.158241758,0,0,0,WR,133.8000011,16
2023,00-0035640,D.Metcalf,SEA,113,65,1104,8,740,364,6.548672566,16.98461538,9.769911504,5.6,522,0.216475096,0,0,0,WR,223.4000037,15
2023,00-0035659,T.McLaurin,WAS,124,73,946,4,653,293,5.266129032,12.95890411,7.629032258,4.01369863,574,0.216027875,0,0,0,WR,191.6000031,15
2023,00-0035662,M.Brown,ARI,104,51,574,4,410,164,3.942307692,11.25490196,5.519230769,3.215686275,517,0.201160542,2,23,0,WR,134.7000012,12
2023,00-0035676,A.Brown,PHI,157,105,1447,7,975,472,6.210191083,13.78095238,9.21656051,4.495238095,493,0.318458418,0,0,0,WR,291.7000024,16
2023,00-0035719,D.Samuel,SF,87,58,871,7,355,516,4.08045977,15.01724138,10.01149425,8.896551724,446,0.195067265,36,214,5,WR,238.5000006,14
2023,00-0036165,I.Hodgins,NYG,30,18,194,3,127,67,4.233333333,10.77777778,6.466666667,3.722222222,455,0.065934066,0,0,0,WR,55.40000069,9
2023,00-0036182,N.Westbrook-Ikhine,TEN,46,28,370,3,263,107,5.717391304,13.21428571,8.043478261,3.821428571,453,0.101545254,0,0,0,WR,85.00000167,13
2023,00-0036196,G.Davis,BUF,80,45,746,7,566,180,7.075,16.57777778,9.325,4,511,0.156555773,1,-2,0,WR,163.4000029,12
2023,00-0036252,M.Pittman,IND,152,104,1108,4,610,498,4.013157895,10.65384615,7.289473684,4.788461538,527,0.288425047,0,0,0,WR,242.8000025,15
2023,00-0036259,J.Jennings,SF,33,19,265,1,176,89,5.333333333,13.94736842,8.03030303,4.684210526,446,0.073991031,0,0,0,WR,51.50000143,9
2023,00-0036261,B.Aiyuk,SF,101,72,1317,7,962,355,9.524752475,18.29166667,13.03960396,4.930555556,446,0.226457399,0,0,0,WR,245.7000027,15
2023,00-0036309,D.Mooney,CHI,61,31,414,1,233,181,3.819672131,13.35483871,6.786885246,5.838709677,464,0.131465517,2,5,0,WR,78.90000071,12
2023,00-0036322,J.Jefferson,MIN,86,56,882,4,666,216,7.744186047,15.75,10.25581395,3.857142857,564,0.15248227,0,0,0,WR,168.2000034,9
2023,00-0036345,K.Osborn,MIN,71,46,531,3,354,177,4.985915493,11.54347826,7.478873239,3.847826087,564,0.125886525,0,0,0,WR,117.1000015,14
2023,00-0036358,C.Lamb,DAL,169,122,1651,10,1013,638,5.99408284,13.53278689,9.769230769,5.229508197,568,0.297535211,13,106,2,WR,371.7000038,16
2023,00-0036407,J.Jeudy,DEN,81,51,679,1,398,281,4.913580247,13.31372549,8.382716049,5.509803922,448,0.180803571,0,0,0,WR,124.9000016,15
2023,00-0036410,T.Higgins,CIN,76,42,656,5,421,235,5.539473684,15.61904762,8.631578947,5.595238095,565,0.134513274,0,0,0,WR,137.6000024,11
2023,00-0036415,V.Jefferson,ATL,40,18,196,0,172,24,4.3,10.88888889,4.9,1.333333333,477,0.083857442,1,4,0,WR,38.00000063,10
2023,00-0036550,R.Bateman,BAL,56,32,367,1,308,59,5.5,11.46875,6.553571429,1.84375,451,0.124168514,1,18,0,WR,76.50000155,15
2023,00-0036554,N.Collins,HOU,100,71,1102,7,629,473,6.29,15.52112676,11.02,6.661971831,543,0.184162063,1,7,0,WR,223.9000032,14
2023,00-0036613,J.Waddle,MIA,104,72,1014,4,593,421,5.701923077,14.08333333,9.75,5.847222222,524,0.198473282,3,12,0,WR,198.6000014,14
2023,00-0036849,T.Atwell,LAR,63,37,476,3,378,98,6,12.86486486,7.555555556,2.648648649,0,0,4,35,0,WR,106.1000014,12
2023,00-0036900,J.Chase,CIN,139,96,1197,7,671,526,4.827338129,12.46875,8.611510791,5.479166667,565,0.246017699,3,-6,0,WR,256.8200027,15
2023,00-0036912,D.Smith,PHI,113,81,1066,7,772,294,6.831858407,13.16049383,9.433628319,3.62962963,493,0.229208925,0,0,0,WR,229.6000023,16
2023,00-0036913,K.Toney,KC,38,27,169,1,41,128,1.078947368,6.259259259,4.447368421,4.740740741,570,0.066666667,11,31,0,WR,53.00000101,13
2023,00-0036936,R.Moore,ARI,58,36,321,1,130,191,2.24137931,8.916666667,5.534482759,5.305555556,517,0.112185687,27,173,1,WR,97.40000093,15
2023,00-0036955,T.Marshall,CAR,32,18,134,0,86,48,2.6875,7.444444444,4.1875,2.666666667,517,0.061895551,0,0,0,WR,31.40000033,5
2023,00-0036963,A.St. Brown,DET,155,112,1371,9,785,586,5.064516129,12.24107143,8.84516129,5.232142857,548,0.282846715,4,24,0,WR,305.5000018,15
2023,00-0036980,E.Moore,CLE,104,59,640,2,449,191,4.317307692,10.84745763,6.153846154,3.237288136,574,0.181184669,9,11,0,WR,136.1000028,16
2023,00-0036988,J.Palmer,LAC,51,32,537,2,366,171,7.176470588,16.78125,10.52941176,5.34375,570,0.089473684,0,0,0,WR,97.70000052,9
2023,00-0037238,D.London,ATL,103,65,864,2,690,174,6.699029126,13.29230769,8.388349515,2.676923077,477,0.215932914,0,0,0,WR,166.2800008,14
2023,00-0037239,C.Olave,NO,136,84,1067,4,729,338,5.360294118,12.70238095,7.845588235,4.023809524,556,0.244604317,0,0,0,WR,216.7000021,15
2023,00-0037240,J.Williams,DET,42,24,354,2,249,105,5.928571429,14.75,8.428571429,4.375,548,0.076642336,3,29,1,WR,80.30000111,11
2023,00-0037247,G.Pickens,PIT,106,63,1140,5,752,388,7.094339623,18.0952381,10.75471698,6.158730159,466,0.227467811,2,15,0,WR,208.5000035,16
2023,00-0037261,K.Shakir,BUF,40,33,506,2,281,225,7.025,15.33333333,12.65,6.818181818,511,0.078277886,1,10,0,WR,96.60000241,13
2023,00-0037545,R.Shaheed,NO,71,43,654,4,503,151,7.084507042,15.20930233,9.211267606,3.511627907,556,0.127697842,7,37,0,WR,136.0999993,13
2023,00-0037664,A.Pierce,IND,61,32,514,2,417,97,6.836065574,16.0625,8.426229508,3.03125,527,0.115749526,0,0,0,WR,95.40000117,15
2023,00-0037666,J.Tolbert,DAL,33,20,260,1,226,34,6.848484848,13,7.878787879,1.7,568,0.058098592,0,0,0,WR,52.00000089,9
2023,00-0037740,G.Wilson,NYJ,163,93,1008,3,697,311,4.27607362,10.83870968,6.18404908,3.344086022,546,0.298534799,4,0,0,WR,211.8000025,16
2023,00-0037741,J.Dotson,WAS,80,47,501,4,401,100,5.0125,10.65957447,6.2625,2.127659574,574,0.139372822,0,0,0,WR,121.1000022,13
2023,00-0037742,T.Burks,TEN,30,16,221,0,150,71,5,13.8125,7.366666667,4.4375,453,0.066225166,5,18,0,WR,39.90000041,8
2023,00-0037816,R.Doubs,GB,95,59,674,8,540,134,5.684210526,11.42372881,7.094736842,2.271186441,531,0.178907721,0,0,0,WR,174.4000024,16
2023,00-0037837,C.Austin,PIT,30,17,180,1,107,73,3.566666667,10.58823529,6,4.294117647,466,0.064377682,10,49,1,WR,51.90000097,12
2023,00-0038090,S.Moore,KC,38,21,244,1,135,109,3.552631579,11.61904762,6.421052632,5.19047619,570,0.066666667,3,23,0,WR,53.70000026,12
2023,00-0038117,W.Robinson,NYG,72,55,440,1,200,240,2.777777778,8,6.111111111,4.363636364,455,0.158241758,9,87,1,WR,119.7000002,14
2023,00-0038124,C.Watson,GB,53,28,422,5,317,105,5.981132075,15.07142857,7.962264151,3.75,531,0.099811676,4,11,0,WR,101.3000019,9
2023,00-0038393,D.Wicks,GB,51,33,520,2,334,185,6.549019608,15.75757576,10.19607843,5.606060606,531,0.096045198,1,1,0,WR,97.6600012,12
2023,00-0038496,X.Gipson,NYJ,33,20,225,0,121,104,3.666666667,11.25,6.818181818,5.2,546,0.06043956,8,68,1,WR,55.3000012,12
2023,00-0038543,J.Smith-Njigba,SEA,88,60,614,4,257,357,2.920454545,10.23333333,6.977272727,5.95,522,0.168582375,0,0,0,WR,145.4000009,16
2023,00-0038544,Q.Johnston,LAC,62,36,414,2,279,135,4.5,11.5,6.677419355,3.75,570,0.10877193,2,3,0,WR,89.70000099,15
2023,00-0038559,Mi.Wilson,ARI,52,32,470,3,358,112,6.884615385,14.6875,9.038461538,3.5,517,0.100580271,0,0,0,WR,97.00000155,10
2023,00-0038621,D.Douglas,NE,73,47,548,0,222,326,3.04109589,11.65957447,7.506849315,6.936170213,513,0.142300195,7,41,0,WR,105.9000017,13
2023,00-0038938,J.Hyatt,NYG,38,22,368,0,320,48,8.421052632,16.72727273,9.684210526,2.181818182,455,0.083516484,0,0,0,WR,58.8000015,9
2023,00-0038941,T.Scott,CHI,30,16,156,0,86,70,2.866666667,9.75,5.2,4.375,464,0.064655172,7,41,0,WR,35.70000011,12
2023,00-0038976,M.Mims,DEN,32,21,361,1,221,140,6.90625,17.19047619,11.28125,6.666666667,448,0.071428571,8,29,0,WR,66.00000067,14
2023,00-0038977,N.Dell,HOU,68,42,659,6,513,146,7.544117647,15.69047619,9.691176471,3.476190476,543,0.125230203,10,39,0,WR,147.800001,9
2023,00-0038979,C.Tillman,CLE,38,18,181,0,120,61,3.157894737,10.05555556,4.763157895,3.388888889,574,0.066202091,1,8,0,WR,36.90000087,9
2023,00-0038994,J.Addison,MIN,100,66,854,9,598,256,5.98,12.93939394,8.54,3.878787879,564,0.177304965,1,2,0,WR,205.6000009,15
2023,00-0038997,J.Downs,IND,95,65,723,2,376,347,3.957894737,11.12307692,7.610526316,5.338461538,527,0.180265655,0,0,0,WR,149.3000007,16
2023,00-0039052,T.Palmer,TB,63,37,375,3,275,100,4.365079365,10.13513514,5.952380952,2.702702703,522,0.120689655,3,22,0,WR,94.70000041,16
2023,00-0039062,J.Mingo,CAR,85,43,418,0,263,155,3.094117647,9.720930233,4.917647059,3.604651163,517,0.164410058,0,0,0,WR,84.80000108,15
2023,00-0039064,Z.Flowers,BAL,109,77,858,5,471,387,4.321100917,11.14285714,7.871559633,5.025974026,451,0.241685144,8,56,1,WR,206.4000021,16
2023,00-0039067,R.Rice,KC,102,79,938,7,284,654,2.784313725,11.87341772,9.196078431,8.278481013,570,0.178947368,1,-3,0,WR,214.5000028,16
2023,00-0039075,P.Nacua,LAR,154,101,1445,5,822,630,5.337662338,14.30693069,9.383116883,6.237623762,0,0,12,89,0,WR,284.4000018,16
2023,00-0039146,J.Reed,GB,91,60,681,8,401,280,4.406593407,11.35,7.483516484,4.666666667,531,0.171374765,12,119,2,WR,202.0000008,15
2024,00-0030035,A.Thielen,CAR,56,43,571,5,430,141,7.678571429,13.27906977,10.19642857,3.279069767,484,0.115702479,0,0,0,WR,130.1000018,9
2024,00-0030279,K.Allen,CHI,120,67,719,7,480,239,4,10.73134328,5.991666667,3.567164179,512,0.234375,0,0,0,WR,180.9000021,14
2024,00-0030564,D.Hopkins,KC,80,56,618,5,501,117,6.2625,11.03571429,7.725,2.089285714,557,0.143626571,0,0,0,WR,147.8000017,16
2024,00-0031236,B.Cooks,DAL,45,23,244,3,194,50,4.311111111,10.60869565,5.422222222,2.173913043,592,0.076013514,2,2,0,WR,65.60000056,9
2024,00-0031381,D.Adams,NYJ,130,79,975,7,532,443,4.092307692,12.34177215,7.5,5.607594937,559,0.23255814,0,0,0,WR,220.5000018,13
2024,00-0031408,M.Evans,TB,96,65,915,11,699,216,7.28125,14.07692308,9.53125,3.323076923,534,0.179775281,0,0,0,WR,222.500002,13
2024,00-0031544,A.Cooper,CLE,85,44,547,5,436,111,5.129411765,12.43181818,6.435294118,2.522727273,608,0.139802632,0,0,0,WR,128.7000015,13
2024,00-0031588,S.Diggs,HOU,64,47,496,3,311,185,4.859375,10.55319149,7.75,3.936170213,519,0.123314066,3,8,1,WR,121.9200015,8
2024,00-0032211,T.Lockett,SEA,70,47,572,2,449,123,6.414285714,12.17021277,8.171428571,2.617021277,544,0.128676471,0,0,0,WR,116.2000014,15
2024,00-0032385,S.Shepard,TB,50,31,323,1,224,99,4.48,10.41935484,6.46,3.193548387,534,0.093632959,8,69,0,WR,78.20000161,12
2024,00-0032775,D.Robinson,LAR,59,28,433,7,379,54,6.423728814,15.46428571,7.338983051,1.928571429,0,0,0,0,0,WR,113.3000008,12
2024,00-0033009,T.Boyd,TEN,58,39,390,0,201,189,3.465517241,10,6.724137931,4.846153846,483,0.120082816,1,3,0,WR,78.30000037,15
2024,00-0033040,T.Hill,MIA,120,79,939,6,645,294,5.375,11.88607595,7.825,3.721518987,536,0.223880597,8,53,0,WR,214.200003,16
2024,00-0033282,C.Samuel,BUF,38,24,201,1,101,100,2.657894737,8.375,5.289473684,4.166666667,465,0.08172043,5,14,0,WR,51.50000036,11
2024,00-0033307,K.Bourne,NE,36,26,293,1,201,92,5.583333333,11.26923077,8.138888889,3.538461538,476,0.075630252,1,6,0,WR,61.90000105,10
2024,00-0033375,T.Patrick,DET,43,31,379,3,245,134,5.697674419,12.22580645,8.813953488,4.322580645,491,0.087576375,0,0,0,WR,88.90000105,12
2024,00-0033536,M.Williams,NYJ,34,20,273,1,238,35,7,13.65,8.029411765,1.75,559,0.060822898,0,0,0,WR,53.30000079,10
2024,00-0033555,M.Hollins,BUF,46,28,353,5,273,80,5.934782609,12.60714286,7.673913043,2.857142857,465,0.098924731,0,0,0,WR,93.30000138,13
2024,00-0033589,D.Moore,CAR,54,31,342,2,286,56,5.296296296,11.03225806,6.333333333,1.806451613,484,0.111570248,1,0,0,WR,77.20000148,12
2024,00-0033591,N.Brown,WAS,56,35,453,1,370,83,6.607142857,12.94285714,8.089285714,2.371428571,477,0.117400419,0,0,0,WR,86.30000114,11
2024,00-0033908,C.Kupp,LAR,100,67,710,6,441,269,4.41,10.59701493,7.1,4.014925373,0,0,2,10,0,WR,175.0000006,11
2024,00-0033921,C.Godwin,TB,62,50,576,5,226,350,3.64516129,11.52,9.290322581,7,534,0.116104869,1,2,0,WR,137.8000013,7
2024,00-0034272,M.Valdes-Scantling,NO,36,16,378,4,255,123,7.083333333,23.625,10.5,7.6875,482,0.074688797,1,4,0,WR,78.20000079,8
2024,00-0034348,C.Sutton,DEN,128,76,983,7,812,171,6.34375,12.93421053,7.6796875,2.25,521,0.245681382,0,0,0,WR,221.5000017,15
2024,00-0034407,R.McCloud,ATL,80,58,620,1,285,335,3.5625,10.68965517,7.75,5.775862069,503,0.159045726,10,79,0,WR,133.9000017,16
2024,00-0034521,A.Lazard,NYJ,58,34,459,5,329,130,5.672413793,13.5,7.913793103,3.823529412,559,0.103756708,0,0,0,WR,109.9000018,10
2024,00-0034775,C.Kirk,JAX,47,27,379,1,266,113,5.659574468,14.03703704,8.063829787,4.185185185,498,0.09437751,0,0,0,WR,70.90000105,8
2024,00-0034827,D.Moore,CHI,132,89,880,5,359,521,2.71969697,9.887640449,6.666666667,5.853932584,512,0.2578125,13,70,0,WR,216.0000021,16
2024,00-0034837,C.Ridley,TEN,115,61,941,4,739,202,6.426086957,15.42622951,8.182608696,3.31147541,483,0.238095238,6,58,1,WR,190.9000031,16
2024,00-0034960,J.Meyers,LV,120,78,904,3,626,278,5.216666667,11.58974359,7.533333333,3.564102564,560,0.214285714,2,23,0,WR,190.7000023,14
2024,00-0035208,O.Zaccheaus,WAS,59,43,455,3,179,276,3.033898305,10.58139535,7.711864407,6.418604651,477,0.123689727,1,8,0,WR,107.3000006,14
2024,00-0035216,Di.Johnson,CAR,38,21,243,2,197,46,5.184210526,11.57142857,6.394736842,2.19047619,484,0.078512397,2,6,0,WR,57.90000056,5
2024,00-0035406,L.Humphrey,DEN,43,29,267,1,80,187,1.860465116,9.206896552,6.209302326,6.448275862,521,0.082533589,0,0,0,WR,61.700001,10
2024,00-0035500,G.Dortch,ARI,46,33,295,1,43,252,0.934782609,8.939393939,6.413043478,7.636363636,491,0.093686354,4,24,0,WR,70.90000096,15
2024,00-0035535,D.Slayton,NYG,71,39,573,2,449,124,6.323943662,14.69230769,8.070422535,3.179487179,530,0.133962264,2,17,0,WR,110.0000002,14
2024,00-0035640,D.Metcalf,SEA,104,63,939,4,685,254,6.586538462,14.9047619,9.028846154,4.031746032,544,0.191176471,0,0,0,WR,180.9000026,14
2024,00-0035659,T.McLaurin,WAS,105,74,1034,12,755,279,7.19047619,13.97297297,9.847619048,3.77027027,477,0.220125786,2,2,0,WR,249.6000015,16
2024,00-0035676,A.Brown,PHI,97,67,1079,7,726,353,7.484536082,16.10447761,11.12371134,5.268656716,378,0.256613757,0,0,0,WR,216.9000027,13
2024,00-0035719,D.Samuel,SF,81,51,670,3,249,421,3.074074074,13.1372549,8.271604938,8.254901961,472,0.171610169,42,136,1,WR,155.6000016,14
2024,00-0036182,N.Westbrook-Ikhine,TEN,53,28,447,9,339,108,6.396226415,15.96428571,8.433962264,3.857142857,483,0.109730849,0,0,0,WR,126.7,12
2024,00-0036196,G.Davis,JAX,42,20,246,2,200,46,4.761904762,12.3,5.857142857,2.3,498,0.084337349,0,0,0,WR,56.60000098,9
2024,00-0036252,M.Pittman,IND,102,63,736,3,487,249,4.774509804,11.68253968,7.215686275,3.952380952,455,0.224175824,0,0,0,WR,154.6000016,15
2024,00-0036259,J.Jennings,SF,103,70,923,6,701,222,6.805825243,13.18571429,8.961165049,3.171428571,472,0.218220339,0,0,0,WR,198.3000028,14
2024,00-0036261,B.Aiyuk,SF,47,25,369,0,267,102,5.680851064,14.76,7.85106383,4.08,472,0.099576271,0,0,0,WR,61.90000129,7
2024,00-0036309,D.Mooney,ATL,106,64,992,5,717,275,6.764150943,15.5,9.358490566,4.296875,503,0.210735586,0,0,0,WR,193.2000031,15
2024,00-0036322,J.Jefferson,MIN,145,100,1479,10,1021,457,7.04137931,14.79,10.2,4.57,480,0.302083333,1,3,0,WR,309.0800034,16
2024,00-0036358,C.Lamb,DAL,154,101,1194,6,657,537,4.266233766,11.82178218,7.753246753,5.316831683,592,0.260135135,14,70,0,WR,265.4000026,15
2024,00-0036407,J.Jeudy,CLE,135,84,1166,4,833,333,6.17037037,13.88095238,8.637037037,3.964285714,608,0.222039474,0,0,0,WR,228.6000021,16
2024,00-0036410,T.Higgins,CIN,105,69,858,10,633,225,6.028571429,12.43478261,8.171428571,3.260869565,584,0.179794521,0,0,0,WR,214.8000029,11
2024,00-0036415,V.Jefferson,PIT,36,21,258,2,182,76,5.055555556,12.28571429,7.166666667,3.619047619,433,0.083140878,0,0,0,WR,58.80000091,11
2024,00-0036427,T.Johnson,LAR,34,22,256,0,102,154,3,11.63636364,7.529411765,7,0,0,0,0,0,WR,47.60000086,8
2024,00-0036550,R.Bateman,BAL,64,40,680,8,529,151,8.265625,17,10.625,3.775,428,0.14953271,0,0,0,WR,156.0000006,15
2024,00-0036554,N.Collins,HOU,94,63,968,6,620,348,6.595744681,15.36507937,10.29787234,5.523809524,519,0.181117534,0,0,0,WR,195.8000024,11
2024,00-0036613,J.Waddle,MIA,76,54,723,2,468,255,6.157894737,13.38888889,9.513157895,4.722222222,536,0.141791045,3,6,0,WR,142.9000018,13
2024,00-0036626,D.Brown,WAS,36,27,292,1,100,192,2.777777778,10.81481481,8.111111111,7.111111111,477,0.075471698,2,18,0,WR,64.00000039,14
2024,00-0036849,T.Atwell,LAR,54,37,525,0,405,120,7.5,14.18918919,9.722222222,3.243243243,0,0,3,7,0,WR,90.20000106,14
2024,00-0036900,J.Chase,CIN,161,117,1612,16,851,761,5.285714286,13.77777778,10.01242236,6.504273504,584,0.275684932,3,32,0,WR,377.400004,16
2024,00-0036912,D.Smith,PHI,90,68,833,8,534,299,5.933333333,12.25,9.255555556,4.397058824,378,0.238095238,1,1,0,WR,199.4000014,13
2024,00-0036963,A.St. Brown,DET,134,109,1186,14,791,395,5.902985075,10.88073394,8.850746269,3.623853211,491,0.272912424,2,6,0,WR,316.4800027,16
2024,00-0036980,E.Moore,CLE,97,58,502,1,381,121,3.927835052,8.655172414,5.175257732,2.086206897,608,0.159539474,1,1,0,WR,114.3000004,16
2024,00-0036988,J.Palmer,LAC,67,39,575,1,483,92,7.208955224,14.74358974,8.582089552,2.358974359,458,0.14628821,0,0,0,WR,106.5000013,15
2024,00-0037238,D.London,ATL,141,90,1084,7,794,290,5.631205674,12.04444444,7.687943262,3.222222222,503,0.280318091,1,-3,0,WR,240.1000032,16
2024,00-0037239,C.Olave,NO,44,32,400,1,279,121,6.340909091,12.5,9.090909091,3.78125,482,0.091286307,1,7,0,WR,78.70000154,8
2024,00-0037240,J.Williams,DET,55,34,621,4,311,310,5.654545455,18.26470588,11.29090909,9.117647059,491,0.112016293,8,56,0,WR,125.7000015,10
2024,00-0037247,G.Pickens,PIT,97,58,900,3,687,213,7.082474227,15.51724138,9.278350515,3.672413793,433,0.224018476,2,-6,0,WR,165.4000029,13
2024,00-0037261,K.Shakir,BUF,100,76,821,4,224,597,2.24,10.80263158,8.21,7.855263158,465,0.215053763,2,4,0,WR,182.5000025,15
2024,00-0037291,J.Nailor,MIN,38,25,361,6,275,86,7.236842105,14.44,9.5,3.44,480,0.079166667,3,-4,0,WR,96.70000207,13
2024,00-0037545,R.Shaheed,NO,41,20,349,3,243,106,5.926829268,17.45,8.512195122,5.3,482,0.085062241,6,29,0,WR,75.80000053,5
2024,00-0037614,J.Metchie,HOU,33,22,230,1,162,68,4.909090909,10.45454545,6.96969697,3.090909091,519,0.063583815,0,0,0,WR,51.00000042,8
2024,00-0037664,A.Pierce,IND,67,35,767,6,655,112,9.776119403,21.91428571,11.44776119,3.2,455,0.147252747,0,0,0,WR,147.7000012,13
2024,00-0037666,J.Tolbert,DAL,73,45,512,7,404,108,5.534246575,11.37777778,7.01369863,2.4,592,0.123310811,0,0,0,WR,138.200002,15
2024,00-0037740,G.Wilson,NYJ,149,97,1053,7,655,401,4.395973154,10.8556701,7.067114094,4.134020619,559,0.266547406,1,5,0,WR,246.8000019,16
2024,00-0037801,K.Turpin,DAL,47,28,367,2,142,225,3.021276596,13.10714286,7.808510638,8.035714286,592,0.079391892,15,87,0,WR,85.40000001,13
2024,00-0037816,R.Doubs,GB,73,46,601,4,466,135,6.383561644,13.06521739,8.232876712,2.934782609,442,0.165158371,0,0,0,WR,132.1000013,13
2024,00-0037837,C.Austin,PIT,57,36,548,4,396,152,6.947368421,15.22222222,9.614035088,4.222222222,433,0.131639723,0,0,0,WR,114.8000015,16
2024,00-0038117,W.Robinson,NYG,129,83,656,3,329,327,2.550387597,7.903614458,5.085271318,3.939759036,530,0.243396226,3,18,0,WR,168.3999999,16
2024,00-0038124,C.Watson,GB,53,29,620,2,471,149,8.886792453,21.37931034,11.69811321,5.137931034,442,0.119909502,4,23,0,WR,107.3000007,12
2024,00-0038393,D.Wicks,GB,70,34,366,5,238,128,3.4,10.76470588,5.228571429,3.764705882,442,0.158371041,0,0,0,WR,100.6,12
2024,00-0038543,J.Smith-Njigba,SEA,132,96,1121,6,656,465,4.96969697,11.67708333,8.492424242,4.84375,544,0.242647059,4,22,0,WR,247.700002,16
2024,00-0038544,Q.Johnston,LAC,77,42,525,8,273,252,3.545454545,12.5,6.818181818,6,458,0.168122271,3,6,0,WR,143.100002,13
2024,00-0038559,Mi.Wilson,ARI,71,47,548,4,418,130,5.887323944,11.65957447,7.718309859,2.765957447,491,0.144602851,1,7,0,WR,126.5000007,15
2024,00-0038563,T.Tucker,LV,77,44,515,3,311,204,4.038961039,11.70454545,6.688311688,4.636363636,560,0.1375,9,44,1,WR,123.9000015,15
2024,00-0038606,P.Washington,JAX,49,30,375,2,273,102,5.571428571,12.5,7.653061224,3.4,498,0.098393574,0,0,0,WR,81.50000036,10
2024,00-0038608,K.Boutte,NE,62,36,472,2,354,118,5.709677419,13.11111111,7.612903226,3.277777778,476,0.130252101,0,0,0,WR,97.20000184,14
2024,00-0038619,A.Iosivas,CIN,58,34,467,6,407,60,7.017241379,13.73529412,8.051724138,1.764705882,584,0.099315068,0,0,0,WR,116.7000014,14
2024,00-0038621,D.Douglas,NE,83,63,587,3,234,353,2.819277108,9.317460317,7.072289157,5.603174603,476,0.174369748,3,16,0,WR,141.3000019,15
2024,00-0038640,J.Brooks,DAL,30,12,177,1,140,37,4.666666667,14.75,5.9,3.083333333,592,0.050675676,0,0,0,WR,35.69999993,11
2024,00-0038976,M.Mims,DEN,48,34,450,4,44,406,0.916666667,13.23529412,9.375,11.94117647,521,0.092130518,13,42,0,WR,107.1999991,13
2024,00-0038977,T.Dell,HOU,81,51,667,3,503,164,6.209876543,13.07843137,8.234567901,3.215686275,519,0.156069364,9,43,0,WR,140.0000011,13
2024,00-0038979,C.Tillman,CLE,51,29,339,3,235,104,4.607843137,11.68965517,6.647058824,3.586206897,608,0.083881579,1,-5,0,WR,82.40000045,9
2024,00-0038994,J.Addison,MIN,94,62,875,9,664,211,7.063829787,14.11290323,9.308510638,3.403225806,480,0.195833333,3,20,1,WR,211.5000023,14
2024,00-0038997,J.Downs,IND,94,62,709,5,370,339,3.936170213,11.43548387,7.542553191,5.467741935,455,0.206593407,1,-1,0,WR,162.8000013,13
2024,00-0039062,J.Mingo,CAR,40,15,143,0,76,67,1.9,9.533333333,3.575,4.466666667,484,0.082644628,2,5,0,WR,29.80000015,9
2024,00-0039064,Z.Flowers,BAL,115,73,1047,4,598,449,5.2,14.34246575,9.104347826,6.150684932,428,0.268691589,8,47,0,WR,206.4000026,16
2024,00-0039075,P.Nacua,LAR,107,79,990,3,472,518,4.411214953,12.53164557,9.252336449,6.556962025,0,0,11,46,1,WR,206.6000018,11
2024,00-0039146,J.Reed,GB,73,53,809,6,429,380,5.876712329,15.26415094,11.08219178,7.169811321,442,0.165158371,17,160,1,WR,191.9000019,15
2024,00-0039337,M.Nabers,NYG,164,104,1140,6,711,429,4.335365854,10.96153846,6.951219512,4.125,530,0.309433962,5,2,0,WR,256.2000025,14
2024,00-0039342,X.Legette,CAR,80,46,467,4,369,98,4.6125,10.15217391,5.8375,2.130434783,484,0.165289256,6,24,0,WR,119.1000015,14
2024,00-0039424,D.Vele,DEN,51,37,425,2,301,124,5.901960784,11.48648649,8.333333333,3.351351351,521,0.097888676,0,0,0,WR,91.49999976,11
2024,00-0039491,J.Coker,CAR,39,25,416,2,266,150,6.820512821,16.64,10.66666667,6,484,0.080578512,0,0,0,WR,78.60000122,9
2024,00-0039849,M.Harrison,ARI,110,57,822,7,682,140,6.2,14.42105263,7.472727273,2.456140351,491,0.224032587,0,0,0,WR,181.2000015,15
2024,00-0039855,J.McMillan,TB,52,32,387,7,261,126,5.019230769,12.09375,7.442307692,3.9375,534,0.097378277,3,37,0,WR,116.4000013,11
2024,00-0039868,T.Franklin,DEN,51,26,251,2,107,144,2.098039216,9.653846154,4.921568627,5.538461538,521,0.097888676,2,8,0,WR,63.90000039,14
2024,00-0039880,M.Washington,MIA,31,22,175,0,75,100,2.419354839,7.954545455,5.64516129,4.545454545,536,0.057835821,5,25,1,WR,48.00000085,10
2024,00-0039890,A.Mitchell,IND,54,23,312,0,211,101,3.907407407,13.56521739,5.777777778,4.391304348,455,0.118681319,4,6,0,WR,55.76000182,14
2024,00-0039893,B.Thomas,JAX,124,80,1179,10,643,536,5.185483871,14.7375,9.508064516,6.7,498,0.248995984,6,48,0,WR,266.7000019,16
2024,00-0039894,X.Worthy,KC,99,59,638,6,231,407,2.333333333,10.81355932,6.444444444,6.898305085,557,0.177737882,20,104,3,WR,187.2000023,16
2024,00-0039901,K.Coleman,BUF,48,27,525,4,313,212,6.520833333,19.44444444,10.9375,7.851851852,465,0.103225806,0,0,0,WR,105.4999998,11
2024,00-0039907,J.Polk,NE,34,12,87,2,74,13,2.176470588,7.25,2.558823529,1.083333333,476,0.071428571,1,0,0,WR,32.70000041,8
2024,00-0039915,L.McConkey,LAC,104,77,1060,7,707,353,6.798076923,13.76623377,10.19230769,4.584415584,458,0.227074236,0,0,0,WR,225.0000015,15
2024,00-0039916,R.Pearsall,SF,39,25,331,2,231,100,5.923076923,13.24,8.487179487,4,472,0.082627119,3,45,0,WR,74.60000132,7
2024,00-0039919,R.Odunze,CHI,99,52,716,3,467,249,4.717171717,13.76923077,7.232323232,4.788461538,512,0.193359375,3,15,0,WR,143.1000006,16
